variable;frequency;categoria;pipeline_id;pipeline;n_steps;n_obs;ADF;KPSS;Phillips-Perron;DFGLS;n_stationary;is_stationary;applicable;cv_var;iqr_ratio
pim_industria_extrativa;Monthly;Mensal;0;nível;0;293;True;False;False;False;1;False;True;0.8135880138861599;1.555351623417489
pim_industria_extrativa;Monthly;Mensal;1;diff;1;292;True;True;True;True;4;True;True;0.6319343852956192;1.1704121428780319
pim_industria_extrativa;Monthly;Mensal;2;log;1;293;True;False;False;False;1;False;True;0.7931517173194884;1.7599082917298123
pim_industria_extrativa;Monthly;Mensal;3;log→diff;3;292;True;True;True;True;4;True;True;0.624416006186392;1.0443620130075362
pim_industria_extrativa;Monthly;Mensal;4;boxcox;1;293;False;False;False;False;0;False;True;0.9757157817293451;2.6657253457384353
pim_industria_extrativa;Monthly;Mensal;5;boxcox→diff;2;292;True;True;True;True;4;True;True;0.7148376343430001;1.5119064076329927
pim_industria_extrativa;Monthly;Mensal;6;yeojohnson;1;293;False;False;False;False;0;False;True;0.9759638617865837;2.6664905551554225
pim_industria_extrativa;Monthly;Mensal;7;yeojohnson→diff;2;292;True;True;True;True;4;True;True;0.7149253630841139;1.5123602832370155
pim_industria_extrativa;Monthly;Anual;8;sdiff12;1;281;True;True;True;True;4;True;True;0.948880552784033;1.3562173064324576
pim_industria_extrativa;Monthly;Anual;9;sdiff12→diff;2;280;True;True;True;True;4;True;True;0.5446162405253153;0.8745198155595265
pim_industria_extrativa;Monthly;Anual;10;log→sdiff12;3;281;True;True;True;True;4;True;True;0.928046572686309;1.2660929565186025
pim_industria_extrativa;Monthly;Anual;11;log→sdiff12→diff;4;280;True;True;True;True;4;True;True;0.5509445298535852;0.9312395041989237
pim_industria_extrativa;Monthly;Anual;12;boxcox→sdiff12→diff;3;280;True;True;True;True;4;True;True;0.5664958570051595;0.8890891237357865
pim_industria_extrativa;Monthly;Mensal;13;mom_pct;1;292;True;True;True;True;4;True;True;0.5977211406981735;1.0799347982023495
pim_industria_extrativa;Monthly;Anual;14;mom_pct_annual_rate;1;292;True;True;True;True;4;True;True;0.5977211406981735;1.0799347982023495
pim_industria_extrativa;Monthly;Anual;15;yoy_pct_monthly;1;281;True;True;True;True;4;True;True;0.9075880886653233;1.0472908464147983
pim_industria_transformacao;Monthly;Mensal;0;nível;0;293;False;False;False;False;0;False;True;1.146701184849866;2.720480698545414
pim_industria_transformacao;Monthly;Mensal;1;diff;1;292;True;True;True;True;4;True;True;1.3900813867735458;3.44829219252404
pim_industria_transformacao;Monthly;Mensal;2;log;1;293;True;False;False;False;1;False;True;1.3140985022566714;2.46779769743325
pim_industria_transformacao;Monthly;Mensal;3;log→diff;3;292;True;True;True;True;4;True;True;1.691339464795028;4.012225944927995
pim_industria_transformacao;Monthly;Mensal;4;boxcox;1;293;True;False;False;False;1;False;True;1.2627542583389535;2.4498765604678674
pim_industria_transformacao;Monthly;Mensal;5;boxcox→diff;2;292;True;True;True;True;4;True;True;1.6129313550903823;4.058223929748244
pim_industria_transformacao;Monthly;Mensal;6;yeojohnson;1;293;True;False;False;False;1;False;True;1.262812084264519;2.4506194824403376
pim_industria_transformacao;Monthly;Mensal;7;yeojohnson→diff;2;292;True;True;True;True;4;True;True;1.6129735085284818;4.0577719150907825
pim_industria_transformacao;Monthly;Anual;8;sdiff12;1;281;True;True;True;True;4;True;True;1.17560157829513;2.279255677614476
pim_industria_transformacao;Monthly;Anual;9;sdiff12→diff;2;280;True;True;True;True;4;True;True;1.1948752034860204;2.4331176104178627
pim_industria_transformacao;Monthly;Anual;10;log→sdiff12;3;281;True;True;True;True;4;True;True;1.2507593505928194;2.084572392285609
pim_industria_transformacao;Monthly;Anual;11;log→sdiff12→diff;4;280;True;True;True;True;4;True;True;1.455727615094681;3.4642445578349648
pim_industria_transformacao;Monthly;Anual;12;boxcox→sdiff12→diff;3;280;True;True;True;True;4;True;True;1.3882978313342897;3.2451242634023263
pim_industria_transformacao;Monthly;Mensal;13;mom_pct;1;292;True;True;True;True;4;True;True;1.619954669955466;3.5738784739128966
pim_industria_transformacao;Monthly;Anual;14;mom_pct_annual_rate;1;292;True;True;True;True;4;True;True;1.619954669955466;3.5738784739128966
pim_industria_transformacao;Monthly;Anual;15;yoy_pct_monthly;1;281;True;True;True;True;4;True;True;1.2614937833270783;2.6490741411254413
pim_bens_capital;Monthly;Mensal;0;nível;0;293;False;True;False;False;1;False;True;0.9732163637466098;2.199522970888492
pim_bens_capital;Monthly;Mensal;1;diff;1;292;True;True;True;True;4;True;True;0.777912272303076;2.1017830994984066
pim_bens_capital;Monthly;Mensal;2;log;1;293;False;True;False;False;1;False;True;1.0850696972651472;2.028070908023764
pim_bens_capital;Monthly;Mensal;3;log→diff;3;292;True;True;True;True;4;True;True;0.98281695873997;1.1670994491316147
pim_bens_capital;Monthly;Mensal;4;boxcox;1;293;False;True;False;False;1;False;True;1.0087754081023945;2.0062687168582616
pim_bens_capital;Monthly;Mensal;5;boxcox→diff;2;292;True;True;True;True;4;True;True;0.8241110567816544;1.3771067523688032
pim_bens_capital;Monthly;Mensal;6;yeojohnson;1;293;False;True;False;False;1;False;True;1.0086888554800426;2.006421022887782
pim_bens_capital;Monthly;Mensal;7;yeojohnson→diff;2;292;True;True;True;True;4;True;True;0.8237140195754215;1.3776726542304594
pim_bens_capital;Monthly;Anual;8;sdiff12;1;281;True;True;True;True;4;True;True;0.923921131142801;1.5967466919645803
pim_bens_capital;Monthly;Anual;9;sdiff12→diff;2;280;True;True;True;True;4;True;True;0.6940705269537698;1.053622228004078
pim_bens_capital;Monthly;Anual;10;log→sdiff12;3;281;True;True;True;True;4;True;True;1.0211366395669579;1.7946616128393797
pim_bens_capital;Monthly;Anual;11;log→sdiff12→diff;4;280;True;True;True;True;4;True;True;1.0044371051223253;1.1873987434478819
pim_bens_capital;Monthly;Anual;12;boxcox→sdiff12→diff;3;280;True;True;True;True;4;True;True;0.8108145785405024;1.4562439938725806
pim_bens_capital;Monthly;Mensal;13;mom_pct;1;292;True;True;True;True;4;True;True;0.8951825244406563;1.2712147378839658
pim_bens_capital;Monthly;Anual;14;mom_pct_annual_rate;1;292;True;True;True;True;4;True;True;0.8951825244406563;1.2712147378839658
pim_bens_capital;Monthly;Anual;15;yoy_pct_monthly;1;281;True;True;True;True;4;True;True;1.202743344510396;1.2468202037804006
pim_bens_intermediarios;Monthly;Mensal;0;nível;0;293;False;False;False;False;0;False;True;1.2442096946941426;2.5525133152529214
pim_bens_intermediarios;Monthly;Mensal;1;diff;1;292;True;True;True;True;4;True;True;1.0275443452565802;2.2752573760478723
pim_bens_intermediarios;Monthly;Mensal;2;log;1;293;True;False;False;False;1;False;True;1.2361056027680526;2.8882349074572753
pim_bens_intermediarios;Monthly;Mensal;3;log→diff;3;292;True;True;True;True;4;True;True;1.1944336565783504;3.3353099206061954
pim_bens_intermediarios;Monthly;Mensal;4;boxcox;1;293;True;False;False;False;1;False;True;1.2358198013663082;2.8910872343092953
pim_bens_intermediarios;Monthly;Mensal;5;boxcox→diff;2;292;True;True;True;True;4;True;True;1.188003365154979;3.294385851483324
pim_bens_intermediarios;Monthly;Mensal;6;yeojohnson;1;293;True;False;False;False;1;False;True;1.2358092215592902;2.891102628567386
pim_bens_intermediarios;Monthly;Mensal;7;yeojohnson→diff;2;292;True;True;True;True;4;True;True;1.1879100856478464;3.294234626511818
pim_bens_intermediarios;Monthly;Anual;8;sdiff12;1;281;True;True;True;True;4;True;True;1.4960701185121486;2.4743628513480442
pim_bens_intermediarios;Monthly;Anual;9;sdiff12→diff;2;280;True;True;True;True;4;True;True;0.904768860592775;2.205313339221023
pim_bens_intermediarios;Monthly;Anual;10;log→sdiff12;3;281;True;True;True;True;4;True;True;1.4210277013411647;2.816387577782964
pim_bens_intermediarios;Monthly;Anual;11;log→sdiff12→diff;4;280;True;True;True;True;4;True;True;1.0224558816771343;2.4887583842809344
pim_bens_intermediarios;Monthly;Anual;12;boxcox→sdiff12→diff;3;280;True;True;True;True;4;True;True;1.017674162791705;2.4739726142039844
pim_bens_intermediarios;Monthly;Mensal;13;mom_pct;1;292;True;True;True;True;4;True;True;1.1690203010897255;3.4852966502696856
pim_bens_intermediarios;Monthly;Anual;14;mom_pct_annual_rate;1;292;True;True;True;True;4;True;True;1.1690203010897255;3.4852966502696856
pim_bens_intermediarios;Monthly;Anual;15;yoy_pct_monthly;1;281;True;True;True;True;4;True;True;1.4137274324676503;2.557213690612613
pim_bens_consumo;Monthly;Mensal;0;nível;0;293;False;False;False;False;0;False;True;1.2892499318781239;1.5432761986349997
pim_bens_consumo;Monthly;Mensal;1;diff;1;292;True;True;True;True;4;True;True;1.3222761495341964;1.0935001533348037
pim_bens_consumo;Monthly;Mensal;2;log;1;293;False;False;True;False;1;False;True;1.5454036120857493;1.4807250646708523
pim_bens_consumo;Monthly;Mensal;3;log→diff;3;292;True;True;True;True;4;True;True;1.6034213794128973;0.9305111648247638
pim_bens_consumo;Monthly;Mensal;4;boxcox;1;293;False;False;False;False;0;False;True;1.1660833944887565;1.493726307147901
pim_bens_consumo;Monthly;Mensal;5;boxcox→diff;2;292;True;True;True;True;4;True;True;1.1868437675532844;1.210944888365945
pim_bens_consumo;Monthly;Mensal;6;yeojohnson;1;293;False;False;False;False;0;False;True;1.1660896223265842;1.4935880495340161
pim_bens_consumo;Monthly;Mensal;7;yeojohnson→diff;2;292;True;True;True;True;4;True;True;1.186850728223988;1.2110951244033459
pim_bens_consumo;Monthly;Anual;8;sdiff12;1;281;True;True;True;True;4;True;True;1.145553212325637;1.1429873104781143
pim_bens_consumo;Monthly;Anual;9;sdiff12→diff;2;280;True;True;True;False;3;True;True;1.1533292682815357;1.0658906106765318
pim_bens_consumo;Monthly;Anual;10;log→sdiff12;3;281;True;True;True;True;4;True;True;1.384612732880774;1.2318564314483638
pim_bens_consumo;Monthly;Anual;11;log→sdiff12→diff;4;280;True;True;True;False;3;True;True;1.412075013958255;0.8669054760103028
pim_bens_consumo;Monthly;Anual;12;boxcox→sdiff12→diff;3;280;True;True;True;True;4;True;True;1.0246886226924707;1.2051289619070678
pim_bens_consumo;Monthly;Mensal;13;mom_pct;1;292;True;True;True;True;4;True;True;1.5262948642536414;0.8819476929413884
pim_bens_consumo;Monthly;Anual;14;mom_pct_annual_rate;1;292;True;True;True;True;4;True;True;1.5262948642536414;0.8819476929413884
pim_bens_consumo;Monthly;Anual;15;yoy_pct_monthly;1;281;True;True;True;True;4;True;True;1.3248246634365315;1.2719549550195834
pim_bens_duraveis;Monthly;Mensal;0;nível;0;293;False;False;True;False;1;False;True;1.251987483136879;1.813389692162661
pim_bens_duraveis;Monthly;Mensal;1;diff;1;292;True;True;True;True;4;True;True;1.332147399471712;1.901886606341192
pim_bens_duraveis;Monthly;Mensal;2;log;1;293;True;False;True;False;2;False;True;2.197503639138378;1.8726172750419914
pim_bens_duraveis;Monthly;Mensal;3;log→diff;3;292;True;True;True;True;4;True;True;2.497827839300332;1.7083981609591992
pim_bens_duraveis;Monthly;Mensal;4;boxcox;1;293;False;False;True;False;1;False;True;1.1353958189108502;1.7509415268254165
pim_bens_duraveis;Monthly;Mensal;5;boxcox→diff;2;292;True;True;True;True;4;True;True;1.1566133724396903;2.029779025935317
pim_bens_duraveis;Monthly;Mensal;6;yeojohnson;1;293;False;False;True;False;1;False;True;1.1357844223674025;1.750922166725434
pim_bens_duraveis;Monthly;Mensal;7;yeojohnson→diff;2;292;True;True;True;True;4;True;True;1.1573711253094643;2.0297717496531797
pim_bens_duraveis;Monthly;Anual;8;sdiff12;1;281;True;True;True;True;4;True;True;1.1523458648214409;1.8887573873626318
pim_bens_duraveis;Monthly;Anual;9;sdiff12→diff;2;280;True;True;True;False;3;True;True;1.1992007285436967;1.2925322178377343
pim_bens_duraveis;Monthly;Anual;10;log→sdiff12;3;281;True;True;True;True;4;True;True;1.9449112842028207;1.7216901384852148
pim_bens_duraveis;Monthly;Anual;11;log→sdiff12→diff;4;280;True;True;True;False;3;True;True;2.135913014431786;1.2669737812237245
pim_bens_duraveis;Monthly;Anual;12;boxcox→sdiff12→diff;3;280;True;True;True;False;3;True;True;1.045068083450146;1.322437754294885
pim_bens_duraveis;Monthly;Mensal;13;mom_pct;1;292;True;True;True;True;4;True;True;2.2837773360803615;2.1531597878356625
pim_bens_duraveis;Monthly;Anual;14;mom_pct_annual_rate;1;292;True;True;True;True;4;True;True;2.2837773360803615;2.1531597878356625
pim_bens_duraveis;Monthly;Anual;15;yoy_pct_monthly;1;281;True;True;True;True;4;True;True;2.6232583134623186;1.8074875401067243
pim_bens_semi_e_nao_duraveis;Monthly;Mensal;0;nível;0;293;False;False;True;False;1;False;True;1.0671014046213512;1.3776807593386824
pim_bens_semi_e_nao_duraveis;Monthly;Mensal;1;diff;1;292;True;True;True;True;4;True;True;1.051373170859181;0.9559752903666628
pim_bens_semi_e_nao_duraveis;Monthly;Mensal;2;log;1;293;False;False;True;False;1;False;True;1.1847451540100655;1.2077991350845976
pim_bens_semi_e_nao_duraveis;Monthly;Mensal;3;log→diff;3;292;True;True;True;True;4;True;True;1.149097858608378;1.1307299216468674
pim_bens_semi_e_nao_duraveis;Monthly;Mensal;4;boxcox;1;293;False;False;True;False;1;False;True;0.925302263072332;1.2164608490445121
pim_bens_semi_e_nao_duraveis;Monthly;Mensal;5;boxcox→diff;2;292;True;True;True;True;4;True;True;0.9196505222301963;0.7361550410262478
pim_bens_semi_e_nao_duraveis;Monthly;Mensal;6;yeojohnson;1;293;False;False;True;False;1;False;True;0.9252792681880954;1.2163363506942273
pim_bens_semi_e_nao_duraveis;Monthly;Mensal;7;yeojohnson→diff;2;292;True;True;True;True;4;True;True;0.9195930747922227;0.7358508806866563
pim_bens_semi_e_nao_duraveis;Monthly;Anual;8;sdiff12;1;281;True;True;True;True;4;True;True;0.8848519350153645;0.9769668000894002
pim_bens_semi_e_nao_duraveis;Monthly;Anual;9;sdiff12→diff;2;280;True;True;True;False;3;True;True;0.857051727214432;0.533015492035786
pim_bens_semi_e_nao_duraveis;Monthly;Anual;10;log→sdiff12;3;281;True;True;True;True;4;True;True;1.0062918318971068;0.9798727670309678
pim_bens_semi_e_nao_duraveis;Monthly;Anual;11;log→sdiff12→diff;4;280;True;True;True;False;3;True;True;0.967203501843963;0.603641590611945
pim_bens_semi_e_nao_duraveis;Monthly;Anual;12;boxcox→sdiff12→diff;3;280;True;True;True;False;3;True;True;0.7132090367380503;0.5882336352553945
pim_bens_semi_e_nao_duraveis;Monthly;Mensal;13;mom_pct;1;292;True;True;True;True;4;True;True;1.1351659787915238;1.1176285628895215
pim_bens_semi_e_nao_duraveis;Monthly;Anual;14;mom_pct_annual_rate;1;292;True;True;True;True;4;True;True;1.1351659787915238;1.1176285628895215
pim_bens_semi_e_nao_duraveis;Monthly;Anual;15;yoy_pct_monthly;1;281;True;True;True;True;4;True;True;0.9399876630347459;0.9603218284902513
pim_insumo_constr_civil;Monthly;Mensal;0;nível;0;173;False;False;False;False;0;False;True;1.1025831912311526;4.263936690333548
pim_insumo_constr_civil;Monthly;Mensal;1;diff;1;172;True;True;True;True;4;True;True;0.9399268091964649;1.273140929670662
pim_insumo_constr_civil;Monthly;Mensal;2;log;1;173;False;False;False;False;0;False;True;1.2348440727505372;3.737205356995542
pim_insumo_constr_civil;Monthly;Mensal;3;log→diff;3;172;True;True;True;True;4;True;True;1.2932370612957906;2.5769105713112204
pim_insumo_constr_civil;Monthly;Mensal;4;boxcox;1;173;True;False;False;False;1;False;True;1.4943469916603536;2.4350078698315136
pim_insumo_constr_civil;Monthly;Mensal;5;boxcox→diff;2;172;True;True;True;True;4;True;True;1.6561446462128229;4.042114928816891
pim_insumo_constr_civil;Monthly;Mensal;6;yeojohnson;1;173;True;False;False;False;1;False;True;1.4943500513479282;2.4330865102396895
pim_insumo_constr_civil;Monthly;Mensal;7;yeojohnson→diff;2;172;True;True;True;True;4;True;True;1.6558703701870177;4.045223305519269
pim_insumo_constr_civil;Monthly;Anual;8;sdiff12;1;161;False;True;True;False;2;False;True;1.0857395382119388;0.9009743521273008
pim_insumo_constr_civil;Monthly;Anual;9;sdiff12→diff;2;160;True;True;True;False;3;True;True;0.7356928106828867;1.1337800061772711
pim_insumo_constr_civil;Monthly;Anual;10;log→sdiff12;3;161;False;True;True;False;2;False;True;1.2669617597094633;0.9829437819737203
pim_insumo_constr_civil;Monthly;Anual;11;log→sdiff12→diff;4;160;True;True;True;False;3;True;True;1.0306839370806375;1.6354357607695484
pim_insumo_constr_civil;Monthly;Anual;12;boxcox→sdiff12→diff;3;160;True;True;True;False;3;True;True;1.3422693647873438;3.3419594251564604
pim_insumo_constr_civil;Monthly;Mensal;13;mom_pct;1;172;True;True;True;True;4;True;True;1.242830843489609;2.610416737206887
pim_insumo_constr_civil;Monthly;Anual;14;mom_pct_annual_rate;1;172;True;True;True;True;4;True;True;1.242830843489609;2.610416737206887
pim_insumo_constr_civil;Monthly;Anual;15;yoy_pct_monthly;1;161;False;True;True;True;3;True;True;1.4432652040772371;0.8553671520382208
cons_energ_comercial;Monthly;Mensal;0;nível;0;365;False;False;False;False;0;False;True;1.135759462851856;1.574107523823663
cons_energ_comercial;Monthly;Mensal;1;diff;1;364;True;True;True;False;3;True;True;1.1219733599373267;1.1418898201193148
cons_energ_comercial;Monthly;Mensal;2;log;1;365;False;False;False;False;0;False;True;1.0038726545990995;0.8739315493062088
cons_energ_comercial;Monthly;Mensal;3;log→diff;3;364;True;True;True;False;3;True;True;0.9234138452849399;0.892829859752857
cons_energ_comercial;Monthly;Mensal;4;boxcox;1;365;False;False;False;False;0;False;True;1.0664857140654205;1.2866921869948804
cons_energ_comercial;Monthly;Mensal;5;boxcox→diff;2;364;True;True;True;False;3;True;True;1.0662295391723622;1.075325089450665
cons_energ_comercial;Monthly;Mensal;6;yeojohnson;1;365;False;False;False;False;0;False;True;1.0665065943313123;1.286776123804278
cons_energ_comercial;Monthly;Mensal;7;yeojohnson→diff;2;364;True;True;True;False;3;True;True;1.066248569747633;1.0754716186242634
cons_energ_comercial;Monthly;Anual;8;sdiff12;1;353;True;True;True;True;4;True;True;1.4989126969615676;1.9353437692538764
cons_energ_comercial;Monthly;Anual;9;sdiff12→diff;2;352;True;True;True;False;3;True;True;0.8352282990087023;0.8267549744934365
cons_energ_comercial;Monthly;Anual;10;log→sdiff12;3;353;True;True;True;False;3;True;True;1.6277882796825998;1.2604073415925832
cons_energ_comercial;Monthly;Anual;11;log→sdiff12→diff;4;352;True;True;True;False;3;True;True;0.7010258442117288;1.244985906387315
cons_energ_comercial;Monthly;Anual;12;boxcox→sdiff12→diff;3;352;True;True;True;True;4;True;True;0.7724690453610352;0.7338640279358672
cons_energ_comercial;Monthly;Mensal;13;mom_pct;1;364;True;True;True;False;3;True;True;0.8602257687434878;0.834692871517345
cons_energ_comercial;Monthly;Anual;14;mom_pct_annual_rate;1;364;True;True;True;False;3;True;True;0.8602257687434878;0.834692871517345
cons_energ_comercial;Monthly;Anual;15;yoy_pct_monthly;1;353;True;True;True;False;3;True;True;1.5532572398035347;1.1917744348810118
cons_energ_residencial;Monthly;Mensal;0;nível;0;365;False;False;False;False;0;False;True;1.143676150743114;1.1462379600209442
cons_energ_residencial;Monthly;Mensal;1;diff;1;364;True;True;True;False;3;True;True;0.8962792362699166;1.9478736180684764
cons_energ_residencial;Monthly;Mensal;2;log;1;365;False;False;False;False;0;False;True;1.620854587034456;0.9714423420785829
cons_energ_residencial;Monthly;Mensal;3;log→diff;3;364;True;True;True;False;3;True;True;0.6171739962923364;0.9085980887184923
cons_energ_residencial;Monthly;Mensal;4;boxcox;1;365;False;False;False;False;0;False;True;1.697925262443725;0.9421241693185457
cons_energ_residencial;Monthly;Mensal;5;boxcox→diff;2;364;True;True;True;False;3;True;True;0.6379890777271042;0.7948486804222747
cons_energ_residencial;Monthly;Mensal;6;yeojohnson;1;365;False;False;False;False;0;False;True;1.6978902529712259;0.9421464379204778
cons_energ_residencial;Monthly;Mensal;7;yeojohnson→diff;2;364;True;True;True;False;3;True;True;0.6379737564657326;0.7948711808778566
cons_energ_residencial;Monthly;Anual;8;sdiff12;1;353;True;True;True;True;4;True;True;1.4142615293938228;1.7153205221490193
cons_energ_residencial;Monthly;Anual;9;sdiff12→diff;2;352;True;True;True;False;3;True;True;0.6554775504703915;1.4664897959300767
cons_energ_residencial;Monthly;Anual;10;log→sdiff12;3;353;True;True;True;False;3;True;True;2.2453506675564965;1.236790279749657
cons_energ_residencial;Monthly;Anual;11;log→sdiff12→diff;4;352;True;True;True;False;3;True;True;0.49324047887824946;0.6520869974996975
cons_energ_residencial;Monthly;Anual;12;boxcox→sdiff12→diff;3;352;True;True;True;False;3;True;True;0.5302599691362299;0.5594898400507011
cons_energ_residencial;Monthly;Mensal;13;mom_pct;1;364;True;True;True;False;3;True;True;0.5878496637184768;0.9198318836380965
cons_energ_residencial;Monthly;Anual;14;mom_pct_annual_rate;1;364;True;True;True;False;3;True;True;0.5878496637184768;0.9198318836380965
cons_energ_residencial;Monthly;Anual;15;yoy_pct_monthly;1;353;True;True;True;False;3;True;True;2.0944997787821302;1.174866764700032
cons_energ_industrial;Monthly;Mensal;0;nível;0;365;False;False;False;False;0;False;True;1.1684880308915029;3.0673189819715994
cons_energ_industrial;Monthly;Mensal;1;diff;1;364;True;True;True;True;4;True;True;1.0316755686721844;1.7334180407227209
cons_energ_industrial;Monthly;Mensal;2;log;1;365;False;False;False;False;0;False;True;1.260313646762158;3.0840516037349173
cons_energ_industrial;Monthly;Mensal;3;log→diff;3;364;True;True;True;True;4;True;True;1.0745747493226911;1.2030425971234453
cons_energ_industrial;Monthly;Mensal;4;boxcox;1;365;False;False;False;False;0;False;True;1.1334103139830718;2.241118414261515
cons_energ_industrial;Monthly;Mensal;5;boxcox→diff;2;364;True;True;True;True;4;True;True;1.058721327228585;0.9832274209601538
cons_energ_industrial;Monthly;Mensal;6;yeojohnson;1;365;False;False;False;False;0;False;True;1.133409012606822;2.2411126602224685
cons_energ_industrial;Monthly;Mensal;7;yeojohnson→diff;2;364;True;True;True;True;4;True;True;1.0587193681486304;0.9832309605349592
cons_energ_industrial;Monthly;Anual;8;sdiff12;1;353;True;True;True;True;4;True;True;1.0724073437362835;3.995190960807662
cons_energ_industrial;Monthly;Anual;9;sdiff12→diff;2;352;True;True;True;True;4;True;True;0.8282370195558315;1.2292884645895799
cons_energ_industrial;Monthly;Anual;10;log→sdiff12;3;353;True;True;True;True;4;True;True;1.131434152586883;4.928053351029813
cons_energ_industrial;Monthly;Anual;11;log→sdiff12→diff;4;352;True;True;True;True;4;True;True;0.8570804334867133;1.3757694133754874
cons_energ_industrial;Monthly;Anual;12;boxcox→sdiff12→diff;3;352;True;True;True;True;4;True;True;0.882769734566355;1.12160446888312
cons_energ_industrial;Monthly;Mensal;13;mom_pct;1;364;True;True;True;True;4;True;True;1.0164152475653554;1.2872842792269519
cons_energ_industrial;Monthly;Anual;14;mom_pct_annual_rate;1;364;True;True;True;True;4;True;True;1.0164152475653554;1.2872842792269519
cons_energ_industrial;Monthly;Anual;15;yoy_pct_monthly;1;353;True;True;True;True;4;True;True;1.122956205766002;5.33058295433518
cons_energ_outros;Monthly;Mensal;0;nível;0;365;False;False;False;False;0;False;True;0.6929772106167712;1.221541813837011
cons_energ_outros;Monthly;Mensal;1;diff;1;364;True;True;True;False;3;True;True;0.7333469639729838;1.403533426114133
cons_energ_outros;Monthly;Mensal;2;log;1;365;False;False;False;False;0;False;True;1.0719244234364511;0.7995671833989657
cons_energ_outros;Monthly;Mensal;3;log→diff;3;364;True;True;True;False;3;True;True;0.6126874692140382;0.8404685740683998
cons_energ_outros;Monthly;Mensal;4;boxcox;1;365;False;False;False;False;0;False;True;0.7210725619528308;1.1300415118952662
cons_energ_outros;Monthly;Mensal;5;boxcox→diff;2;364;True;True;True;False;3;True;True;0.6824628224608872;1.4040672253344504
cons_energ_outros;Monthly;Mensal;6;yeojohnson;1;365;False;False;False;False;0;False;True;0.7210527231698662;1.1301732756324117
cons_energ_outros;Monthly;Mensal;7;yeojohnson→diff;2;364;True;True;True;False;3;True;True;0.6824878675721102;1.404229569980154
cons_energ_outros;Monthly;Anual;8;sdiff12;1;353;True;True;True;True;4;True;True;1.0842698940266853;2.004130557704368
cons_energ_outros;Monthly;Anual;9;sdiff12→diff;2;352;True;True;True;False;3;True;True;0.5607923434883516;0.916391813796247
cons_energ_outros;Monthly;Anual;10;log→sdiff12;3;353;True;True;True;True;4;True;True;1.7553253809867593;1.2005465987201311
cons_energ_outros;Monthly;Anual;11;log→sdiff12→diff;4;352;True;True;True;False;3;True;True;0.5781610711197731;0.5093989185303336
cons_energ_outros;Monthly;Anual;12;boxcox→sdiff12→diff;3;352;True;True;True;False;3;True;True;0.5125180785567569;0.9002611468978574
cons_energ_outros;Monthly;Mensal;13;mom_pct;1;364;True;True;True;False;3;True;True;0.6041318476323487;0.8146495547492435
cons_energ_outros;Monthly;Anual;14;mom_pct_annual_rate;1;364;True;True;True;False;3;True;True;0.6041318476323487;0.8146495547492435
cons_energ_outros;Monthly;Anual;15;yoy_pct_monthly;1;353;True;True;True;True;4;True;True;1.7131852101103482;1.136374837219658
pmc_combustiveis;Monthly;Mensal;0;nível;0;316;False;True;False;True;2;False;True;1.1028228346550366;1.205940328971725
pmc_combustiveis;Monthly;Mensal;1;diff;1;315;True;True;True;True;4;True;True;0.8306826684240349;1.0887544875293433
pmc_combustiveis;Monthly;Mensal;2;log;1;316;False;False;False;True;1;False;True;1.1376748237080294;1.1547431229339395
pmc_combustiveis;Monthly;Mensal;3;log→diff;3;315;True;True;True;True;4;True;True;1.012296727028224;0.9589804668745432
pmc_combustiveis;Monthly;Mensal;4;boxcox;1;316;False;False;False;True;1;False;True;1.1649211913850637;1.2359767096265257
pmc_combustiveis;Monthly;Mensal;5;boxcox→diff;2;315;True;True;True;True;4;True;True;1.1228724311267737;1.0473193977435138
pmc_combustiveis;Monthly;Mensal;6;yeojohnson;1;316;False;False;False;True;1;False;True;1.1649134695428875;1.235896511247919
pmc_combustiveis;Monthly;Mensal;7;yeojohnson→diff;2;315;True;True;True;True;4;True;True;1.1225913191539132;1.0476004993883485
pmc_combustiveis;Monthly;Anual;8;sdiff12;1;304;False;True;True;False;2;False;True;1.0161880960874843;0.9482532790005499
pmc_combustiveis;Monthly;Anual;9;sdiff12→diff;2;303;True;True;True;True;4;True;True;0.7064817094513596;0.9507439957297016
pmc_combustiveis;Monthly;Anual;10;log→sdiff12;3;304;False;True;True;False;2;False;True;1.0588526159637948;1.0662780074959948
pmc_combustiveis;Monthly;Anual;11;log→sdiff12→diff;4;303;True;True;True;True;4;True;True;0.866694000334735;1.0198400897564373
pmc_combustiveis;Monthly;Anual;12;boxcox→sdiff12→diff;3;303;True;True;True;True;4;True;True;0.9663692341403102;1.19289500440988
pmc_combustiveis;Monthly;Mensal;13;mom_pct;1;315;True;True;True;True;4;True;True;0.9696618856629698;0.9536700831944007
pmc_combustiveis;Monthly;Anual;14;mom_pct_annual_rate;1;315;True;True;True;True;4;True;True;0.9696618856629698;0.9536700831944007
pmc_combustiveis;Monthly;Anual;15;yoy_pct_monthly;1;304;False;True;True;False;2;False;True;1.1901772810303461;1.0430111314933612
pmc_hiper_supermercados;Monthly;Mensal;0;nível;0;316;False;False;False;False;0;False;True;0.7416450794237505;1.3123626064251452
pmc_hiper_supermercados;Monthly;Mensal;1;diff;1;315;True;True;True;True;4;True;True;1.4382553312889863;1.5543925501772775
pmc_hiper_supermercados;Monthly;Mensal;2;log;1;316;False;False;False;False;0;False;True;0.7311211911851756;1.2056834789450268
pmc_hiper_supermercados;Monthly;Mensal;3;log→diff;3;315;True;True;True;True;4;True;True;1.1198458859570881;0.9227800463541219
pmc_hiper_supermercados;Monthly;Mensal;4;boxcox;1;316;False;False;False;False;0;False;True;0.8080299657340082;1.643408799235001
pmc_hiper_supermercados;Monthly;Mensal;5;boxcox→diff;2;315;True;True;True;True;4;True;True;1.5559476241430714;1.79579681293488
pmc_hiper_supermercados;Monthly;Mensal;6;yeojohnson;1;316;False;False;False;False;0;False;True;0.8087630736821319;1.6458477347591292
pmc_hiper_supermercados;Monthly;Mensal;7;yeojohnson→diff;2;315;True;True;True;True;4;True;True;1.557092130991536;1.7990008164002727
pmc_hiper_supermercados;Monthly;Anual;8;sdiff12;1;304;False;True;True;True;3;True;True;0.8974815051678459;1.0144042648985
pmc_hiper_supermercados;Monthly;Anual;9;sdiff12→diff;2;303;True;True;True;True;4;True;True;1.1707342231871598;1.3197646987712024
pmc_hiper_supermercados;Monthly;Anual;10;log→sdiff12;3;304;False;True;True;True;3;True;True;0.8073728853940373;0.8606804298284697
pmc_hiper_supermercados;Monthly;Anual;11;log→sdiff12→diff;4;303;True;True;True;True;4;True;True;0.8478293083149367;0.816103998944421
pmc_hiper_supermercados;Monthly;Anual;12;boxcox→sdiff12→diff;3;303;True;True;True;True;4;True;True;1.2924402391203549;1.7359012040914408
pmc_hiper_supermercados;Monthly;Mensal;13;mom_pct;1;315;True;True;True;True;4;True;True;1.1311220810199187;0.9566311257138229
pmc_hiper_supermercados;Monthly;Anual;14;mom_pct_annual_rate;1;315;True;True;True;True;4;True;True;1.1311220810199187;0.9566311257138229
pmc_hiper_supermercados;Monthly;Anual;15;yoy_pct_monthly;1;304;False;True;True;True;3;True;True;0.7927704434096521;0.9260371103585298
pmc_vestuário;Monthly;Mensal;0;nível;0;316;False;False;True;False;1;False;True;2.2172027427469136;2.136648212201567
pmc_vestuário;Monthly;Mensal;1;diff;1;315;True;True;True;True;4;True;True;1.8971370656731725;0.839325844888129
pmc_vestuário;Monthly;Mensal;2;log;1;316;False;False;True;False;1;False;True;2.7114212177044146;1.5480071273669407
pmc_vestuário;Monthly;Mensal;3;log→diff;3;315;True;True;True;True;4;True;True;2.4491030761815327;0.9563863419099174
pmc_vestuário;Monthly;Mensal;4;boxcox;1;316;False;False;True;False;1;False;True;1.9081653581592262;1.9189757287788225
pmc_vestuário;Monthly;Mensal;5;boxcox→diff;2;315;True;True;True;True;4;True;True;1.6275179291992565;0.917338754525594
pmc_vestuário;Monthly;Mensal;6;yeojohnson;1;316;False;False;True;False;1;False;True;1.908486836147312;1.9177355651495975
pmc_vestuário;Monthly;Mensal;7;yeojohnson→diff;2;315;True;True;True;True;4;True;True;1.6277368091845272;0.9175685089597979
pmc_vestuário;Monthly;Anual;8;sdiff12;1;304;True;True;True;True;4;True;True;1.9095958213278619;1.9933797986365016
pmc_vestuário;Monthly;Anual;9;sdiff12→diff;2;303;True;True;True;True;4;True;True;1.5306457601012127;0.6716753912767107
pmc_vestuário;Monthly;Anual;10;log→sdiff12;3;304;True;True;True;True;4;True;True;2.354521930319717;1.6657189706893716
pmc_vestuário;Monthly;Anual;11;log→sdiff12→diff;4;303;True;True;True;True;4;True;True;2.1044709720335217;1.0706552734581074
pmc_vestuário;Monthly;Anual;12;boxcox→sdiff12→diff;3;303;True;True;True;True;4;True;True;1.2280892367744045;0.6455720495498913
pmc_vestuário;Monthly;Mensal;13;mom_pct;1;315;True;True;True;True;4;True;True;2.3127615647213666;0.9762657672473476
pmc_vestuário;Monthly;Anual;14;mom_pct_annual_rate;1;315;True;True;True;True;4;True;True;2.3127615647213666;0.9762657672473476
pmc_vestuário;Monthly;Anual;15;yoy_pct_monthly;1;304;True;True;True;True;4;True;True;2.658838438013867;1.523042338908479
pmc_moveis_eletrodomesticos;Monthly;Mensal;0;nível;0;316;False;False;False;False;0;False;True;1.3764814862091252;1.8334149161092077
pmc_moveis_eletrodomesticos;Monthly;Mensal;1;diff;1;315;True;True;True;True;4;True;True;2.0818174936763922;1.8750547293894673
pmc_moveis_eletrodomesticos;Monthly;Mensal;2;log;1;316;False;False;False;False;0;False;True;1.0595070770576371;1.904083558741681
pmc_moveis_eletrodomesticos;Monthly;Mensal;3;log→diff;3;315;True;True;True;True;4;True;True;2.0175634249682015;0.7669598042566635
pmc_moveis_eletrodomesticos;Monthly;Mensal;4;boxcox;1;316;False;False;False;False;0;False;True;1.494540372081781;2.844734432586368
pmc_moveis_eletrodomesticos;Monthly;Mensal;5;boxcox→diff;2;315;True;True;True;True;4;True;True;2.055744223361729;2.2187078592500296
pmc_moveis_eletrodomesticos;Monthly;Mensal;6;yeojohnson;1;316;False;False;False;False;0;False;True;1.495968890395185;2.862835919310363
pmc_moveis_eletrodomesticos;Monthly;Mensal;7;yeojohnson→diff;2;315;True;True;True;True;4;True;True;2.05510449662263;2.2292619437166823
pmc_moveis_eletrodomesticos;Monthly;Anual;8;sdiff12;1;304;True;True;True;True;4;True;True;1.6051069130718645;2.267357249803965
pmc_moveis_eletrodomesticos;Monthly;Anual;9;sdiff12→diff;2;303;True;True;True;True;4;True;True;1.7809263198527485;1.2729731381933589
pmc_moveis_eletrodomesticos;Monthly;Anual;10;log→sdiff12;3;304;True;False;True;True;3;True;True;1.2872213893526747;1.7922996912813176
pmc_moveis_eletrodomesticos;Monthly;Anual;11;log→sdiff12→diff;4;303;True;True;True;True;4;True;True;1.7451860025772703;0.7794878833771376
pmc_moveis_eletrodomesticos;Monthly;Anual;12;boxcox→sdiff12→diff;3;303;True;True;True;True;4;True;True;1.7529687304621895;1.4097100853823425
pmc_moveis_eletrodomesticos;Monthly;Mensal;13;mom_pct;1;315;True;True;True;True;4;True;True;2.0874254448277867;0.7891333020901514
pmc_moveis_eletrodomesticos;Monthly;Anual;14;mom_pct_annual_rate;1;315;True;True;True;True;4;True;True;2.0874254448277867;0.7891333020901514
pmc_moveis_eletrodomesticos;Monthly;Anual;15;yoy_pct_monthly;1;304;True;False;True;True;3;True;True;1.34360876783627;1.5824661195967467
pmc_automoveis;Monthly;Mensal;0;nível;0;316;False;False;False;False;0;False;True;0.9745656168055092;1.1710468568203294
pmc_automoveis;Monthly;Mensal;1;diff;1;315;True;True;True;True;4;True;True;1.1034543454207002;2.6045184170498437
pmc_automoveis;Monthly;Mensal;2;log;1;316;False;False;False;False;0;False;True;1.126183271128844;1.2160370552835043
pmc_automoveis;Monthly;Mensal;3;log→diff;3;315;True;True;True;True;4;True;True;1.2688021885396812;1.7858764946613643
pmc_automoveis;Monthly;Mensal;4;boxcox;1;316;False;False;False;False;0;False;True;0.9502761392026599;1.27172084463188
pmc_automoveis;Monthly;Mensal;5;boxcox→diff;2;315;True;True;True;True;4;True;True;1.1115030618694401;2.7418366225010318
pmc_automoveis;Monthly;Mensal;6;yeojohnson;1;316;False;False;False;False;0;False;True;0.9498196370533052;1.2733681004825936
pmc_automoveis;Monthly;Mensal;7;yeojohnson→diff;2;315;True;True;True;True;4;True;True;1.1117780245865432;2.747234089139311
pmc_automoveis;Monthly;Anual;8;sdiff12;1;304;True;True;True;True;4;True;True;1.2021596603958435;1.132333212774896
pmc_automoveis;Monthly;Anual;9;sdiff12→diff;2;303;True;True;True;True;4;True;True;0.9631659512528143;3.1126859778332316
pmc_automoveis;Monthly;Anual;10;log→sdiff12;3;304;True;True;True;True;4;True;True;1.3539738601910611;1.0557866738902404
pmc_automoveis;Monthly;Anual;11;log→sdiff12→diff;4;303;True;True;True;True;4;True;True;1.1192663008895845;2.3775842853120386
pmc_automoveis;Monthly;Anual;12;boxcox→sdiff12→diff;3;303;True;True;True;True;4;True;True;0.9763204334092334;3.0429175482610336
pmc_automoveis;Monthly;Mensal;13;mom_pct;1;315;True;True;True;True;4;True;True;1.1711806602628474;1.8030057140169076
pmc_automoveis;Monthly;Anual;14;mom_pct_annual_rate;1;315;True;True;True;True;4;True;True;1.1711806602628474;1.8030057140169076
pmc_automoveis;Monthly;Anual;15;yoy_pct_monthly;1;304;True;True;True;True;4;True;True;1.4751084767733285;0.9742744170091527
pmc_farmaceuticos;Monthly;Mensal;0;nível;0;281;False;False;False;False;0;False;True;1.0660603888978148;1.3877026612675951
pmc_farmaceuticos;Monthly;Mensal;1;diff;1;280;True;True;True;True;4;True;True;1.713835836226579;1.2350464201281446
pmc_farmaceuticos;Monthly;Mensal;2;log;1;281;False;False;False;False;0;False;True;0.6902454619253238;1.208335161749174
pmc_farmaceuticos;Monthly;Mensal;3;log→diff;3;280;True;True;True;True;4;True;True;1.337415134108734;1.4771091639983684
pmc_farmaceuticos;Monthly;Mensal;4;boxcox;1;281;False;False;False;False;0;False;True;0.7785679414496017;1.0561040561461061
pmc_farmaceuticos;Monthly;Mensal;5;boxcox→diff;2;280;True;True;True;True;4;True;True;1.540743404837729;0.8061278884615977
pmc_farmaceuticos;Monthly;Mensal;6;yeojohnson;1;281;False;False;False;False;0;False;True;0.7808327767810198;1.0563789084713358
pmc_farmaceuticos;Monthly;Mensal;7;yeojohnson→diff;2;280;True;True;True;True;4;True;True;1.543703701408203;0.7912135691468273
pmc_farmaceuticos;Monthly;Anual;8;sdiff12;1;269;False;False;True;False;1;False;True;1.4116451149412017;4.9095129487134335
pmc_farmaceuticos;Monthly;Anual;9;sdiff12→diff;2;268;True;False;True;True;3;True;True;1.5219426372058344;2.814020566559863
pmc_farmaceuticos;Monthly;Anual;10;log→sdiff12;3;269;False;True;True;True;3;True;True;1.0000713776990084;1.239281490014922
pmc_farmaceuticos;Monthly;Anual;11;log→sdiff12→diff;4;268;True;True;True;False;3;True;True;1.133464961157572;1.3248807667514908
pmc_farmaceuticos;Monthly;Anual;12;boxcox→sdiff12→diff;3;268;True;True;True;True;4;True;True;1.3320702690281363;0.6622463496279254
pmc_farmaceuticos;Monthly;Mensal;13;mom_pct;1;280;True;True;True;True;4;True;True;1.280048322007308;1.456243303736855
pmc_farmaceuticos;Monthly;Anual;14;mom_pct_annual_rate;1;280;True;True;True;True;4;True;True;1.280048322007308;1.456243303736855
pmc_farmaceuticos;Monthly;Anual;15;yoy_pct_monthly;1;269;False;True;True;False;2;False;True;1.062060967303123;1.2191768646316086
pmc_livros_jornais;Monthly;Mensal;0;nível;0;281;False;False;False;False;0;False;True;0.9380165995262926;1.3679945930003794
pmc_livros_jornais;Monthly;Mensal;1;diff;1;280;True;True;True;True;4;True;True;0.8124168401234918;1.2855136291372913
pmc_livros_jornais;Monthly;Mensal;2;log;1;281;False;False;False;False;0;False;True;1.8944021209755093;1.5046446080324485
pmc_livros_jornais;Monthly;Mensal;3;log→diff;3;280;True;True;True;True;4;True;True;2.210045112271932;1.8939530491166747
pmc_livros_jornais;Monthly;Mensal;4;boxcox;1;281;False;False;False;False;0;False;True;1.0659314618654254;1.3097670830535497
pmc_livros_jornais;Monthly;Mensal;5;boxcox→diff;2;280;True;True;True;True;4;True;True;1.018689292890873;1.4361012788608507
pmc_livros_jornais;Monthly;Mensal;6;yeojohnson;1;281;False;False;False;False;0;False;True;1.0644447671087534;1.30383288968427
pmc_livros_jornais;Monthly;Mensal;7;yeojohnson→diff;2;280;True;True;True;True;4;True;True;1.0157154708329679;1.4391853766672142
pmc_livros_jornais;Monthly;Anual;8;sdiff12;1;269;False;False;True;False;1;False;True;1.1939672062109137;1.1663177745608269
pmc_livros_jornais;Monthly;Anual;9;sdiff12→diff;2;268;True;True;True;True;4;True;True;0.8555471969729052;1.0199958664005166
pmc_livros_jornais;Monthly;Anual;10;log→sdiff12;3;269;True;False;True;True;3;True;True;2.117072346763184;3.232952649587992
pmc_livros_jornais;Monthly;Anual;11;log→sdiff12→diff;4;268;True;True;True;True;4;True;True;1.9783241292873224;2.2007609879961216
pmc_livros_jornais;Monthly;Anual;12;boxcox→sdiff12→diff;3;268;True;False;True;True;3;True;True;1.066241520251568;1.0103330178567993
pmc_livros_jornais;Monthly;Mensal;13;mom_pct;1;280;True;True;True;True;4;True;True;2.4027612440706787;2.3733614544445745
pmc_livros_jornais;Monthly;Anual;14;mom_pct_annual_rate;1;280;True;True;True;True;4;True;True;2.4027612440706787;2.3733614544445745
pmc_livros_jornais;Monthly;Anual;15;yoy_pct_monthly;1;269;False;False;True;True;2;False;True;1.86362818041275;2.2576786091911027
pmc_eqp_material_escritorio;Monthly;Mensal;0;nível;0;281;False;False;False;False;0;False;True;0.9060453260207069;1.5495193795912827
pmc_eqp_material_escritorio;Monthly;Mensal;1;diff;1;280;True;True;True;True;4;True;True;0.9411854608645976;1.4719172699679244
pmc_eqp_material_escritorio;Monthly;Mensal;2;log;1;281;True;False;True;False;2;False;True;1.1547728532417532;1.6179897618804098
pmc_eqp_material_escritorio;Monthly;Mensal;3;log→diff;3;280;True;False;True;True;3;True;True;0.6104592016227582;1.0818466901456
pmc_eqp_material_escritorio;Monthly;Mensal;4;boxcox;1;281;False;False;False;False;0;False;True;1.0604589337502555;1.7593687066406387
pmc_eqp_material_escritorio;Monthly;Mensal;5;boxcox→diff;2;280;True;True;True;True;4;True;True;1.0748782414644753;1.317495406441801
pmc_eqp_material_escritorio;Monthly;Mensal;6;yeojohnson;1;281;False;False;False;False;0;False;True;1.0627588542658803;1.769971873797457
pmc_eqp_material_escritorio;Monthly;Mensal;7;yeojohnson→diff;2;280;True;True;True;True;4;True;True;1.0774494260620595;1.3144524176105534
pmc_eqp_material_escritorio;Monthly;Anual;8;sdiff12;1;269;False;False;True;False;1;False;True;0.8339078220058933;1.897882027847311
pmc_eqp_material_escritorio;Monthly;Anual;9;sdiff12→diff;2;268;True;True;True;True;4;True;True;0.7361506511252534;0.6993931274385956
pmc_eqp_material_escritorio;Monthly;Anual;10;log→sdiff12;3;269;False;False;True;False;1;False;True;0.9548097423721347;1.5022359513196697
pmc_eqp_material_escritorio;Monthly;Anual;11;log→sdiff12→diff;4;268;True;True;True;False;3;True;True;0.5136443569107119;0.908185509073424
pmc_eqp_material_escritorio;Monthly;Anual;12;boxcox→sdiff12→diff;3;268;True;True;True;True;4;True;True;0.8845177022692905;0.8912116621369341
pmc_eqp_material_escritorio;Monthly;Mensal;13;mom_pct;1;280;True;False;True;True;3;True;True;0.6208278196716105;1.347365316520402
pmc_eqp_material_escritorio;Monthly;Anual;14;mom_pct_annual_rate;1;280;True;False;True;True;3;True;True;0.6208278196716105;1.347365316520402
pmc_eqp_material_escritorio;Monthly;Anual;15;yoy_pct_monthly;1;269;False;False;True;False;1;False;True;1.2429522239684425;1.44504619945077
pmc_outros_pessoal;Monthly;Mensal;0;nível;0;281;False;False;False;False;0;False;True;1.6751113030526779;1.2132966662973224
pmc_outros_pessoal;Monthly;Mensal;1;diff;1;280;True;True;True;True;4;True;True;2.0573215471658655;1.6108284675304874
pmc_outros_pessoal;Monthly;Mensal;2;log;1;281;True;False;True;False;2;False;True;1.2700067748914396;1.6309326924164274
pmc_outros_pessoal;Monthly;Mensal;3;log→diff;3;280;True;False;True;True;3;True;True;2.104335564194922;0.5777191190763696
pmc_outros_pessoal;Monthly;Mensal;4;boxcox;1;281;False;False;False;False;0;False;True;1.8112072264513919;1.2596984470663861
pmc_outros_pessoal;Monthly;Mensal;5;boxcox→diff;2;280;True;True;True;True;4;True;True;2.0828049052858666;1.8967635104930654
pmc_outros_pessoal;Monthly;Mensal;6;yeojohnson;1;281;False;False;False;False;0;False;True;1.8125541117966364;1.2678563516687233
pmc_outros_pessoal;Monthly;Mensal;7;yeojohnson→diff;2;280;True;True;True;True;4;True;True;2.0838223829610563;1.9011855189815916
pmc_outros_pessoal;Monthly;Anual;8;sdiff12;1;269;True;True;True;True;4;True;True;1.792293361435275;6.113218810562689
pmc_outros_pessoal;Monthly;Anual;9;sdiff12→diff;2;268;True;True;True;False;3;True;True;1.7983220776540483;1.905751624233017
pmc_outros_pessoal;Monthly;Anual;10;log→sdiff12;3;269;True;False;True;True;3;True;True;1.7510371493701447;3.0458269346895275
pmc_outros_pessoal;Monthly;Anual;11;log→sdiff12→diff;4;268;True;True;True;False;3;True;True;1.7896836813195167;0.6652806306529002
pmc_outros_pessoal;Monthly;Anual;12;boxcox→sdiff12→diff;3;268;True;True;True;True;4;True;True;1.846874939096425;2.4160830641226694
pmc_outros_pessoal;Monthly;Mensal;13;mom_pct;1;280;True;True;True;True;4;True;True;2.113518882754769;0.5503981989473891
pmc_outros_pessoal;Monthly;Anual;14;mom_pct_annual_rate;1;280;True;True;True;True;4;True;True;2.113518882754769;0.5503981989473891
pmc_outros_pessoal;Monthly;Anual;15;yoy_pct_monthly;1;269;True;False;True;True;3;True;True;1.9997306065078104;1.747701289033669
pmc_material_construcao;Monthly;Mensal;0;nível;0;281;False;False;False;False;0;False;True;1.3114295154473832;1.2007558076787195
pmc_material_construcao;Monthly;Mensal;1;diff;1;280;True;True;True;True;4;True;True;1.3000812313085757;0.8116969445899549
pmc_material_construcao;Monthly;Mensal;2;log;1;281;False;False;False;False;0;False;True;1.0262528906092152;1.149591355485919
pmc_material_construcao;Monthly;Mensal;3;log→diff;3;280;True;True;True;True;4;True;True;1.1334237538414955;0.6418812522854285
pmc_material_construcao;Monthly;Mensal;4;boxcox;1;281;False;False;False;False;0;False;True;1.4646158812085752;1.158758133211184
pmc_material_construcao;Monthly;Mensal;5;boxcox→diff;2;280;True;True;True;True;4;True;True;1.36959069140654;1.1681051593548901
pmc_material_construcao;Monthly;Mensal;6;yeojohnson;1;281;False;False;False;False;0;False;True;1.4656456690701611;1.1584772344480843
pmc_material_construcao;Monthly;Mensal;7;yeojohnson→diff;2;280;True;True;True;True;4;True;True;1.369994938700755;1.171934805957257
pmc_material_construcao;Monthly;Anual;8;sdiff12;1;269;True;True;True;True;4;True;True;1.3597771641426308;1.7080205167638178
pmc_material_construcao;Monthly;Anual;9;sdiff12→diff;2;268;True;True;True;True;4;True;True;1.1470921644921157;1.0916659059125817
pmc_material_construcao;Monthly;Anual;10;log→sdiff12;3;269;True;True;True;True;4;True;True;1.0703443349408979;2.3101925463358106
pmc_material_construcao;Monthly;Anual;11;log→sdiff12→diff;4;268;True;True;True;True;4;True;True;1.010466272658886;0.7393316020484066
pmc_material_construcao;Monthly;Anual;12;boxcox→sdiff12→diff;3;268;True;True;True;True;4;True;True;1.2031363909213182;1.3274456458472754
pmc_material_construcao;Monthly;Mensal;13;mom_pct;1;280;True;True;True;True;4;True;True;1.1488546593466793;0.6532304192592784
pmc_material_construcao;Monthly;Anual;14;mom_pct_annual_rate;1;280;True;True;True;True;4;True;True;1.1488546593466793;0.6532304192592784
pmc_material_construcao;Monthly;Anual;15;yoy_pct_monthly;1;269;True;True;True;True;4;True;True;1.14715758670728;2.400399330678805
pmc_comercio_ampliado;Monthly;Mensal;0;nível;0;281;False;False;False;False;0;False;True;0.9616202990047171;1.674481143992438
pmc_comercio_ampliado;Monthly;Mensal;1;diff;1;280;True;True;True;True;4;True;True;1.3904927690595386;2.6093211814420205
pmc_comercio_ampliado;Monthly;Mensal;2;log;1;281;False;False;False;False;0;False;True;0.8960359564854143;1.583212245775821
pmc_comercio_ampliado;Monthly;Mensal;3;log→diff;3;280;True;True;True;False;3;True;True;1.446638353496554;2.226814145864656
pmc_comercio_ampliado;Monthly;Mensal;4;boxcox;1;281;False;False;False;False;0;False;True;1.0696813508536351;2.179877476415425
pmc_comercio_ampliado;Monthly;Mensal;5;boxcox→diff;2;280;True;True;True;True;4;True;True;1.2378640091198234;1.8782950280976554
pmc_comercio_ampliado;Monthly;Mensal;6;yeojohnson;1;281;False;False;False;False;0;False;True;1.0697118544699586;2.1770656486253483
pmc_comercio_ampliado;Monthly;Mensal;7;yeojohnson→diff;2;280;True;True;True;True;4;True;True;1.2373033676395837;1.8694941157283909
pmc_comercio_ampliado;Monthly;Anual;8;sdiff12;1;269;False;False;True;True;2;False;True;1.2374679625668956;1.1541050692129038
pmc_comercio_ampliado;Monthly;Anual;9;sdiff12→diff;2;268;True;True;True;True;4;True;True;1.139418585901971;1.4290029522894652
pmc_comercio_ampliado;Monthly;Anual;10;log→sdiff12;3;269;False;False;True;True;2;False;True;1.1826254099081912;1.2034930163900879
pmc_comercio_ampliado;Monthly;Anual;11;log→sdiff12→diff;4;268;True;True;True;True;4;True;True;1.2075377116938097;1.6462425963580123
pmc_comercio_ampliado;Monthly;Anual;12;boxcox→sdiff12→diff;3;268;True;True;True;True;4;True;True;0.9882421350392618;1.4568469212201771
pmc_comercio_ampliado;Monthly;Mensal;13;mom_pct;1;280;True;True;True;False;3;True;True;1.4134680184165729;2.146660530635727
pmc_comercio_ampliado;Monthly;Anual;14;mom_pct_annual_rate;1;280;True;True;True;False;3;True;True;1.4134680184165729;2.146660530635727
pmc_comercio_ampliado;Monthly;Anual;15;yoy_pct_monthly;1;269;False;False;True;True;2;False;True;1.1902929340157762;1.2399525751071474
ibcbr_agro;Monthly;Mensal;0;nível;0;281;False;False;False;False;0;False;True;0.9119122416912216;1.5910477840457709
ibcbr_agro;Monthly;Mensal;1;diff;1;280;True;True;True;False;3;True;True;0.7435652473570413;1.0008543889926973
ibcbr_agro;Monthly;Mensal;2;log;1;281;False;False;False;False;0;False;True;0.6542600021127709;1.163802730793095
ibcbr_agro;Monthly;Mensal;3;log→diff;3;280;True;True;True;False;3;True;True;0.7046284081388873;1.0298014481345004
ibcbr_agro;Monthly;Mensal;4;boxcox;1;281;False;False;False;False;0;False;True;0.6635595809624855;1.1793656217734398
ibcbr_agro;Monthly;Mensal;5;boxcox→diff;2;280;True;True;True;False;3;True;True;0.6971120901684815;1.1041968858024658
ibcbr_agro;Monthly;Mensal;6;yeojohnson;1;281;False;False;False;False;0;False;True;0.663758932546052;1.1774120883918922
ibcbr_agro;Monthly;Mensal;7;yeojohnson→diff;2;280;True;True;True;False;3;True;True;0.6971844085310387;1.104206118211598
ibcbr_agro;Monthly;Anual;8;sdiff12;1;269;True;True;True;True;4;True;True;0.9766996253598592;1.3142115930399954
ibcbr_agro;Monthly;Anual;9;sdiff12→diff;2;268;True;True;True;False;3;True;True;0.8150169825582302;1.309250339422683
ibcbr_agro;Monthly;Anual;10;log→sdiff12;3;269;True;True;True;True;4;True;True;0.6296391471014772;0.9612567393614737
ibcbr_agro;Monthly;Anual;11;log→sdiff12→diff;4;268;True;True;True;False;3;True;True;0.6098362132002166;1.2228775014603297
ibcbr_agro;Monthly;Anual;12;boxcox→sdiff12→diff;3;268;True;True;True;False;3;True;True;0.6175260724946418;1.105158070696932
ibcbr_agro;Monthly;Mensal;13;mom_pct;1;280;True;True;True;True;4;True;True;0.7523971685548384;1.0186450282781727
ibcbr_agro;Monthly;Anual;14;mom_pct_annual_rate;1;280;True;True;True;True;4;True;True;0.7523971685548384;1.0186450282781727
ibcbr_agro;Monthly;Anual;15;yoy_pct_monthly;1;269;True;True;True;True;4;True;True;0.6769564068906262;1.167402778564188
ibcbr_ind;Monthly;Mensal;0;nível;0;281;False;False;False;False;0;False;True;1.0961990856593706;3.51431405437917
ibcbr_ind;Monthly;Mensal;1;diff;1;280;True;True;True;True;4;True;True;1.3166220236060409;1.7423587641534104
ibcbr_ind;Monthly;Mensal;2;log;1;281;False;True;False;False;1;False;True;1.124486446109252;3.6233049785839913
ibcbr_ind;Monthly;Mensal;3;log→diff;3;280;True;True;True;True;4;True;True;1.554904734424926;1.935193758613831
ibcbr_ind;Monthly;Mensal;4;boxcox;1;281;False;True;False;False;1;False;True;1.1602107738734704;3.715056994541419
ibcbr_ind;Monthly;Mensal;5;boxcox→diff;2;280;True;True;True;True;4;True;True;1.6750373391414008;2.09833116886461
ibcbr_ind;Monthly;Mensal;6;yeojohnson;1;281;False;True;False;False;1;False;True;1.1601650134693484;3.714676495575271
ibcbr_ind;Monthly;Mensal;7;yeojohnson→diff;2;280;True;True;True;True;4;True;True;1.6748607941482478;2.0983637226398626
ibcbr_ind;Monthly;Anual;8;sdiff12;1;269;True;True;True;True;4;True;True;1.3636404189257028;3.209985687735325
ibcbr_ind;Monthly;Anual;9;sdiff12→diff;2;268;True;True;True;True;4;True;True;1.062538674667469;1.768865227023817
ibcbr_ind;Monthly;Anual;10;log→sdiff12;3;269;True;True;True;True;4;True;True;1.3242225651110107;3.767271886033057
ibcbr_ind;Monthly;Anual;11;log→sdiff12→diff;4;268;True;True;True;True;4;True;True;1.2546607871726567;1.9576462178238052
ibcbr_ind;Monthly;Anual;12;boxcox→sdiff12→diff;3;268;True;True;True;True;4;True;True;1.3553271810900742;1.9087757073723766
ibcbr_ind;Monthly;Mensal;13;mom_pct;1;280;True;True;True;True;4;True;True;1.4946428961908087;1.8461645975087881
ibcbr_ind;Monthly;Anual;14;mom_pct_annual_rate;1;280;True;True;True;True;4;True;True;1.4946428961908087;1.8461645975087881
ibcbr_ind;Monthly;Anual;15;yoy_pct_monthly;1;269;True;True;True;True;4;True;True;1.3377952576660952;3.1596460165625286
ibcbr_servicos;Monthly;Mensal;0;nível;0;281;False;False;False;False;0;False;True;0.7711805079618219;1.3082869155866244
ibcbr_servicos;Monthly;Mensal;1;diff;1;280;True;True;True;True;4;True;True;1.6909458400738822;0.7542840191571274
ibcbr_servicos;Monthly;Mensal;2;log;1;281;False;False;False;False;0;False;True;0.7906984971778926;1.7365302614163394
ibcbr_servicos;Monthly;Mensal;3;log→diff;3;280;True;True;True;True;4;True;True;1.6555506533973265;0.9791644038309868
ibcbr_servicos;Monthly;Mensal;4;boxcox;1;281;False;False;False;False;0;False;True;0.8249181990183394;1.5698677318580208
ibcbr_servicos;Monthly;Mensal;5;boxcox→diff;2;280;True;True;True;True;4;True;True;1.641620031494247;0.7844336777556418
ibcbr_servicos;Monthly;Mensal;6;yeojohnson;1;281;False;False;False;False;0;False;True;0.8248591054748652;1.5718628239499686
ibcbr_servicos;Monthly;Mensal;7;yeojohnson→diff;2;280;True;True;True;True;4;True;True;1.641331187211277;0.784477544426693
ibcbr_servicos;Monthly;Anual;8;sdiff12;1;269;False;True;True;True;3;True;True;1.44033948398595;1.7779220217552087
ibcbr_servicos;Monthly;Anual;9;sdiff12→diff;2;268;True;True;True;True;4;True;True;1.4215548405716543;0.6515808898476754
ibcbr_servicos;Monthly;Anual;10;log→sdiff12;3;269;False;False;True;True;2;False;True;1.4099501979440066;1.8528508649413933
ibcbr_servicos;Monthly;Anual;11;log→sdiff12→diff;4;268;True;True;True;True;4;True;True;1.4180127646268514;0.8399741080025034
ibcbr_servicos;Monthly;Anual;12;boxcox→sdiff12→diff;3;268;True;True;True;True;4;True;True;1.3430559464980762;1.13542796088107
ibcbr_servicos;Monthly;Mensal;13;mom_pct;1;280;True;True;True;True;4;True;True;1.617757804164285;0.9718267447231063
ibcbr_servicos;Monthly;Anual;14;mom_pct_annual_rate;1;280;True;True;True;True;4;True;True;1.617757804164285;0.9718267447231063
ibcbr_servicos;Monthly;Anual;15;yoy_pct_monthly;1;269;False;False;True;True;2;False;True;1.3781880127001054;1.842579170147675
icc_fecomercio;Monthly;Mensal;0;nível;0;328;False;True;False;False;1;False;True;0.7801921319843561;1.2912492972773408
icc_fecomercio;Monthly;Mensal;1;diff;1;327;True;True;True;True;4;True;True;0.8934631494611155;0.9960434253814162
icc_fecomercio;Monthly;Mensal;2;log;1;328;True;True;True;False;3;True;True;0.7796593066622768;1.4987355472895345
icc_fecomercio;Monthly;Mensal;3;log→diff;3;327;True;True;True;True;4;True;True;1.3176068054184227;1.0961912291040934
icc_fecomercio;Monthly;Mensal;4;boxcox;1;328;True;True;True;False;3;True;True;0.7581427709029921;1.4833367304780103
icc_fecomercio;Monthly;Mensal;5;boxcox→diff;2;327;True;True;True;True;4;True;True;1.202764288555255;0.9801388791845325
icc_fecomercio;Monthly;Mensal;6;yeojohnson;1;328;True;True;True;False;3;True;True;0.7580621215968615;1.4836399331678025
icc_fecomercio;Monthly;Mensal;7;yeojohnson→diff;2;327;True;True;True;True;4;True;True;1.202168228161553;0.9801224006298186
icc_fecomercio;Monthly;Anual;8;sdiff12;1;316;True;True;True;False;3;True;True;0.6926386857268809;1.088395248443728
icc_fecomercio;Monthly;Anual;9;sdiff12→diff;2;315;True;True;True;False;3;True;True;0.6335821812864018;0.9457683655622984
icc_fecomercio;Monthly;Anual;10;log→sdiff12;3;316;True;True;True;False;3;True;True;0.8023182655459687;1.0620605689226175
icc_fecomercio;Monthly;Anual;11;log→sdiff12→diff;4;315;True;True;True;False;3;True;True;0.7215254556507156;0.9616273882917535
icc_fecomercio;Monthly;Anual;12;boxcox→sdiff12→diff;3;315;True;True;True;False;3;True;True;0.6864267669467651;0.8334796291849847
icc_fecomercio;Monthly;Mensal;13;mom_pct;1;327;True;True;True;True;4;True;True;1.6104960504400074;1.1182332407637943
icc_fecomercio;Monthly;Anual;14;mom_pct_annual_rate;1;327;True;True;True;True;4;True;True;1.6104960504400074;1.1182332407637943
icc_fecomercio;Monthly;Anual;15;yoy_pct_monthly;1;316;False;True;True;False;2;False;True;0.7721405764171648;0.9976362627007594
icea_fecomercio;Monthly;Mensal;0;nível;0;328;False;True;False;False;1;False;True;0.9363459608222607;1.4614202073061637
icea_fecomercio;Monthly;Mensal;1;diff;1;327;True;True;True;True;4;True;True;0.7382468088457084;1.2111268149384304
icea_fecomercio;Monthly;Mensal;2;log;1;328;False;True;False;False;1;False;True;1.1378576204520683;1.3272631998105253
icea_fecomercio;Monthly;Mensal;3;log→diff;3;327;True;True;True;True;4;True;True;0.9312473423487727;1.8442529901847096
icea_fecomercio;Monthly;Mensal;4;boxcox;1;328;False;True;False;False;1;False;True;1.0716883235662025;1.1321310359650376
icea_fecomercio;Monthly;Mensal;5;boxcox→diff;2;327;True;True;True;True;4;True;True;0.879548299458553;1.4794051639311896
icea_fecomercio;Monthly;Mensal;6;yeojohnson;1;328;False;True;False;False;1;False;True;1.0710976519011872;1.1342893690739124
icea_fecomercio;Monthly;Mensal;7;yeojohnson→diff;2;327;True;True;True;True;4;True;True;0.8792560875678322;1.4797970060358192
icea_fecomercio;Monthly;Anual;8;sdiff12;1;316;True;True;True;True;4;True;True;0.8249673464919729;1.1984869335648969
icea_fecomercio;Monthly;Anual;9;sdiff12→diff;2;315;True;True;True;True;4;True;True;0.5731066194196802;0.9810837455614488
icea_fecomercio;Monthly;Anual;10;log→sdiff12;3;316;True;True;True;False;3;True;True;1.0754023190377626;1.4843187037212042
icea_fecomercio;Monthly;Anual;11;log→sdiff12→diff;4;315;True;True;True;True;4;True;True;0.7501061931216579;1.3460334465658865
icea_fecomercio;Monthly;Anual;12;boxcox→sdiff12→diff;3;315;True;True;True;True;4;True;True;0.6957892591151723;1.3008020377867764
icea_fecomercio;Monthly;Mensal;13;mom_pct;1;327;True;True;True;True;4;True;True;0.9264681618868447;1.9214113123955128
icea_fecomercio;Monthly;Anual;14;mom_pct_annual_rate;1;327;True;True;True;True;4;True;True;0.9264681618868447;1.9214113123955128
icea_fecomercio;Monthly;Anual;15;yoy_pct_monthly;1;316;True;True;True;False;3;True;True;0.8497809614910488;1.1565618215187374
ief_fecomercio;Monthly;Mensal;0;nível;0;328;True;True;True;False;3;True;True;0.7285790637969575;1.4702360410736446
ief_fecomercio;Monthly;Mensal;1;diff;1;327;True;True;True;True;4;True;True;1.0003009411310086;0.8212581483517796
ief_fecomercio;Monthly;Mensal;2;log;1;328;False;True;True;False;2;False;True;0.7759467285958863;1.1674870044697452
ief_fecomercio;Monthly;Mensal;3;log→diff;3;327;True;True;True;True;4;True;True;1.3478425424913911;0.9158686492042127
ief_fecomercio;Monthly;Mensal;4;boxcox;1;328;True;True;True;False;3;True;True;0.729194942271644;1.4587216749771563
ief_fecomercio;Monthly;Mensal;5;boxcox→diff;2;327;True;True;True;True;4;True;True;0.9866385864098686;0.8288101414196739
ief_fecomercio;Monthly;Mensal;6;yeojohnson;1;328;True;True;True;False;3;True;True;0.7291996294437916;1.4587896811825674
ief_fecomercio;Monthly;Mensal;7;yeojohnson→diff;2;327;True;True;True;True;4;True;True;0.9865729543257815;0.8287309326716071
ief_fecomercio;Monthly;Anual;8;sdiff12;1;316;True;True;True;False;3;True;True;0.66413817132498;0.730654845364319
ief_fecomercio;Monthly;Anual;9;sdiff12→diff;2;315;True;True;True;True;4;True;True;0.679060315602843;1.0668287296275203
ief_fecomercio;Monthly;Anual;10;log→sdiff12;3;316;True;True;True;False;3;True;True;0.6885927844882285;0.8777487273510729
ief_fecomercio;Monthly;Anual;11;log→sdiff12→diff;4;315;True;True;True;True;4;True;True;0.7431034093539757;1.1997516318916677
ief_fecomercio;Monthly;Anual;12;boxcox→sdiff12→diff;3;315;True;True;True;True;4;True;True;0.6785874082205724;1.0699799659511808
ief_fecomercio;Monthly;Mensal;13;mom_pct;1;327;True;True;True;True;4;True;True;1.6447380824713143;0.9210399689987159
ief_fecomercio;Monthly;Anual;14;mom_pct_annual_rate;1;327;True;True;True;True;4;True;True;1.6447380824713143;0.9210399689987159
ief_fecomercio;Monthly;Anual;15;yoy_pct_monthly;1;316;True;True;True;False;3;True;True;0.7104939244041137;0.7842299732093653
ics_fgv;Monthly;Mensal;0;nível;0;217;False;False;False;False;0;False;True;1.0551501045489664;3.3849967301588677
ics_fgv;Monthly;Mensal;1;diff;1;216;True;True;True;True;4;True;True;1.8038235396218978;1.7359229490653285
ics_fgv;Monthly;Mensal;2;log;1;217;False;False;True;False;1;False;True;1.2153394164447069;2.960437212549631
ics_fgv;Monthly;Mensal;3;log→diff;3;216;True;True;True;True;4;True;True;2.106539573681577;2.3703477421363828
ics_fgv;Monthly;Mensal;4;boxcox;1;217;False;False;False;False;0;False;True;0.977991137329547;3.663773147694251
ics_fgv;Monthly;Mensal;5;boxcox→diff;2;216;True;True;True;False;3;True;True;1.3172559956383292;1.4249844202496948
ics_fgv;Monthly;Mensal;6;yeojohnson;1;217;False;False;False;False;0;False;True;0.9780359568374124;3.665582329309402
ics_fgv;Monthly;Mensal;7;yeojohnson→diff;2;216;True;True;True;False;3;True;True;1.3175415317658257;1.4239084272697968
ics_fgv;Monthly;Anual;8;sdiff12;1;205;True;True;True;True;4;True;True;1.1098628023646446;3.398360783900957
ics_fgv;Monthly;Anual;9;sdiff12→diff;2;204;True;True;True;True;4;True;True;1.4528945391821604;1.9094612552556536
ics_fgv;Monthly;Anual;10;log→sdiff12;3;205;True;True;True;True;4;True;True;1.2297484440234594;3.442474163563311
ics_fgv;Monthly;Anual;11;log→sdiff12→diff;4;204;True;True;True;True;4;True;True;1.7256031863024117;1.4546593399858507
ics_fgv;Monthly;Anual;12;boxcox→sdiff12→diff;3;204;True;True;True;False;3;True;True;1.0019002225774245;2.813793277143271
ics_fgv;Monthly;Mensal;13;mom_pct;1;216;True;True;True;True;4;True;True;1.9631928004905042;2.249718989698524
ics_fgv;Monthly;Anual;14;mom_pct_annual_rate;1;216;True;True;True;True;4;True;True;1.9631928004905042;2.249718989698524
ics_fgv;Monthly;Anual;15;yoy_pct_monthly;1;205;True;True;True;True;4;True;True;1.2423510438622034;3.6240431560674433
isas_fgv;Monthly;Mensal;0;nível;0;217;False;False;False;False;0;False;True;1.0360839040522698;2.285198330916577
isas_fgv;Monthly;Mensal;1;diff;1;216;True;True;True;True;4;True;True;1.8687003194082659;2.780902321506793
isas_fgv;Monthly;Mensal;2;log;1;217;False;False;False;False;0;False;True;1.208119427913832;2.0672145859453437
isas_fgv;Monthly;Mensal;3;log→diff;3;216;True;True;True;True;4;True;True;2.155110367792188;2.203569978146257
isas_fgv;Monthly;Mensal;4;boxcox;1;217;False;False;False;False;0;False;True;0.8988673096026328;2.6265387275149004
isas_fgv;Monthly;Mensal;5;boxcox→diff;2;216;True;True;True;True;4;True;True;1.319274291454658;2.512100255667752
isas_fgv;Monthly;Mensal;6;yeojohnson;1;217;False;False;False;False;0;False;True;0.8988620724038039;2.6238852715262078
isas_fgv;Monthly;Mensal;7;yeojohnson→diff;2;216;True;True;True;True;4;True;True;1.3191918386953503;2.515200255103933
isas_fgv;Monthly;Anual;8;sdiff12;1;205;True;True;True;False;3;True;True;1.1337966393400287;2.46050237388137
isas_fgv;Monthly;Anual;9;sdiff12→diff;2;204;True;True;True;False;3;True;True;1.3963948745394361;3.384076631249253
isas_fgv;Monthly;Anual;10;log→sdiff12;3;205;True;True;True;False;3;True;True;1.2692373219228077;2.495654645259233
isas_fgv;Monthly;Anual;11;log→sdiff12→diff;4;204;True;True;True;False;3;True;True;1.6819828911831314;2.496775520894888
isas_fgv;Monthly;Anual;12;boxcox→sdiff12→diff;3;204;True;True;True;False;3;True;True;0.9902375510529833;2.9185890510368875
isas_fgv;Monthly;Mensal;13;mom_pct;1;216;True;True;True;False;3;True;True;1.9938141768278543;2.260063731866528
isas_fgv;Monthly;Anual;14;mom_pct_annual_rate;1;216;True;True;True;False;3;True;True;1.9938141768278543;2.260063731866528
isas_fgv;Monthly;Anual;15;yoy_pct_monthly;1;205;True;True;True;False;3;True;True;1.2691015042070444;2.5817300668189684
ies_fgv;Monthly;Mensal;0;nível;0;217;False;False;True;False;1;False;True;1.0262540322923972;3.315172457324858
ies_fgv;Monthly;Mensal;1;diff;1;216;True;True;True;True;4;True;True;1.4232149124570102;1.045264113674019
ies_fgv;Monthly;Mensal;2;log;1;217;False;True;True;False;2;False;True;1.1441266797658474;4.623517739286484
ies_fgv;Monthly;Mensal;3;log→diff;3;216;True;True;True;True;4;True;True;1.7851299404193053;2.1323612335412543
ies_fgv;Monthly;Mensal;4;boxcox;1;217;False;False;True;False;1;False;True;1.0193362980303988;2.1062364662101554
ies_fgv;Monthly;Mensal;5;boxcox→diff;2;216;True;True;True;True;4;True;True;0.9854240264566279;0.8861508807810617
ies_fgv;Monthly;Mensal;6;yeojohnson;1;217;False;False;True;False;1;False;True;1.0193969189635443;2.1061262532359386
ies_fgv;Monthly;Mensal;7;yeojohnson→diff;2;216;True;True;True;True;4;True;True;0.9855967072590215;0.8864426564987002
ies_fgv;Monthly;Anual;8;sdiff12;1;205;True;True;True;True;4;True;True;1.0124946767606118;3.147977619707143
ies_fgv;Monthly;Anual;9;sdiff12→diff;2;204;True;True;True;True;4;True;True;1.1641136604409665;1.3691104792851359
ies_fgv;Monthly;Anual;10;log→sdiff12;3;205;True;True;True;True;4;True;True;1.1077714767268878;3.1610300432607485
ies_fgv;Monthly;Anual;11;log→sdiff12→diff;4;204;True;True;True;True;4;True;True;1.496732377756764;1.5752431763673316
ies_fgv;Monthly;Anual;12;boxcox→sdiff12→diff;3;204;True;True;True;True;4;True;True;0.7259018077256821;1.724111468467707
ies_fgv;Monthly;Mensal;13;mom_pct;1;216;True;True;True;True;4;True;True;1.672052624392871;2.077382599507094
ies_fgv;Monthly;Anual;14;mom_pct_annual_rate;1;216;True;True;True;True;4;True;True;1.672052624392871;2.077382599507094
ies_fgv;Monthly;Anual;15;yoy_pct_monthly;1;205;True;True;True;True;4;True;True;1.1431416385712785;4.447861220818203
caged_estoque_agro;Monthly;Mensal;0;nível;0;366;False;False;False;False;0;False;True;1.3115577705986836;2.772489192250491
caged_estoque_agro;Monthly;Mensal;1;diff;1;365;True;True;True;True;4;True;True;0.9298218204448697;1.7931705650333294
caged_estoque_agro;Monthly;Mensal;2;log;1;366;False;False;False;False;0;False;True;1.2593928945114523;2.4760861450216356
caged_estoque_agro;Monthly;Mensal;3;log→diff;3;365;True;True;True;True;4;True;True;1.01112970175781;2.301329285980743
caged_estoque_agro;Monthly;Mensal;4;boxcox;1;366;False;False;False;False;0;False;True;1.2588993574932672;2.517449876172446
caged_estoque_agro;Monthly;Mensal;5;boxcox→diff;2;365;True;True;True;True;4;True;True;1.006716940162858;2.2968046310380017
caged_estoque_agro;Monthly;Mensal;6;yeojohnson;1;366;False;False;False;False;0;False;True;1.2588993570453904;2.517449921103434
caged_estoque_agro;Monthly;Mensal;7;yeojohnson→diff;2;365;True;True;True;True;4;True;True;1.0067169277399788;2.296804626122412
caged_estoque_agro;Monthly;Anual;8;sdiff12;1;354;True;True;True;True;4;True;True;0.9492488878354658;1.477713351608892
caged_estoque_agro;Monthly;Anual;9;sdiff12→diff;2;353;True;True;True;True;4;True;True;0.766024060435122;1.7727287926841875
caged_estoque_agro;Monthly;Anual;10;log→sdiff12;3;354;True;True;True;True;4;True;True;1.0066076250630653;1.9706647594477285
caged_estoque_agro;Monthly;Anual;11;log→sdiff12→diff;4;353;True;True;True;True;4;True;True;0.9034441487559735;2.3825340352359543
caged_estoque_agro;Monthly;Anual;12;boxcox→sdiff12→diff;3;353;True;True;True;True;4;True;True;0.8975322196748267;2.35371118205842
caged_estoque_agro;Monthly;Mensal;13;mom_pct;1;365;True;True;True;True;4;True;True;1.006675863786242;2.333386513397228
caged_estoque_agro;Monthly;Anual;14;mom_pct_annual_rate;1;365;True;True;True;True;4;True;True;1.006675863786242;2.333386513397228
caged_estoque_agro;Monthly;Anual;15;yoy_pct_monthly;1;354;True;True;True;True;4;True;True;0.9742020625893543;1.8041728514306195
caged_estoque_ind_extrativa;Monthly;Mensal;0;nível;0;366;False;False;False;False;0;False;True;1.0219273854817066;1.7591782854513793
caged_estoque_ind_extrativa;Monthly;Mensal;1;diff;1;365;True;True;True;True;4;True;True;0.9146084639220672;1.5960061476761127
caged_estoque_ind_extrativa;Monthly;Mensal;2;log;1;366;False;False;False;False;0;False;True;0.9116053137207747;2.183306410442248
caged_estoque_ind_extrativa;Monthly;Mensal;3;log→diff;3;365;False;True;True;False;2;False;True;0.7744285573073696;1.1907269641978633
caged_estoque_ind_extrativa;Monthly;Mensal;4;boxcox;1;366;False;False;False;False;0;False;True;1.0143517971073237;1.76643820561335
caged_estoque_ind_extrativa;Monthly;Mensal;5;boxcox→diff;2;365;True;True;True;True;4;True;True;0.9061723911423949;1.5031789756198843
caged_estoque_ind_extrativa;Monthly;Mensal;6;yeojohnson;1;366;False;False;False;False;0;False;True;1.01435214379911;1.7664356175308271
caged_estoque_ind_extrativa;Monthly;Mensal;7;yeojohnson→diff;2;365;True;True;True;True;4;True;True;0.9061727912274189;1.503183853128803
caged_estoque_ind_extrativa;Monthly;Anual;8;sdiff12;1;354;False;True;False;False;1;False;True;1.1746010281175754;4.1969334337209006
caged_estoque_ind_extrativa;Monthly;Anual;9;sdiff12→diff;2;353;True;True;True;True;4;True;True;0.9662608511785062;0.9946988559287172
caged_estoque_ind_extrativa;Monthly;Anual;10;log→sdiff12;3;354;False;True;False;False;1;False;True;1.0216770845247145;2.101066451419187
caged_estoque_ind_extrativa;Monthly;Anual;11;log→sdiff12→diff;4;353;True;True;True;True;4;True;True;0.8736079561462733;1.8363532929521125
caged_estoque_ind_extrativa;Monthly;Anual;12;boxcox→sdiff12→diff;3;353;True;True;True;True;4;True;True;0.9607379754011947;0.9635686607048732
caged_estoque_ind_extrativa;Monthly;Mensal;13;mom_pct;1;365;False;True;True;False;2;False;True;0.7743395655547732;1.2052685412805069
caged_estoque_ind_extrativa;Monthly;Anual;14;mom_pct_annual_rate;1;365;False;True;True;False;2;False;True;0.7743395655547732;1.2052685412805069
caged_estoque_ind_extrativa;Monthly;Anual;15;yoy_pct_monthly;1;354;False;True;False;False;1;False;True;1.0513810742055498;1.9653046373929324
caged_estoque_ind_transformacao;Monthly;Mensal;0;nível;0;366;False;False;False;False;0;False;True;1.0105089652838213;2.0322798940100264
caged_estoque_ind_transformacao;Monthly;Mensal;1;diff;1;365;True;True;True;True;4;True;True;1.6760061768241987;1.1572157421544547
caged_estoque_ind_transformacao;Monthly;Mensal;2;log;1;366;False;False;False;False;0;False;True;0.9350644932147858;2.0699344925679384
caged_estoque_ind_transformacao;Monthly;Mensal;3;log→diff;3;365;True;True;True;True;4;True;True;1.5819622401680296;1.3953045496388625
caged_estoque_ind_transformacao;Monthly;Mensal;4;boxcox;1;366;False;False;False;;0;False;True;1.158409343312553;2.0939620849166607
caged_estoque_ind_transformacao;Monthly;Mensal;5;boxcox→diff;2;365;True;True;True;;3;True;True;1.6971339583867742;1.8142032540558775
caged_estoque_ind_transformacao;Monthly;Mensal;6;yeojohnson;1;366;False;False;False;;0;False;True;1.15840928763767;2.0939614435893374
caged_estoque_ind_transformacao;Monthly;Mensal;7;yeojohnson→diff;2;365;True;True;True;;3;True;True;1.6971339655792321;1.8142029319848714
caged_estoque_ind_transformacao;Monthly;Anual;8;sdiff12;1;354;False;True;False;False;1;False;True;1.2632652105040612;1.8129001620305951
caged_estoque_ind_transformacao;Monthly;Anual;9;sdiff12→diff;2;353;True;True;True;True;4;True;True;1.4146038687257494;2.6149699476108093
caged_estoque_ind_transformacao;Monthly;Anual;10;log→sdiff12;3;354;False;True;False;False;1;False;True;1.1671612907591842;1.7705417703743447
caged_estoque_ind_transformacao;Monthly;Anual;11;log→sdiff12→diff;4;353;True;True;True;True;4;True;True;1.3140074434474989;2.140390264750727
caged_estoque_ind_transformacao;Monthly;Anual;12;boxcox→sdiff12→diff;3;353;True;True;True;;3;True;True;1.4659298675645271;3.034448215579031
caged_estoque_ind_transformacao;Monthly;Mensal;13;mom_pct;1;365;True;True;True;True;4;True;True;1.5675409414053314;1.4167660803464044
caged_estoque_ind_transformacao;Monthly;Anual;14;mom_pct_annual_rate;1;365;True;True;True;True;4;True;True;1.5675409414053314;1.4167660803464044
caged_estoque_ind_transformacao;Monthly;Anual;15;yoy_pct_monthly;1;354;False;True;False;False;1;False;True;1.179068415978045;1.7964176423181948
caged_estoque_SIUP;Monthly;Mensal;0;nível;0;366;False;False;False;False;0;False;True;0.8505499506832589;1.2820135019826582
caged_estoque_SIUP;Monthly;Mensal;1;diff;1;365;False;False;True;True;2;False;True;0.6039987747040797;0.8144691728731787
caged_estoque_SIUP;Monthly;Mensal;2;log;1;366;False;False;False;False;0;False;True;0.9217959525833742;1.3597534650494452
caged_estoque_SIUP;Monthly;Mensal;3;log→diff;3;365;False;False;True;True;2;False;True;0.50646019561122;0.7435441870303301
caged_estoque_SIUP;Monthly;Mensal;4;boxcox;1;366;False;False;False;False;0;False;True;0.881138151584373;1.2922531338680356
caged_estoque_SIUP;Monthly;Mensal;5;boxcox→diff;2;365;False;False;True;True;2;False;True;0.5460322695225429;0.7353400674491923
caged_estoque_SIUP;Monthly;Mensal;6;yeojohnson;1;366;False;False;False;False;0;False;True;0.8811381204812103;1.2922530277410074
caged_estoque_SIUP;Monthly;Mensal;7;yeojohnson→diff;2;365;False;False;True;True;2;False;True;0.546032323921585;0.735339958934572
caged_estoque_SIUP;Monthly;Anual;8;sdiff12;1;354;False;False;False;False;0;False;True;0.9040646393398265;1.5057498197729267
caged_estoque_SIUP;Monthly;Anual;9;sdiff12→diff;2;353;True;True;True;False;3;True;True;0.6026503577516482;0.7002015463694086
caged_estoque_SIUP;Monthly;Anual;10;log→sdiff12;3;354;False;False;False;False;0;False;True;0.8987780085308964;1.4941148034756269
caged_estoque_SIUP;Monthly;Anual;11;log→sdiff12→diff;4;353;True;True;True;False;3;True;True;0.5101265189111945;0.600321648226004
caged_estoque_SIUP;Monthly;Anual;12;boxcox→sdiff12→diff;3;353;True;True;True;False;3;True;True;0.5488298441124803;0.642369567400071
caged_estoque_SIUP;Monthly;Mensal;13;mom_pct;1;365;False;False;True;True;2;False;True;0.507134520352335;0.7431001890729811
caged_estoque_SIUP;Monthly;Anual;14;mom_pct_annual_rate;1;365;False;False;True;True;2;False;True;0.507134520352335;0.7431001890729811
caged_estoque_SIUP;Monthly;Anual;15;yoy_pct_monthly;1;354;False;False;False;False;0;False;True;0.8954383540209079;1.4861438749944973
caged_estoque_EG;Monthly;Mensal;0;nível;0;234;False;False;False;False;0;False;True;0.9643302594873788;2.026835946256377
caged_estoque_EG;Monthly;Mensal;1;diff;1;233;True;True;True;True;4;True;True;0.8372237374806761;0.6721108919150802
caged_estoque_EG;Monthly;Mensal;2;log;1;234;False;False;False;False;0;False;True;0.9092219098259546;1.9867316373625594
caged_estoque_EG;Monthly;Mensal;3;log→diff;3;233;True;True;True;True;4;True;True;0.8339559593243876;0.6019355246352337
caged_estoque_EG;Monthly;Mensal;4;boxcox;1;234;False;False;False;False;0;False;True;0.8583060708543818;1.8592864294065554
caged_estoque_EG;Monthly;Mensal;5;boxcox→diff;2;233;True;True;True;True;4;True;True;0.8291076725163384;0.5827294472361132
caged_estoque_EG;Monthly;Mensal;6;yeojohnson;1;234;False;False;False;False;0;False;True;0.8583062718631237;1.8592869971672425
caged_estoque_EG;Monthly;Mensal;7;yeojohnson→diff;2;233;True;True;True;True;4;True;True;0.8291076769259128;0.582729434813357
caged_estoque_EG;Monthly;Anual;8;sdiff12;1;222;False;True;False;True;2;False;True;1.1813755841622056;2.2281994512365846
caged_estoque_EG;Monthly;Anual;9;sdiff12→diff;2;221;True;True;True;False;3;True;True;0.7182875667339476;0.7175579272664491
caged_estoque_EG;Monthly;Anual;10;log→sdiff12;3;222;False;True;False;True;2;False;True;1.1846843526461523;2.256163866676532
caged_estoque_EG;Monthly;Anual;11;log→sdiff12→diff;4;221;True;True;True;False;3;True;True;0.7095970968653117;0.6704079821020579
caged_estoque_EG;Monthly;Anual;12;boxcox→sdiff12→diff;3;221;True;True;True;False;3;True;True;0.6990044216846371;0.7040121402723765
caged_estoque_EG;Monthly;Mensal;13;mom_pct;1;233;True;True;True;True;4;True;True;0.8261267757210561;0.5940397959299
caged_estoque_EG;Monthly;Anual;14;mom_pct_annual_rate;1;233;True;True;True;True;4;True;True;0.8261267757210561;0.5940397959299
caged_estoque_EG;Monthly;Anual;15;yoy_pct_monthly;1;222;False;True;False;True;2;False;True;1.169340639433373;2.2323142586959714
caged_estoque_AER;Monthly;Mensal;0;nível;0;234;False;False;False;False;0;False;True;0.7066906945143994;0.8567718873202107
caged_estoque_AER;Monthly;Mensal;1;diff;1;233;False;True;True;True;3;True;True;0.5916969481671234;0.6317639258355445
caged_estoque_AER;Monthly;Mensal;2;log;1;234;False;False;False;False;0;False;True;0.6870170035563121;1.0145349311311234
caged_estoque_AER;Monthly;Mensal;3;log→diff;3;233;False;True;True;True;3;True;True;0.580573735540227;0.8252010181074807
caged_estoque_AER;Monthly;Mensal;4;boxcox;1;234;False;False;False;False;0;False;True;0.6861375743786047;0.9903750287664014
caged_estoque_AER;Monthly;Mensal;5;boxcox→diff;2;233;False;True;True;True;3;True;True;0.5809938348203483;0.8318772918529752
caged_estoque_AER;Monthly;Mensal;6;yeojohnson;1;234;False;False;False;False;0;False;True;0.6861375759874415;0.9903751313293524
caged_estoque_AER;Monthly;Mensal;7;yeojohnson→diff;2;233;False;True;True;True;3;True;True;0.580993848658072;0.8318773551998663
caged_estoque_AER;Monthly;Anual;8;sdiff12;1;222;False;True;False;False;1;False;True;0.8397758113360567;1.2388137082434414
caged_estoque_AER;Monthly;Anual;9;sdiff12→diff;2;221;True;True;True;True;4;True;True;0.5246580167238993;0.5237087888422263
caged_estoque_AER;Monthly;Anual;10;log→sdiff12;3;222;False;True;False;False;1;False;True;0.7979413995662914;1.4010055644021815
caged_estoque_AER;Monthly;Anual;11;log→sdiff12→diff;4;221;True;True;True;True;4;True;True;0.5355654905605625;0.7229993808763158
caged_estoque_AER;Monthly;Anual;12;boxcox→sdiff12→diff;3;221;True;True;True;True;4;True;True;0.5324865143159355;0.7174203147311413
caged_estoque_AER;Monthly;Mensal;13;mom_pct;1;233;False;True;True;True;3;True;True;0.581162621414841;0.829546621013258
caged_estoque_AER;Monthly;Anual;14;mom_pct_annual_rate;1;233;False;True;True;True;3;True;True;0.581162621414841;0.829546621013258
caged_estoque_AER;Monthly;Anual;15;yoy_pct_monthly;1;222;False;True;False;False;1;False;True;0.7819375956572856;1.3718066886063176
caged_estoque_construcao;Monthly;Mensal;0;nível;0;366;False;False;False;False;0;False;True;1.2591191190171944;3.2475514917166777
caged_estoque_construcao;Monthly;Mensal;1;diff;1;365;False;True;True;True;3;True;True;1.3452879443172712;2.3954082844586924
caged_estoque_construcao;Monthly;Mensal;2;log;1;366;False;False;False;False;0;False;True;1.0892436871738262;2.4292446203617346
caged_estoque_construcao;Monthly;Mensal;3;log→diff;3;365;False;True;True;True;3;True;True;1.1951230766631589;2.125588649380406
caged_estoque_construcao;Monthly;Mensal;4;boxcox;1;366;False;False;False;False;0;False;True;1.1310940033642884;2.4786913408151334
caged_estoque_construcao;Monthly;Mensal;5;boxcox→diff;2;365;False;True;True;True;3;True;True;1.254123648012087;2.006497660937958
caged_estoque_construcao;Monthly;Mensal;6;yeojohnson;1;366;False;False;False;False;0;False;True;1.1310940500284201;2.478692286550746
caged_estoque_construcao;Monthly;Mensal;7;yeojohnson→diff;2;365;False;True;True;True;3;True;True;1.2541237136960632;2.00649747947231
caged_estoque_construcao;Monthly;Anual;8;sdiff12;1;354;False;True;False;True;2;False;True;1.3015847744653493;1.8246437033579175
caged_estoque_construcao;Monthly;Anual;9;sdiff12→diff;2;353;True;True;True;True;4;True;True;1.0678009843818155;2.2306974626431573
caged_estoque_construcao;Monthly;Anual;10;log→sdiff12;3;354;False;True;False;True;2;False;True;0.8786125866983777;2.2736658376269907
caged_estoque_construcao;Monthly;Anual;11;log→sdiff12→diff;4;353;True;True;True;True;4;True;True;1.0029242573486885;2.1187741423286646
caged_estoque_construcao;Monthly;Anual;12;boxcox→sdiff12→diff;3;353;True;True;True;True;4;True;True;1.03120905181811;1.8383713979058354
caged_estoque_construcao;Monthly;Mensal;13;mom_pct;1;365;False;True;True;True;3;True;True;1.185471710719706;2.1174156438541427
caged_estoque_construcao;Monthly;Anual;14;mom_pct_annual_rate;1;365;False;True;True;True;3;True;True;1.185471710719706;2.1174156438541427
caged_estoque_construcao;Monthly;Anual;15;yoy_pct_monthly;1;354;False;True;False;True;2;False;True;0.8610850448859796;2.1785540317327534
caged_estoque_comercio;Monthly;Mensal;0;nível;0;366;False;False;False;False;0;False;True;0.9243126872983304;1.8822000501615612
caged_estoque_comercio;Monthly;Mensal;1;diff;1;365;True;True;True;False;3;True;True;2.744245982095698;1.3784303555339124
caged_estoque_comercio;Monthly;Mensal;2;log;1;366;False;False;False;False;0;False;True;1.0025554209382466;2.7142039247409064
caged_estoque_comercio;Monthly;Mensal;3;log→diff;3;365;False;False;True;False;1;False;True;2.171470381881619;1.490332968493028
caged_estoque_comercio;Monthly;Mensal;4;boxcox;1;366;False;False;False;False;0;False;True;0.9200254403238589;1.9745793899057853
caged_estoque_comercio;Monthly;Mensal;5;boxcox→diff;2;365;True;True;True;False;3;True;True;2.7292763116993943;1.3487862579513077
caged_estoque_comercio;Monthly;Mensal;6;yeojohnson;1;366;False;False;False;False;0;False;True;0.9200254447557435;1.9745793155896183
caged_estoque_comercio;Monthly;Mensal;7;yeojohnson→diff;2;365;True;True;True;False;3;True;True;2.7292763276927006;1.3487863068429222
caged_estoque_comercio;Monthly;Anual;8;sdiff12;1;354;False;True;False;False;1;False;True;2.1374716795407225;2.2487284435951698
caged_estoque_comercio;Monthly;Anual;9;sdiff12→diff;2;353;True;True;True;True;4;True;True;2.301903349209492;1.6884478032336652
caged_estoque_comercio;Monthly;Anual;10;log→sdiff12;3;354;False;False;False;False;0;False;True;1.4906791800958672;1.7004985609507661
caged_estoque_comercio;Monthly;Anual;11;log→sdiff12→diff;4;353;True;True;True;True;4;True;True;1.7375484340829295;1.3247108923586925
caged_estoque_comercio;Monthly;Anual;12;boxcox→sdiff12→diff;3;353;True;True;True;True;4;True;True;2.286128987763855;1.6362356101499167
caged_estoque_comercio;Monthly;Mensal;13;mom_pct;1;365;False;False;True;False;1;False;True;2.14966994911939;1.497165638831661
caged_estoque_comercio;Monthly;Anual;14;mom_pct_annual_rate;1;365;False;False;True;False;1;False;True;2.14966994911939;1.497165638831661
caged_estoque_comercio;Monthly;Anual;15;yoy_pct_monthly;1;354;False;False;False;False;0;False;True;1.4681766296008094;1.7266952297978424
caged_estoque_servicos;Monthly;Mensal;0;nível;0;366;False;False;False;False;0;False;True;1.0353940766875709;1.7501886214612072
caged_estoque_servicos;Monthly;Mensal;1;diff;1;365;True;False;True;True;3;True;True;2.7651149013153726;1.5634040118999346
caged_estoque_servicos;Monthly;Mensal;2;log;1;366;False;False;False;False;0;False;True;0.867966444900424;2.2203374771355295
caged_estoque_servicos;Monthly;Mensal;3;log→diff;3;365;True;True;True;False;3;True;True;2.4873301529228153;1.3535575130987878
caged_estoque_servicos;Monthly;Mensal;4;boxcox;1;366;False;False;False;False;0;False;True;0.9252311958893495;1.7822845251231747
caged_estoque_servicos;Monthly;Mensal;5;boxcox→diff;2;365;True;True;True;True;4;True;True;2.663053056704183;1.383573344238513
caged_estoque_servicos;Monthly;Mensal;6;yeojohnson;1;366;False;False;False;False;0;False;True;0.9252312112170125;1.782284497518952
caged_estoque_servicos;Monthly;Mensal;7;yeojohnson→diff;2;365;True;True;True;True;4;True;True;2.6630530794449987;1.3835734056100923
caged_estoque_servicos;Monthly;Anual;8;sdiff12;1;354;False;True;False;False;1;False;True;2.261712905376841;2.561711583471092
caged_estoque_servicos;Monthly;Anual;9;sdiff12→diff;2;353;True;True;True;True;4;True;True;2.363331256009779;1.6452486078727926
caged_estoque_servicos;Monthly;Anual;10;log→sdiff12;3;354;False;True;False;False;1;False;True;1.9029536850780084;2.0401106663217914
caged_estoque_servicos;Monthly;Anual;11;log→sdiff12→diff;4;353;True;True;True;True;4;True;True;2.0554511848337205;1.381498514363684
caged_estoque_servicos;Monthly;Anual;12;boxcox→sdiff12→diff;3;353;True;True;True;True;4;True;True;2.245248829392877;1.6141107958185787
caged_estoque_servicos;Monthly;Mensal;13;mom_pct;1;365;True;True;True;False;3;True;True;2.4725763141979193;1.337734549857695
caged_estoque_servicos;Monthly;Anual;14;mom_pct_annual_rate;1;365;True;True;True;False;3;True;True;2.4725763141979193;1.337734549857695
caged_estoque_servicos;Monthly;Anual;15;yoy_pct_monthly;1;354;False;True;False;False;1;False;True;1.8979593192242674;1.9695298558115368
pnadc_salario_real_efetivo;Monthly;Mensal;0;nível;0;172;False;False;True;False;1;False;True;1.060916189818383;0.9734478702680097
pnadc_salario_real_efetivo;Monthly;Mensal;1;diff;1;171;False;True;True;False;2;False;True;1.967644966548846;2.026633915194486
pnadc_salario_real_efetivo;Monthly;Mensal;2;log;1;172;False;False;True;False;1;False;True;1.364256554393592;1.0732535949703623
pnadc_salario_real_efetivo;Monthly;Mensal;3;log→diff;3;171;False;True;True;False;2;False;True;2.3058327330948294;2.007564828784323
pnadc_salario_real_efetivo;Monthly;Mensal;4;boxcox;1;172;False;False;True;False;1;False;True;0.9538330697810871;0.8927674151028854
pnadc_salario_real_efetivo;Monthly;Mensal;5;boxcox→diff;2;171;False;True;True;False;2;False;True;1.8278130875217837;2.0140463065104544
pnadc_salario_real_efetivo;Monthly;Mensal;6;yeojohnson;1;172;False;False;True;False;1;False;True;0.9538484254890923;0.8927737715401188
pnadc_salario_real_efetivo;Monthly;Mensal;7;yeojohnson→diff;2;171;False;True;True;False;2;False;True;1.8278344293396596;2.0140491193343353
pnadc_salario_real_efetivo;Monthly;Anual;8;sdiff12;1;160;False;True;True;False;2;False;True;1.355025487009883;3.9993370897961356
pnadc_salario_real_efetivo;Monthly;Anual;9;sdiff12→diff;2;159;True;True;True;False;3;True;True;2.109488264722616;1.607840030390643
pnadc_salario_real_efetivo;Monthly;Anual;10;log→sdiff12;3;160;False;True;True;False;2;False;True;1.4339855596274427;4.0588274195946505
pnadc_salario_real_efetivo;Monthly;Anual;11;log→sdiff12→diff;4;159;True;True;True;False;3;True;True;2.3828840524079324;1.5469786054395072
pnadc_salario_real_efetivo;Monthly;Anual;12;boxcox→sdiff12→diff;3;159;True;True;True;False;3;True;True;1.9925313801818831;1.6280812608404314
pnadc_salario_real_efetivo;Monthly;Mensal;13;mom_pct;1;171;False;True;True;False;2;False;True;2.5010632339324026;1.9720511617624807
pnadc_salario_real_efetivo;Monthly;Anual;14;mom_pct_annual_rate;1;171;False;True;True;False;2;False;True;2.5010632339324026;1.9720511617624807
pnadc_salario_real_efetivo;Monthly;Anual;15;yoy_pct_monthly;1;160;False;True;True;False;2;False;True;1.5594427370439046;3.6118494370269483
pnadc_salario_real_com_carteira;Monthly;Mensal;0;nível;0;172;False;False;False;False;0;False;True;1.0881090936376465;1.1936587751224612
pnadc_salario_real_com_carteira;Monthly;Mensal;1;diff;1;171;True;True;True;True;4;True;True;0.6374032457677873;1.0419903989827888
pnadc_salario_real_com_carteira;Monthly;Mensal;2;log;1;172;False;False;False;False;0;False;True;1.1111623367929806;1.1629317742723366
pnadc_salario_real_com_carteira;Monthly;Mensal;3;log→diff;3;171;True;True;True;True;4;True;True;0.6631923371565661;1.0985646797581385
pnadc_salario_real_com_carteira;Monthly;Mensal;4;boxcox;1;172;False;False;True;False;1;False;True;1.1646246664860738;1.1768154636174746
pnadc_salario_real_com_carteira;Monthly;Mensal;5;boxcox→diff;2;171;True;True;True;True;4;True;True;0.7310649400651817;1.090956861126514
pnadc_salario_real_com_carteira;Monthly;Mensal;6;yeojohnson;1;172;False;False;True;False;1;False;True;1.1646237656606775;1.176811753108215
pnadc_salario_real_com_carteira;Monthly;Mensal;7;yeojohnson→diff;2;171;True;True;True;True;4;True;True;0.7310644455578483;1.0909572787094486
pnadc_salario_real_com_carteira;Monthly;Anual;8;sdiff12;1;160;False;True;False;True;2;False;True;1.3009630925282005;1.2326198878018004
pnadc_salario_real_com_carteira;Monthly;Anual;9;sdiff12→diff;2;159;True;True;True;True;4;True;True;0.5562186256709338;0.8568766334134746
pnadc_salario_real_com_carteira;Monthly;Anual;10;log→sdiff12;3;160;False;True;False;True;2;False;True;1.3199863790086634;1.2030784836818316
pnadc_salario_real_com_carteira;Monthly;Anual;11;log→sdiff12→diff;4;159;True;True;True;True;4;True;True;0.5778953055023459;0.8061226154221894
pnadc_salario_real_com_carteira;Monthly;Anual;12;boxcox→sdiff12→diff;3;159;True;True;True;True;4;True;True;0.6339240050667767;0.8371652962457163
pnadc_salario_real_com_carteira;Monthly;Mensal;13;mom_pct;1;171;True;True;True;True;4;True;True;0.6585889818512612;1.0899301663797534
pnadc_salario_real_com_carteira;Monthly;Anual;14;mom_pct_annual_rate;1;171;True;True;True;True;4;True;True;0.6585889818512612;1.0899301663797534
pnadc_salario_real_com_carteira;Monthly;Anual;15;yoy_pct_monthly;1;160;True;True;False;True;3;True;True;1.296830366160118;1.2201584986098901
pnadc_salario_real_sem_carteira;Monthly;Mensal;0;nível;0;172;False;False;False;False;0;False;True;0.8054787093570638;1.7753003835399996
pnadc_salario_real_sem_carteira;Monthly;Mensal;1;diff;1;171;True;True;True;True;4;True;True;0.7137950427449944;1.056272497072952
pnadc_salario_real_sem_carteira;Monthly;Mensal;2;log;1;172;False;False;False;False;0;False;True;0.7616473726900764;1.2055285117482184
pnadc_salario_real_sem_carteira;Monthly;Mensal;3;log→diff;3;171;True;True;True;True;4;True;True;0.6484959498131275;1.315284355904588
pnadc_salario_real_sem_carteira;Monthly;Mensal;4;boxcox;1;172;False;False;True;;1;False;True;0.9056631241496169;1.5
pnadc_salario_real_sem_carteira;Monthly;Mensal;5;boxcox→diff;2;171;False;True;True;;2;True;True;1.5186496279314154;
pnadc_salario_real_sem_carteira;Monthly;Mensal;6;yeojohnson;1;172;False;False;True;;1;False;True;0.8813032648253717;1.4375
pnadc_salario_real_sem_carteira;Monthly;Mensal;7;yeojohnson→diff;2;171;False;True;True;;2;True;True;1.1041424382091427;
pnadc_salario_real_sem_carteira;Monthly;Anual;8;sdiff12;1;160;False;True;True;False;2;False;True;1.2264177369067863;1.4799228650132743
pnadc_salario_real_sem_carteira;Monthly;Anual;9;sdiff12→diff;2;159;True;True;True;False;3;True;True;0.3754795223050837;0.6083337476683702
pnadc_salario_real_sem_carteira;Monthly;Anual;10;log→sdiff12;3;160;True;True;True;False;3;True;True;1.1576484515651824;0.9884181466983574
pnadc_salario_real_sem_carteira;Monthly;Anual;11;log→sdiff12→diff;4;159;True;True;True;False;3;True;True;0.36564155316182895;0.6561659553565143
pnadc_salario_real_sem_carteira;Monthly;Anual;12;boxcox→sdiff12→diff;3;159;;True;;;1;True;True;1.15846688640663;3.0869565217391313
pnadc_salario_real_sem_carteira;Monthly;Mensal;13;mom_pct;1;171;True;True;True;True;4;True;True;0.6428404814756568;1.2855301105786865
pnadc_salario_real_sem_carteira;Monthly;Anual;14;mom_pct_annual_rate;1;171;True;True;True;True;4;True;True;0.6428404814756568;1.2855301105786865
pnadc_salario_real_sem_carteira;Monthly;Anual;15;yoy_pct_monthly;1;160;True;True;True;False;3;True;True;1.126903709047021;1.1362799993583297
pnadc_salario_real_setor_privado;Monthly;Mensal;0;nível;0;172;False;False;False;False;0;False;True;1.1225270909438978;1.8085078375875687
pnadc_salario_real_setor_privado;Monthly;Mensal;1;diff;1;171;True;True;True;True;4;True;True;1.0031439482941429;1.850028766533906
pnadc_salario_real_setor_privado;Monthly;Mensal;2;log;1;172;False;False;False;False;0;False;True;1.1432472200962083;1.6243048556226594
pnadc_salario_real_setor_privado;Monthly;Mensal;3;log→diff;3;171;True;True;True;True;4;True;True;1.0037224756712246;1.6638764406121345
pnadc_salario_real_setor_privado;Monthly;Mensal;4;boxcox;1;172;;False;;;0;False;True;;
pnadc_salario_real_setor_privado;Monthly;Mensal;5;boxcox→diff;2;171;;;;;0;False;True;;
pnadc_salario_real_setor_privado;Monthly;Mensal;6;yeojohnson;1;172;;False;;;0;False;True;;
pnadc_salario_real_setor_privado;Monthly;Mensal;7;yeojohnson→diff;2;171;;;;;0;False;True;;
pnadc_salario_real_setor_privado;Monthly;Anual;8;sdiff12;1;160;False;True;False;True;2;False;True;1.4934558159383295;4.156837651581607
pnadc_salario_real_setor_privado;Monthly;Anual;9;sdiff12→diff;2;159;True;True;True;True;4;True;True;0.807720663339412;1.7625222664780658
pnadc_salario_real_setor_privado;Monthly;Anual;10;log→sdiff12;3;160;False;True;False;True;2;False;True;1.499944877540541;3.9380922707404307
pnadc_salario_real_setor_privado;Monthly;Anual;11;log→sdiff12→diff;4;159;True;True;True;True;4;True;True;0.8140645516278235;1.86351686913663
pnadc_salario_real_setor_privado;Monthly;Anual;12;boxcox→sdiff12→diff;3;159;;;;;0;False;True;;
pnadc_salario_real_setor_privado;Monthly;Mensal;13;mom_pct;1;171;True;True;True;True;4;True;True;0.9992246520491614;1.6869476282718254
pnadc_salario_real_setor_privado;Monthly;Anual;14;mom_pct_annual_rate;1;171;True;True;True;True;4;True;True;0.9992246520491614;1.6869476282718254
pnadc_salario_real_setor_privado;Monthly;Anual;15;yoy_pct_monthly;1;160;True;True;False;True;3;True;True;1.4755201843188985;4.093197176871494
pnadc_salario_real_setor_publico;Monthly;Mensal;0;nível;0;172;False;False;False;False;0;False;True;1.4851377436822157;1.6963383833442511
pnadc_salario_real_setor_publico;Monthly;Mensal;1;diff;1;171;True;True;True;True;4;True;True;0.7455804622942189;1.8090593619548418
pnadc_salario_real_setor_publico;Monthly;Mensal;2;log;1;172;False;False;False;False;0;False;True;1.4922850020452858;1.6842485033223547
pnadc_salario_real_setor_publico;Monthly;Mensal;3;log→diff;3;171;True;True;True;True;4;True;True;0.7505993527325492;1.5119941612478838
pnadc_salario_real_setor_publico;Monthly;Mensal;4;boxcox;1;172;False;False;False;False;0;False;True;1.495484521816078;1.5985641410765028
pnadc_salario_real_setor_publico;Monthly;Mensal;5;boxcox→diff;2;171;True;True;True;True;4;True;True;0.7568237475541442;1.423564638835649
pnadc_salario_real_setor_publico;Monthly;Mensal;6;yeojohnson;1;172;False;False;False;False;0;False;True;1.4954842576443694;1.5985735885873693
pnadc_salario_real_setor_publico;Monthly;Mensal;7;yeojohnson→diff;2;171;True;True;True;True;4;True;True;0.7568230465839442;1.4235701456744967
pnadc_salario_real_setor_publico;Monthly;Anual;8;sdiff12;1;160;False;True;False;True;2;False;True;1.5554294857227222;0.9467633266990774
pnadc_salario_real_setor_publico;Monthly;Anual;9;sdiff12→diff;2;159;True;True;True;True;4;True;True;0.7732756730218272;1.1243177593756593
pnadc_salario_real_setor_publico;Monthly;Anual;10;log→sdiff12;3;160;False;True;False;True;2;False;True;1.5647707755081686;0.9523712364686419
pnadc_salario_real_setor_publico;Monthly;Anual;11;log→sdiff12→diff;4;159;True;True;True;True;4;True;True;0.7690303143373247;1.168014466768385
pnadc_salario_real_setor_publico;Monthly;Anual;12;boxcox→sdiff12→diff;3;159;True;True;True;True;4;True;True;0.7697991159206371;1.1629672613712756
pnadc_salario_real_setor_publico;Monthly;Mensal;13;mom_pct;1;171;True;True;True;True;4;True;True;0.7487056919529026;1.5150700386318776
pnadc_salario_real_setor_publico;Monthly;Anual;14;mom_pct_annual_rate;1;171;True;True;True;True;4;True;True;0.7487056919529026;1.5150700386318776
pnadc_salario_real_setor_publico;Monthly;Anual;15;yoy_pct_monthly;1;160;False;True;False;True;2;False;True;1.522061346087762;0.9430713705079288
pnadc_salario_real_conta_propria;Monthly;Mensal;0;nível;0;172;False;False;False;False;0;False;True;0.8819683360751432;2.1136962065247147
pnadc_salario_real_conta_propria;Monthly;Mensal;1;diff;1;171;True;False;True;True;3;True;True;0.5798864959142211;0.7886716326918347
pnadc_salario_real_conta_propria;Monthly;Mensal;2;log;1;172;False;False;False;False;0;False;True;0.8483621557716005;1.6197929910495388
pnadc_salario_real_conta_propria;Monthly;Mensal;3;log→diff;3;171;True;True;True;True;4;True;True;0.5701432499511698;0.7973567432944395
pnadc_salario_real_conta_propria;Monthly;Mensal;4;boxcox;1;172;;;;;0;False;True;;
pnadc_salario_real_conta_propria;Monthly;Mensal;5;boxcox→diff;2;171;;;;;0;False;True;;
pnadc_salario_real_conta_propria;Monthly;Mensal;6;yeojohnson;1;172;;False;;;0;False;True;;
pnadc_salario_real_conta_propria;Monthly;Mensal;7;yeojohnson→diff;2;171;;;;;0;False;True;;
pnadc_salario_real_conta_propria;Monthly;Anual;8;sdiff12;1;160;False;False;False;False;0;False;True;1.0479568199558718;1.5785440977571958
pnadc_salario_real_conta_propria;Monthly;Anual;9;sdiff12→diff;2;159;True;True;True;True;4;True;True;0.4618485274483828;0.6493732573819948
pnadc_salario_real_conta_propria;Monthly;Anual;10;log→sdiff12;3;160;False;False;False;False;0;False;True;1.0590459054800694;1.6387969467204888
pnadc_salario_real_conta_propria;Monthly;Anual;11;log→sdiff12→diff;4;159;True;True;True;True;4;True;True;0.4788895113951697;0.6458689327436392
pnadc_salario_real_conta_propria;Monthly;Anual;12;boxcox→sdiff12→diff;3;159;;;;;0;False;True;;
pnadc_salario_real_conta_propria;Monthly;Mensal;13;mom_pct;1;171;True;True;True;True;4;True;True;0.5691986778757612;0.816620429147992
pnadc_salario_real_conta_propria;Monthly;Anual;14;mom_pct_annual_rate;1;171;True;True;True;True;4;True;True;0.5691986778757612;0.816620429147992
pnadc_salario_real_conta_propria;Monthly;Anual;15;yoy_pct_monthly;1;160;False;False;False;False;0;False;True;1.0784411185891791;1.5826904806393765
pnadc_salario_real_empregadores;Monthly;Mensal;0;nível;0;172;False;True;False;True;2;False;True;1.1550155756172045;2.8989377884569447
pnadc_salario_real_empregadores;Monthly;Mensal;1;diff;1;171;True;True;True;True;4;True;True;0.5207494764652013;0.8620828808978608
pnadc_salario_real_empregadores;Monthly;Mensal;2;log;1;172;False;True;False;True;2;False;True;1.1768052802187285;2.794351412815924
pnadc_salario_real_empregadores;Monthly;Mensal;3;log→diff;3;171;True;True;True;True;4;True;True;0.526797157463642;0.9947841245736136
pnadc_salario_real_empregadores;Monthly;Mensal;4;boxcox;1;172;False;True;False;False;1;False;True;1.135960239026807;2.360422982784006
pnadc_salario_real_empregadores;Monthly;Mensal;5;boxcox→diff;2;171;True;True;True;True;4;True;True;0.5664832619446376;0.4609285045866635
pnadc_salario_real_empregadores;Monthly;Mensal;6;yeojohnson;1;172;False;True;False;False;1;False;True;1.1359603765345485;2.360422197339387
pnadc_salario_real_empregadores;Monthly;Mensal;7;yeojohnson→diff;2;171;True;True;True;True;4;True;True;0.5664835281797889;0.46092839715945383
pnadc_salario_real_empregadores;Monthly;Anual;8;sdiff12;1;160;True;True;True;True;4;True;True;1.1715188409867172;1.1177286252581389
pnadc_salario_real_empregadores;Monthly;Anual;9;sdiff12→diff;2;159;True;True;True;False;3;True;True;0.37128422523108623;0.7066032503086785
pnadc_salario_real_empregadores;Monthly;Anual;10;log→sdiff12;3;160;True;True;True;True;4;True;True;1.1948590845624991;1.2999390726101485
pnadc_salario_real_empregadores;Monthly;Anual;11;log→sdiff12→diff;4;159;True;True;True;False;3;True;True;0.37463956775567425;0.7228226715939765
pnadc_salario_real_empregadores;Monthly;Anual;12;boxcox→sdiff12→diff;3;159;True;True;True;False;3;True;True;0.4049506827842215;0.6688981098998021
pnadc_salario_real_empregadores;Monthly;Mensal;13;mom_pct;1;171;True;True;True;True;4;True;True;0.5212373321130777;1.0187672839064434
pnadc_salario_real_empregadores;Monthly;Anual;14;mom_pct_annual_rate;1;171;True;True;True;True;4;True;True;0.5212373321130777;1.0187672839064434
pnadc_salario_real_empregadores;Monthly;Anual;15;yoy_pct_monthly;1;160;True;True;True;True;4;True;True;1.167968200195117;1.6448894248992143
pnadc_massa_salarial_efetiva;Monthly;Mensal;0;nível;0;172;False;False;False;False;0;False;True;0.7550510910663466;1.905516336714848
pnadc_massa_salarial_efetiva;Monthly;Mensal;1;diff;1;171;False;True;True;False;2;False;True;1.7021901528632424;1.4016446178422588
pnadc_massa_salarial_efetiva;Monthly;Mensal;2;log;1;172;False;False;True;False;1;False;True;0.9229652901911738;1.7452869522380923
pnadc_massa_salarial_efetiva;Monthly;Mensal;3;log→diff;3;171;False;True;True;False;2;False;True;2.0959452311921236;1.4551975253154779
pnadc_massa_salarial_efetiva;Monthly;Mensal;4;boxcox;1;172;False;False;True;False;1;False;True;1.3473859005328146;2.035018946667585
pnadc_massa_salarial_efetiva;Monthly;Mensal;5;boxcox→diff;2;171;False;True;True;False;2;False;True;2.5817012533759547;1.5578470942492815
pnadc_massa_salarial_efetiva;Monthly;Mensal;6;yeojohnson;1;172;False;False;True;False;1;False;True;1.3473886313644192;2.035015674242713
pnadc_massa_salarial_efetiva;Monthly;Mensal;7;yeojohnson→diff;2;171;False;True;True;False;2;False;True;2.5817009936290503;1.5578470091645542
pnadc_massa_salarial_efetiva;Monthly;Anual;8;sdiff12;1;160;True;True;True;False;3;True;True;1.1398540174971725;3.396876747511212
pnadc_massa_salarial_efetiva;Monthly;Anual;9;sdiff12→diff;2;159;True;True;True;False;3;True;True;1.6509274660902944;1.8837930642190186
pnadc_massa_salarial_efetiva;Monthly;Anual;10;log→sdiff12;3;160;True;True;True;False;3;True;True;1.1352149616804923;4.788166837927604
pnadc_massa_salarial_efetiva;Monthly;Anual;11;log→sdiff12→diff;4;159;True;True;True;False;3;True;True;1.9863165257745088;2.1061132715379927
pnadc_massa_salarial_efetiva;Monthly;Anual;12;boxcox→sdiff12→diff;3;159;True;True;True;False;3;True;True;2.4125897149407205;2.400618703902524
pnadc_massa_salarial_efetiva;Monthly;Mensal;13;mom_pct;1;171;False;True;True;False;2;False;True;2.32205483423764;1.4576068654537497
pnadc_massa_salarial_efetiva;Monthly;Anual;14;mom_pct_annual_rate;1;171;False;True;True;False;2;False;True;2.32205483423764;1.4576068654537497
pnadc_massa_salarial_efetiva;Monthly;Anual;15;yoy_pct_monthly;1;160;True;True;True;False;3;True;True;1.1347165214097052;5.563926285734651
pnadc_massa_salarial_habitual;Monthly;Mensal;0;nível;0;172;False;False;False;False;0;False;True;0.950513937376883;3.043435537529746
pnadc_massa_salarial_habitual;Monthly;Mensal;1;diff;1;171;True;True;True;True;4;True;True;0.7033669599803871;1.5835482607107085
pnadc_massa_salarial_habitual;Monthly;Mensal;2;log;1;172;False;False;False;False;0;False;True;0.8976686201324887;1.9419092588909472
pnadc_massa_salarial_habitual;Monthly;Mensal;3;log→diff;3;171;True;True;True;True;4;True;True;0.7311094538150059;1.56097914329304
pnadc_massa_salarial_habitual;Monthly;Mensal;4;boxcox;1;172;;;;;0;False;True;;
pnadc_massa_salarial_habitual;Monthly;Mensal;5;boxcox→diff;2;171;;;;;0;False;True;;
pnadc_massa_salarial_habitual;Monthly;Mensal;6;yeojohnson;1;172;;False;;;0;False;True;;
pnadc_massa_salarial_habitual;Monthly;Mensal;7;yeojohnson→diff;2;171;;;;;0;False;True;;
pnadc_massa_salarial_habitual;Monthly;Anual;8;sdiff12;1;160;False;False;False;True;1;False;True;1.0633420970523257;1.5402577644115458
pnadc_massa_salarial_habitual;Monthly;Anual;9;sdiff12→diff;2;159;False;True;True;True;3;True;True;0.5709271044610033;1.1049085616876007
pnadc_massa_salarial_habitual;Monthly;Anual;10;log→sdiff12;3;160;False;False;False;True;1;False;True;1.0493111824988826;1.4677741388461867
pnadc_massa_salarial_habitual;Monthly;Anual;11;log→sdiff12→diff;4;159;False;True;True;True;3;True;True;0.5889541847245593;1.150711155727847
pnadc_massa_salarial_habitual;Monthly;Anual;12;boxcox→sdiff12→diff;3;159;;;;;0;False;True;;
pnadc_massa_salarial_habitual;Monthly;Mensal;13;mom_pct;1;171;True;True;True;True;4;True;True;0.7263356118574471;1.5217366852115264
pnadc_massa_salarial_habitual;Monthly;Anual;14;mom_pct_annual_rate;1;171;True;True;True;True;4;True;True;0.7263356118574471;1.5217366852115264
pnadc_massa_salarial_habitual;Monthly;Anual;15;yoy_pct_monthly;1;160;False;False;False;True;1;False;True;1.0763955221661616;1.301128231937377
renda_disponivel_familias_restrita;Monthly;Mensal;0;nível;0;279;False;False;False;False;0;False;True;0.796832644136518;1.0032540059277621
renda_disponivel_familias_restrita;Monthly;Mensal;1;diff;1;278;True;True;True;True;4;True;True;1.3616739560812683;1.9881946498845366
renda_disponivel_familias_restrita;Monthly;Mensal;2;log;1;279;False;False;False;False;0;False;True;0.5953326851902592;1.014621696670265
renda_disponivel_familias_restrita;Monthly;Mensal;3;log→diff;3;278;True;True;True;True;4;True;True;1.1522626428743064;0.8785425112777764
renda_disponivel_familias_restrita;Monthly;Mensal;4;boxcox;1;279;False;False;False;False;0;False;True;0.8508606463851277;1.2108656617240758
renda_disponivel_familias_restrita;Monthly;Mensal;5;boxcox→diff;2;278;True;True;True;True;4;True;True;1.3899349883254064;1.9139072813470883
renda_disponivel_familias_restrita;Monthly;Mensal;6;yeojohnson;1;279;False;False;False;False;0;False;True;0.8508607595971797;1.2108658440207996
renda_disponivel_familias_restrita;Monthly;Mensal;7;yeojohnson→diff;2;278;True;True;True;True;4;True;True;1.389935038600828;1.91390706671481
renda_disponivel_familias_restrita;Monthly;Anual;8;sdiff12;1;267;True;True;True;True;4;True;True;1.6966764111481292;2.8409543074596555
renda_disponivel_familias_restrita;Monthly;Anual;9;sdiff12→diff;2;266;True;True;True;True;4;True;True;1.3039592505114392;2.4016750884860367
renda_disponivel_familias_restrita;Monthly;Anual;10;log→sdiff12;3;267;False;True;True;False;2;False;True;1.563850404617626;2.756075289012239
renda_disponivel_familias_restrita;Monthly;Anual;11;log→sdiff12→diff;4;266;True;True;True;False;3;True;True;1.1018517496739137;0.9806721736816864
renda_disponivel_familias_restrita;Monthly;Anual;12;boxcox→sdiff12→diff;3;266;True;True;True;True;4;True;True;1.332174399632198;2.662304942294986
renda_disponivel_familias_restrita;Monthly;Mensal;13;mom_pct;1;278;True;True;True;True;4;True;True;1.1511436188945114;0.8830038920852411
renda_disponivel_familias_restrita;Monthly;Anual;14;mom_pct_annual_rate;1;278;True;True;True;True;4;True;True;1.1511436188945114;0.8830038920852411
renda_disponivel_familias_restrita;Monthly;Anual;15;yoy_pct_monthly;1;267;False;True;True;False;2;False;True;1.5530061177329435;2.5503481971267457
tx_desemprego;Monthly;Mensal;0;nível;0;172;False;True;False;False;1;False;True;1.1789645742859594;3.854879714850334
tx_desemprego;Monthly;Mensal;1;diff;1;171;False;True;True;True;3;True;True;1.0799618733434773;0.8702645408387316
tx_desemprego;Monthly;Mensal;2;log;1;172;False;True;False;False;1;False;True;1.0514851533627398;1.6349017458411423
tx_desemprego;Monthly;Mensal;3;log→diff;3;171;False;False;True;True;2;False;True;0.6800775272906063;1.1951094258054673
tx_desemprego;Monthly;Mensal;4;boxcox;1;172;False;True;False;False;1;False;True;1.0564170954917798;1.6481492748191107
tx_desemprego;Monthly;Mensal;5;boxcox→diff;2;171;False;False;True;True;2;False;True;0.6915200964879016;1.1705107748810333
tx_desemprego;Monthly;Mensal;6;yeojohnson;1;172;False;True;False;False;1;False;True;1.0617650442793476;1.665855583190017
tx_desemprego;Monthly;Mensal;7;yeojohnson→diff;2;171;False;False;True;True;2;False;True;0.6978355034930879;1.1496059167354038
tx_desemprego;Monthly;Anual;8;sdiff12;1;160;False;False;False;True;1;False;True;1.3074708247667102;1.909134041907193
tx_desemprego;Monthly;Anual;9;sdiff12→diff;2;159;True;True;True;True;4;True;True;1.0673424414798904;1.9895999382974314
tx_desemprego;Monthly;Anual;10;log→sdiff12;3;160;False;False;False;True;1;False;True;1.102647038140121;1.5233227483837843
tx_desemprego;Monthly;Anual;11;log→sdiff12→diff;4;159;True;True;True;True;4;True;True;0.675993070765021;0.7407126584290233
tx_desemprego;Monthly;Anual;12;boxcox→sdiff12→diff;3;159;True;True;True;True;4;True;True;0.692920973907614;0.7566114921869781
tx_desemprego;Monthly;Mensal;13;mom_pct;1;171;False;False;True;True;2;False;True;0.6878829875220915;1.200596148573162
tx_desemprego;Monthly;Anual;14;mom_pct_annual_rate;1;171;False;False;True;True;2;False;True;0.6878829875220915;1.200596148573162
tx_desemprego;Monthly;Anual;15;yoy_pct_monthly;1;160;False;False;False;True;1;False;True;1.026606044665955;2.1242654334889073
ipca_alimentacao;Monthly;Mensal;0;nível;0;366;True;True;True;True;4;True;True;0.8306411511260484;0.9457198768956889
ipca_alimentacao;Monthly;Mensal;1;diff;1;365;True;True;True;True;4;True;True;0.6565991971559628;0.9611922153803938
ipca_alimentacao;Monthly;Mensal;2;log;1;0;;;;;0;False;False;;
ipca_alimentacao;Monthly;Mensal;3;log→diff;3;0;;;;;0;False;False;;
ipca_alimentacao;Monthly;Mensal;4;boxcox;1;0;;;;;0;False;False;;
ipca_alimentacao;Monthly;Mensal;5;boxcox→diff;2;0;;;;;0;False;False;;
ipca_alimentacao;Monthly;Mensal;6;yeojohnson;1;366;True;True;True;True;4;True;True;0.5633309629137931;0.510444490257141
ipca_alimentacao;Monthly;Mensal;7;yeojohnson→diff;2;365;True;True;True;False;3;True;True;0.5808151733588491;0.5391824544743908
ipca_alimentacao;Monthly;Anual;8;sdiff12;1;354;True;True;True;True;4;True;True;0.7561289305207958;0.8678514458747486
ipca_alimentacao;Monthly;Anual;9;sdiff12→diff;2;353;True;True;True;False;3;True;True;0.5642435888316499;1.0221102778864608
ipca_alimentacao;Monthly;Anual;10;log→sdiff12;3;0;;;;;0;False;False;;
ipca_alimentacao;Monthly;Anual;11;log→sdiff12→diff;4;0;;;;;0;False;False;;
ipca_alimentacao;Monthly;Anual;12;boxcox→sdiff12→diff;3;0;;;;;0;False;False;;
ipca_alimentacao;Monthly;Mensal;13;mom_pct;1;365;True;True;True;True;4;True;True;2.754398038639131;1.6965162643780076
ipca_alimentacao;Monthly;Anual;14;mom_pct_annual_rate;1;365;True;True;True;True;4;True;True;2.754398038639131;1.6965162643780076
ipca_alimentacao;Monthly;Anual;15;yoy_pct_monthly;1;354;True;True;True;True;4;True;True;1.548036803090316;1.5543967045943397
ipca_habitacao;Monthly;Mensal;0;nível;0;366;True;True;True;False;3;True;True;0.9418499318688927;1.3618091624526496
ipca_habitacao;Monthly;Mensal;1;diff;1;365;True;True;True;True;4;True;True;1.1389166843337981;2.128767205172316
ipca_habitacao;Monthly;Mensal;2;log;1;0;;;;;0;False;False;;
ipca_habitacao;Monthly;Mensal;3;log→diff;3;0;;;;;0;False;False;;
ipca_habitacao;Monthly;Mensal;4;boxcox;1;0;;;;;0;False;False;;
ipca_habitacao;Monthly;Mensal;5;boxcox→diff;2;0;;;;;0;False;False;;
ipca_habitacao;Monthly;Mensal;6;yeojohnson;1;366;True;True;True;False;3;True;True;0.9368356844372869;1.4061928095900627
ipca_habitacao;Monthly;Mensal;7;yeojohnson→diff;2;365;True;True;True;True;4;True;True;1.142346783585137;2.1718329674358863
ipca_habitacao;Monthly;Anual;8;sdiff12;1;354;True;True;True;False;3;True;True;0.957091352396322;1.9280590671561975
ipca_habitacao;Monthly;Anual;9;sdiff12→diff;2;353;True;True;True;True;4;True;True;1.0358472071058502;2.730212616805345
ipca_habitacao;Monthly;Anual;10;log→sdiff12;3;0;;;;;0;False;False;;
ipca_habitacao;Monthly;Anual;11;log→sdiff12→diff;4;0;;;;;0;False;False;;
ipca_habitacao;Monthly;Anual;12;boxcox→sdiff12→diff;3;0;;;;;0;False;False;;
ipca_habitacao;Monthly;Mensal;13;mom_pct;1;365;True;True;True;True;4;True;True;1.82138718021642;1.7504429102534516
ipca_habitacao;Monthly;Anual;14;mom_pct_annual_rate;1;365;True;True;True;True;4;True;True;1.82138718021642;1.7504429102534516
ipca_habitacao;Monthly;Anual;15;yoy_pct_monthly;1;354;True;True;True;True;4;True;True;2.425752610957355;2.8539682369086394
ipca_artigos_resid;Monthly;Mensal;0;nível;0;366;True;True;True;True;4;True;True;0.8786465383661123;1.3229536595317513
ipca_artigos_resid;Monthly;Mensal;1;diff;1;365;True;True;True;True;4;True;True;0.5869741994937431;0.7867938581630269
ipca_artigos_resid;Monthly;Mensal;2;log;1;0;;;;;0;False;False;;
ipca_artigos_resid;Monthly;Mensal;3;log→diff;3;0;;;;;0;False;False;;
ipca_artigos_resid;Monthly;Mensal;4;boxcox;1;0;;;;;0;False;False;;
ipca_artigos_resid;Monthly;Mensal;5;boxcox→diff;2;0;;;;;0;False;False;;
ipca_artigos_resid;Monthly;Mensal;6;yeojohnson;1;366;True;True;True;True;4;True;True;0.8357597365597137;1.0150820604567465
ipca_artigos_resid;Monthly;Mensal;7;yeojohnson→diff;2;365;True;True;True;True;4;True;True;0.6753913002695306;0.7488834568099242
ipca_artigos_resid;Monthly;Anual;8;sdiff12;1;354;True;True;True;True;4;True;True;0.7220179358692559;0.9360222719706909
ipca_artigos_resid;Monthly;Anual;9;sdiff12→diff;2;353;True;True;True;True;4;True;True;0.3962106972245744;0.5454890388039264
ipca_artigos_resid;Monthly;Anual;10;log→sdiff12;3;0;;;;;0;False;False;;
ipca_artigos_resid;Monthly;Anual;11;log→sdiff12→diff;4;0;;;;;0;False;False;;
ipca_artigos_resid;Monthly;Anual;12;boxcox→sdiff12→diff;3;0;;;;;0;False;False;;
ipca_artigos_resid;Monthly;Mensal;13;mom_pct;1;365;True;True;True;True;4;True;True;1.9634928545369579;4.446210741164305
ipca_artigos_resid;Monthly;Anual;14;mom_pct_annual_rate;1;365;True;True;True;True;4;True;True;1.9634928545369579;4.446210741164305
ipca_artigos_resid;Monthly;Anual;15;yoy_pct_monthly;1;354;True;True;True;True;4;True;True;2.6194055694869487;1.8662353880696663
ipca_vestuario;Monthly;Mensal;0;nível;0;366;True;True;True;True;4;True;True;1.0236454715737224;1.7271298079072264
ipca_vestuario;Monthly;Mensal;1;diff;1;365;True;True;True;False;3;True;True;0.8992165194183288;0.9704204216822079
ipca_vestuario;Monthly;Mensal;2;log;1;0;;;;;0;False;False;;
ipca_vestuario;Monthly;Mensal;3;log→diff;3;0;;;;;0;False;False;;
ipca_vestuario;Monthly;Mensal;4;boxcox;1;0;;;;;0;False;False;;
ipca_vestuario;Monthly;Mensal;5;boxcox→diff;2;0;;;;;0;False;False;;
ipca_vestuario;Monthly;Mensal;6;yeojohnson;1;366;True;True;True;True;4;True;True;0.9316059203037271;1.2050512453145723
ipca_vestuario;Monthly;Mensal;7;yeojohnson→diff;2;365;True;True;True;False;3;True;True;0.68945131244459;1.0233660966485192
ipca_vestuario;Monthly;Anual;8;sdiff12;1;354;True;True;True;True;4;True;True;0.8820949355777127;0.8924512883887596
ipca_vestuario;Monthly;Anual;9;sdiff12→diff;2;353;True;True;True;False;3;True;True;0.6171123773827581;0.8077322578358626
ipca_vestuario;Monthly;Anual;10;log→sdiff12;3;0;;;;;0;False;False;;
ipca_vestuario;Monthly;Anual;11;log→sdiff12→diff;4;0;;;;;0;False;False;;
ipca_vestuario;Monthly;Anual;12;boxcox→sdiff12→diff;3;0;;;;;0;False;False;;
ipca_vestuario;Monthly;Mensal;13;mom_pct;1;365;True;True;True;False;3;True;True;1.8614796697627505;3.2002411029540307
ipca_vestuario;Monthly;Anual;14;mom_pct_annual_rate;1;365;True;True;True;False;3;True;True;1.8614796697627505;3.2002411029540307
ipca_vestuario;Monthly;Anual;15;yoy_pct_monthly;1;354;True;False;True;True;3;True;True;3.5264697824577036;4.736146934656936
ipca_transportes;Monthly;Mensal;0;nível;0;323;True;True;True;True;4;True;True;1.0811317631140793;1.5327104522225705
ipca_transportes;Monthly;Mensal;1;diff;1;322;True;True;True;True;4;True;True;0.8653773067768633;1.0401045641429485
ipca_transportes;Monthly;Mensal;2;log;1;0;;;;;0;False;False;;
ipca_transportes;Monthly;Mensal;3;log→diff;3;0;;;;;0;False;False;;
ipca_transportes;Monthly;Mensal;4;boxcox;1;0;;;;;0;False;False;;
ipca_transportes;Monthly;Mensal;5;boxcox→diff;2;0;;;;;0;False;False;;
ipca_transportes;Monthly;Mensal;6;yeojohnson;1;323;True;True;True;True;4;True;True;1.061410570416614;1.498466562807724
ipca_transportes;Monthly;Mensal;7;yeojohnson→diff;2;322;True;True;True;True;4;True;True;0.8621785394692786;1.0604441264188704
ipca_transportes;Monthly;Anual;8;sdiff12;1;311;True;True;True;True;4;True;True;0.9844961321360358;2.79092348211654
ipca_transportes;Monthly;Anual;9;sdiff12→diff;2;310;True;True;True;False;3;True;True;0.7644897738345223;1.3516283117684578
ipca_transportes;Monthly;Anual;10;log→sdiff12;3;0;;;;;0;False;False;;
ipca_transportes;Monthly;Anual;11;log→sdiff12→diff;4;0;;;;;0;False;False;;
ipca_transportes;Monthly;Anual;12;boxcox→sdiff12→diff;3;0;;;;;0;False;False;;
ipca_transportes;Monthly;Mensal;13;mom_pct;1;322;True;True;True;True;4;True;True;1.461258162595833;5.2275192767309475
ipca_transportes;Monthly;Anual;14;mom_pct_annual_rate;1;322;True;True;True;True;4;True;True;1.461258162595833;5.2275192767309475
ipca_transportes;Monthly;Anual;15;yoy_pct_monthly;1;311;True;True;True;True;4;True;True;3.2157509503358557;6.67583612899999
ipca_saude;Monthly;Mensal;0;nível;0;366;True;True;True;False;3;True;True;1.027312542671033;1.890442708547744
ipca_saude;Monthly;Mensal;1;diff;1;365;True;True;True;False;3;True;True;1.0340712532689227;2.486250409336893
ipca_saude;Monthly;Mensal;2;log;1;0;;;;;0;False;False;;
ipca_saude;Monthly;Mensal;3;log→diff;3;0;;;;;0;False;False;;
ipca_saude;Monthly;Mensal;4;boxcox;1;0;;;;;0;False;False;;
ipca_saude;Monthly;Mensal;5;boxcox→diff;2;0;;;;;0;False;False;;
ipca_saude;Monthly;Mensal;6;yeojohnson;1;366;True;True;True;False;3;True;True;0.9559810674978533;2.0751808293085374
ipca_saude;Monthly;Mensal;7;yeojohnson→diff;2;365;True;True;True;False;3;True;True;1.0263996952790972;2.775637300274463
ipca_saude;Monthly;Anual;8;sdiff12;1;354;True;True;True;False;3;True;True;0.8955047477774509;1.9498905627705323
ipca_saude;Monthly;Anual;9;sdiff12→diff;2;353;True;True;True;False;3;True;True;0.9051014276321862;2.421302738282562
ipca_saude;Monthly;Anual;10;log→sdiff12;3;0;;;;;0;False;False;;
ipca_saude;Monthly;Anual;11;log→sdiff12→diff;4;0;;;;;0;False;False;;
ipca_saude;Monthly;Anual;12;boxcox→sdiff12→diff;3;0;;;;;0;False;False;;
ipca_saude;Monthly;Mensal;13;mom_pct;1;365;True;True;True;True;4;True;True;2.4483469689287;6.3907708247282615
ipca_saude;Monthly;Anual;14;mom_pct_annual_rate;1;365;True;True;True;True;4;True;True;2.4483469689287;6.3907708247282615
ipca_saude;Monthly;Anual;15;yoy_pct_monthly;1;354;True;True;True;True;4;True;True;2.065442132343124;9.145158335461222
ipca_despesas_pess;Monthly;Mensal;0;nível;0;366;False;True;True;False;2;False;True;0.9574244602656085;1.127927622715558
ipca_despesas_pess;Monthly;Mensal;1;diff;1;365;True;False;True;False;2;False;True;1.095439227786868;1.3261961523802108
ipca_despesas_pess;Monthly;Mensal;2;log;1;0;;;;;0;False;False;;
ipca_despesas_pess;Monthly;Mensal;3;log→diff;3;0;;;;;0;False;False;;
ipca_despesas_pess;Monthly;Mensal;4;boxcox;1;0;;;;;0;False;False;;
ipca_despesas_pess;Monthly;Mensal;5;boxcox→diff;2;0;;;;;0;False;False;;
ipca_despesas_pess;Monthly;Mensal;6;yeojohnson;1;366;False;True;True;False;2;False;True;0.9194202527653591;0.9536556730070979
ipca_despesas_pess;Monthly;Mensal;7;yeojohnson→diff;2;365;True;True;True;False;3;True;True;1.1638340493166555;1.121633850079734
ipca_despesas_pess;Monthly;Anual;8;sdiff12;1;354;True;True;True;False;3;True;True;0.832075907579009;1.112828492102729
ipca_despesas_pess;Monthly;Anual;9;sdiff12→diff;2;353;True;False;True;True;3;True;True;1.02731852935512;1.1512114602946781
ipca_despesas_pess;Monthly;Anual;10;log→sdiff12;3;0;;;;;0;False;False;;
ipca_despesas_pess;Monthly;Anual;11;log→sdiff12→diff;4;0;;;;;0;False;False;;
ipca_despesas_pess;Monthly;Anual;12;boxcox→sdiff12→diff;3;0;;;;;0;False;False;;
ipca_despesas_pess;Monthly;Mensal;13;mom_pct;1;365;True;True;True;True;4;True;True;1.2805942082427648;2.9321007440179208
ipca_despesas_pess;Monthly;Anual;14;mom_pct_annual_rate;1;365;True;True;True;True;4;True;True;1.2805942082427648;2.9321007440179208
ipca_despesas_pess;Monthly;Anual;15;yoy_pct_monthly;1;354;True;True;True;True;4;True;True;1.711399377211438;3.3163367151329424
ipca_educacao;Monthly;Mensal;0;nível;0;323;False;True;True;True;3;True;True;1.3140743352753805;1.3750725728883133
ipca_educacao;Monthly;Mensal;1;diff;1;322;True;True;True;False;3;True;True;1.357524626539991;1.7922279992927
ipca_educacao;Monthly;Mensal;2;log;1;0;;;;;0;False;False;;
ipca_educacao;Monthly;Mensal;3;log→diff;3;0;;;;;0;False;False;;
ipca_educacao;Monthly;Mensal;4;boxcox;1;0;;;;;0;False;False;;
ipca_educacao;Monthly;Mensal;5;boxcox→diff;2;0;;;;;0;False;False;;
ipca_educacao;Monthly;Mensal;6;yeojohnson;1;323;False;False;True;False;1;False;True;1.0372142358841971;1.0680093584275459
ipca_educacao;Monthly;Mensal;7;yeojohnson→diff;2;322;True;True;True;False;3;True;True;1.1512234936321843;1.1281627159761538
ipca_educacao;Monthly;Anual;8;sdiff12;1;311;True;True;True;True;4;True;True;1.470034679889431;0.7881284855373776
ipca_educacao;Monthly;Anual;9;sdiff12→diff;2;310;True;True;True;False;3;True;True;1.3598143779390768;1.079755348283194
ipca_educacao;Monthly;Anual;10;log→sdiff12;3;0;;;;;0;False;False;;
ipca_educacao;Monthly;Anual;11;log→sdiff12→diff;4;0;;;;;0;False;False;;
ipca_educacao;Monthly;Anual;12;boxcox→sdiff12→diff;3;0;;;;;0;False;False;;
ipca_educacao;Monthly;Mensal;13;mom_pct;1;322;True;True;True;True;4;True;True;1.4843505786527431;3.1541877403291276
ipca_educacao;Monthly;Anual;14;mom_pct_annual_rate;1;322;True;True;True;True;4;True;True;1.4843505786527431;3.1541877403291276
ipca_educacao;Monthly;Anual;15;yoy_pct_monthly;1;311;True;True;True;True;4;True;True;1.1836681893380776;2.162585052593223
ipca_comunicacao;Monthly;Mensal;0;nível;0;323;False;False;True;False;1;False;True;0.9930293840520161;1.5452143506104186
ipca_comunicacao;Monthly;Mensal;1;diff;1;322;True;True;True;True;4;True;True;0.9765794160771837;1.7050481830962934
ipca_comunicacao;Monthly;Mensal;2;log;1;0;;;;;0;False;False;;
ipca_comunicacao;Monthly;Mensal;3;log→diff;3;0;;;;;0;False;False;;
ipca_comunicacao;Monthly;Mensal;4;boxcox;1;0;;;;;0;False;False;;
ipca_comunicacao;Monthly;Mensal;5;boxcox→diff;2;0;;;;;0;False;False;;
ipca_comunicacao;Monthly;Mensal;6;yeojohnson;1;323;False;False;True;False;1;False;True;0.8536866213678355;1.6825603443445376
ipca_comunicacao;Monthly;Mensal;7;yeojohnson→diff;2;322;True;True;True;True;4;True;True;0.8352815742885499;1.6664386195065097
ipca_comunicacao;Monthly;Anual;8;sdiff12;1;311;True;True;True;True;4;True;True;1.0066321239251173;2.295055411030668
ipca_comunicacao;Monthly;Anual;9;sdiff12→diff;2;310;True;False;True;False;2;False;True;1.0302183928669317;1.6895323143190604
ipca_comunicacao;Monthly;Anual;10;log→sdiff12;3;0;;;;;0;False;False;;
ipca_comunicacao;Monthly;Anual;11;log→sdiff12→diff;4;0;;;;;0;False;False;;
ipca_comunicacao;Monthly;Anual;12;boxcox→sdiff12→diff;3;0;;;;;0;False;False;;
ipca_comunicacao;Monthly;Mensal;13;mom_pct;1;322;True;True;True;True;4;True;True;2.960951796837989;3.9331151867911434
ipca_comunicacao;Monthly;Anual;14;mom_pct_annual_rate;1;322;True;True;True;True;4;True;True;2.960951796837989;3.9331151867911434
ipca_comunicacao;Monthly;Anual;15;yoy_pct_monthly;1;311;True;True;True;True;4;True;True;2.227916049751552;48.89577844209336
ipca_alim_domicilio;Monthly;Mensal;0;nível;0;366;True;True;True;True;4;True;True;0.6472512093991847;0.8439506011424005
ipca_alim_domicilio;Monthly;Mensal;1;diff;1;365;True;True;True;False;3;True;True;0.636830679962957;1.1257061130742396
ipca_alim_domicilio;Monthly;Mensal;2;log;1;0;;;;;0;False;False;;
ipca_alim_domicilio;Monthly;Mensal;3;log→diff;3;0;;;;;0;False;False;;
ipca_alim_domicilio;Monthly;Mensal;4;boxcox;1;0;;;;;0;False;False;;
ipca_alim_domicilio;Monthly;Mensal;5;boxcox→diff;2;0;;;;;0;False;False;;
ipca_alim_domicilio;Monthly;Mensal;6;yeojohnson;1;366;True;True;True;True;4;True;True;0.4414788641984592;0.5876178524291126
ipca_alim_domicilio;Monthly;Mensal;7;yeojohnson→diff;2;365;True;True;True;False;3;True;True;0.49351896545168034;0.7051012548785116
ipca_alim_domicilio;Monthly;Anual;8;sdiff12;1;354;True;True;True;True;4;True;True;0.5966548968813264;0.8256095978033187
ipca_alim_domicilio;Monthly;Anual;9;sdiff12→diff;2;353;True;False;True;False;2;False;True;0.5479421465793901;0.8005308368119888
ipca_alim_domicilio;Monthly;Anual;10;log→sdiff12;3;0;;;;;0;False;False;;
ipca_alim_domicilio;Monthly;Anual;11;log→sdiff12→diff;4;0;;;;;0;False;False;;
ipca_alim_domicilio;Monthly;Anual;12;boxcox→sdiff12→diff;3;0;;;;;0;False;False;;
ipca_alim_domicilio;Monthly;Mensal;13;mom_pct;1;365;True;True;True;True;4;True;True;3.208544869368542;3.265639426166728
ipca_alim_domicilio;Monthly;Anual;14;mom_pct_annual_rate;1;365;True;True;True;True;4;True;True;3.208544869368542;3.265639426166728
ipca_alim_domicilio;Monthly;Anual;15;yoy_pct_monthly;1;354;True;True;True;True;4;True;True;3.6193962607809915;10.56272709600245
ipca_industriais;Monthly;Mensal;0;nível;0;366;True;True;True;True;4;True;True;0.7745037136947923;1.3324591946919473
ipca_industriais;Monthly;Mensal;1;diff;1;365;True;True;True;False;3;True;True;0.6700755493909617;1.26575320700354
ipca_industriais;Monthly;Mensal;2;log;1;0;;;;;0;False;False;;
ipca_industriais;Monthly;Mensal;3;log→diff;3;0;;;;;0;False;False;;
ipca_industriais;Monthly;Mensal;4;boxcox;1;0;;;;;0;False;False;;
ipca_industriais;Monthly;Mensal;5;boxcox→diff;2;0;;;;;0;False;False;;
ipca_industriais;Monthly;Mensal;6;yeojohnson;1;366;True;True;True;True;4;True;True;0.6824195676358498;1.3987713916502276
ipca_industriais;Monthly;Mensal;7;yeojohnson→diff;2;365;True;True;True;False;3;True;True;0.68418004772071;1.0949049697021305
ipca_industriais;Monthly;Anual;8;sdiff12;1;354;True;True;True;True;4;True;True;0.6561979577932242;0.9895428069704285
ipca_industriais;Monthly;Anual;9;sdiff12→diff;2;353;True;True;True;False;3;True;True;0.514668941182846;0.8308985988447205
ipca_industriais;Monthly;Anual;10;log→sdiff12;3;0;;;;;0;False;False;;
ipca_industriais;Monthly;Anual;11;log→sdiff12→diff;4;0;;;;;0;False;False;;
ipca_industriais;Monthly;Anual;12;boxcox→sdiff12→diff;3;0;;;;;0;False;False;;
ipca_industriais;Monthly;Mensal;13;mom_pct;1;365;True;True;True;True;4;True;True;1.5916715578868141;18.638877703339695
ipca_industriais;Monthly;Anual;14;mom_pct_annual_rate;1;365;True;True;True;True;4;True;True;1.5916715578868141;18.638877703339695
ipca_industriais;Monthly;Anual;15;yoy_pct_monthly;1;354;True;True;True;True;4;True;True;1.700200526293388;37.55669383499406
ipca_servicos;Monthly;Mensal;0;nível;0;366;True;True;True;False;3;True;True;0.8186181333505201;1.178157326399202
ipca_servicos;Monthly;Mensal;1;diff;1;365;True;True;True;False;3;True;True;0.7634050829518043;1.3579900815856059
ipca_servicos;Monthly;Mensal;2;log;1;0;;;;;0;False;False;;
ipca_servicos;Monthly;Mensal;3;log→diff;3;0;;;;;0;False;False;;
ipca_servicos;Monthly;Mensal;4;boxcox;1;0;;;;;0;False;False;;
ipca_servicos;Monthly;Mensal;5;boxcox→diff;2;0;;;;;0;False;False;;
ipca_servicos;Monthly;Mensal;6;yeojohnson;1;366;True;True;True;False;3;True;True;0.7632427945157675;1.210312711297654
ipca_servicos;Monthly;Mensal;7;yeojohnson→diff;2;365;True;True;True;False;3;True;True;0.7878468496798495;1.8085918434195842
ipca_servicos;Monthly;Anual;8;sdiff12;1;354;True;True;True;False;3;True;True;0.5315189303664076;0.8965668409893532
ipca_servicos;Monthly;Anual;9;sdiff12→diff;2;353;True;True;True;False;3;True;True;0.5826877246219495;0.7271449207523407
ipca_servicos;Monthly;Anual;10;log→sdiff12;3;0;;;;;0;False;False;;
ipca_servicos;Monthly;Anual;11;log→sdiff12→diff;4;0;;;;;0;False;False;;
ipca_servicos;Monthly;Anual;12;boxcox→sdiff12→diff;3;0;;;;;0;False;False;;
ipca_servicos;Monthly;Mensal;13;mom_pct;1;365;True;True;True;True;4;True;True;2.9843495231444015;8.397904852239767
ipca_servicos;Monthly;Anual;14;mom_pct_annual_rate;1;365;True;True;True;True;4;True;True;2.9843495231444015;8.397904852239767
ipca_servicos;Monthly;Anual;15;yoy_pct_monthly;1;354;True;True;True;True;4;True;True;3.4653680757630734;8.158919784763334
ipca_administrados;Monthly;Mensal;0;nível;0;366;True;False;True;True;3;True;True;0.918585779908078;1.7196603659771785
ipca_administrados;Monthly;Mensal;1;diff;1;365;True;True;True;False;3;True;True;0.9658796912613298;1.8296469955223942
ipca_administrados;Monthly;Mensal;2;log;1;0;;;;;0;False;False;;
ipca_administrados;Monthly;Mensal;3;log→diff;3;0;;;;;0;False;False;;
ipca_administrados;Monthly;Mensal;4;boxcox;1;0;;;;;0;False;False;;
ipca_administrados;Monthly;Mensal;5;boxcox→diff;2;0;;;;;0;False;False;;
ipca_administrados;Monthly;Mensal;6;yeojohnson;1;366;True;False;True;True;3;True;True;0.9552562547136444;1.7786750105203362
ipca_administrados;Monthly;Mensal;7;yeojohnson→diff;2;365;True;True;True;False;3;True;True;0.9502783826782983;1.810034770069628
ipca_administrados;Monthly;Anual;8;sdiff12;1;354;True;True;True;False;3;True;True;0.8358967958875566;1.5756956977586718
ipca_administrados;Monthly;Anual;9;sdiff12→diff;2;353;True;True;True;False;3;True;True;0.7454426474812847;1.204495780655091
ipca_administrados;Monthly;Anual;10;log→sdiff12;3;0;;;;;0;False;False;;
ipca_administrados;Monthly;Anual;11;log→sdiff12→diff;4;0;;;;;0;False;False;;
ipca_administrados;Monthly;Anual;12;boxcox→sdiff12→diff;3;0;;;;;0;False;False;;
ipca_administrados;Monthly;Mensal;13;mom_pct;1;365;True;True;True;True;4;True;True;2.5778842729857065;3.8792055093519684
ipca_administrados;Monthly;Anual;14;mom_pct_annual_rate;1;365;True;True;True;True;4;True;True;2.5778842729857065;3.8792055093519684
ipca_administrados;Monthly;Anual;15;yoy_pct_monthly;1;354;True;True;True;True;4;True;True;3.0583620673581544;5.842703107927193
ipca_livres;Monthly;Mensal;0;nível;0;366;True;True;True;True;4;True;True;0.9128661877659555;1.0508908252056843
ipca_livres;Monthly;Mensal;1;diff;1;365;True;True;True;False;3;True;True;0.5593022272573;0.6756233636125832
ipca_livres;Monthly;Mensal;2;log;1;0;;;;;0;False;False;;
ipca_livres;Monthly;Mensal;3;log→diff;3;0;;;;;0;False;False;;
ipca_livres;Monthly;Mensal;4;boxcox;1;0;;;;;0;False;False;;
ipca_livres;Monthly;Mensal;5;boxcox→diff;2;0;;;;;0;False;False;;
ipca_livres;Monthly;Mensal;6;yeojohnson;1;366;True;True;True;False;3;True;True;0.5422961113779128;0.9241845674574191
ipca_livres;Monthly;Mensal;7;yeojohnson→diff;2;365;True;True;True;False;3;True;True;0.5879744325579888;0.48498125346694626
ipca_livres;Monthly;Anual;8;sdiff12;1;354;True;True;True;True;4;True;True;0.8492116959195086;0.8009471598111849
ipca_livres;Monthly;Anual;9;sdiff12→diff;2;353;True;True;True;False;3;True;True;0.4516229395118373;0.7108362394173378
ipca_livres;Monthly;Anual;10;log→sdiff12;3;0;;;;;0;False;False;;
ipca_livres;Monthly;Anual;11;log→sdiff12→diff;4;0;;;;;0;False;False;;
ipca_livres;Monthly;Anual;12;boxcox→sdiff12→diff;3;0;;;;;0;False;False;;
ipca_livres;Monthly;Mensal;13;mom_pct;1;365;True;True;True;True;4;True;True;3.6493211095010016;4.646100991579345
ipca_livres;Monthly;Anual;14;mom_pct_annual_rate;1;365;True;True;True;True;4;True;True;3.6493211095010016;4.646100991579345
ipca_livres;Monthly;Anual;15;yoy_pct_monthly;1;354;True;True;True;True;4;True;True;3.4435178844722247;33.25953258858285
ipca_nao_duraveis;Monthly;Mensal;0;nível;0;366;True;True;True;True;4;True;True;0.6972900017163967;0.7991755050237166
ipca_nao_duraveis;Monthly;Mensal;1;diff;1;365;True;True;True;False;3;True;True;0.6269228022761157;0.914835274295056
ipca_nao_duraveis;Monthly;Mensal;2;log;1;0;;;;;0;False;False;;
ipca_nao_duraveis;Monthly;Mensal;3;log→diff;3;0;;;;;0;False;False;;
ipca_nao_duraveis;Monthly;Mensal;4;boxcox;1;0;;;;;0;False;False;;
ipca_nao_duraveis;Monthly;Mensal;5;boxcox→diff;2;0;;;;;0;False;False;;
ipca_nao_duraveis;Monthly;Mensal;6;yeojohnson;1;366;True;True;True;True;4;True;True;0.41580290086741145;0.6084025190112816
ipca_nao_duraveis;Monthly;Mensal;7;yeojohnson→diff;2;365;True;True;True;False;3;True;True;0.471717525241878;0.5592213376766927
ipca_nao_duraveis;Monthly;Anual;8;sdiff12;1;354;True;True;True;True;4;True;True;0.6265561409551006;0.7973971555979144
ipca_nao_duraveis;Monthly;Anual;9;sdiff12→diff;2;353;True;True;True;False;3;True;True;0.520024967881334;0.7554893239547044
ipca_nao_duraveis;Monthly;Anual;10;log→sdiff12;3;0;;;;;0;False;False;;
ipca_nao_duraveis;Monthly;Anual;11;log→sdiff12→diff;4;0;;;;;0;False;False;;
ipca_nao_duraveis;Monthly;Anual;12;boxcox→sdiff12→diff;3;0;;;;;0;False;False;;
ipca_nao_duraveis;Monthly;Mensal;13;mom_pct;1;365;True;True;True;True;4;True;True;2.5731335696596553;6.248362840896004
ipca_nao_duraveis;Monthly;Anual;14;mom_pct_annual_rate;1;365;True;True;True;True;4;True;True;2.5731335696596553;6.248362840896004
ipca_nao_duraveis;Monthly;Anual;15;yoy_pct_monthly;1;354;True;True;True;True;4;True;True;1.7090060532025828;3.4485612181582104
ipca_semi_duraveis;Monthly;Mensal;0;nível;0;366;True;True;True;True;4;True;True;1.057465507556416;1.4893998843919172
ipca_semi_duraveis;Monthly;Mensal;1;diff;1;365;True;True;True;False;3;True;True;0.8950585461200707;1.20444885392725
ipca_semi_duraveis;Monthly;Mensal;2;log;1;0;;;;;0;False;False;;
ipca_semi_duraveis;Monthly;Mensal;3;log→diff;3;0;;;;;0;False;False;;
ipca_semi_duraveis;Monthly;Mensal;4;boxcox;1;0;;;;;0;False;False;;
ipca_semi_duraveis;Monthly;Mensal;5;boxcox→diff;2;0;;;;;0;False;False;;
ipca_semi_duraveis;Monthly;Mensal;6;yeojohnson;1;366;True;True;True;True;4;True;True;0.9584513367675657;1.2338026254517935
ipca_semi_duraveis;Monthly;Mensal;7;yeojohnson→diff;2;365;True;True;True;False;3;True;True;0.622988429573232;0.9900607474595879
ipca_semi_duraveis;Monthly;Anual;8;sdiff12;1;354;True;True;True;True;4;True;True;0.8580386658114898;1.1050277996261073
ipca_semi_duraveis;Monthly;Anual;9;sdiff12→diff;2;353;True;True;True;False;3;True;True;0.6473078616913136;1.1287705368532022
ipca_semi_duraveis;Monthly;Anual;10;log→sdiff12;3;0;;;;;0;False;False;;
ipca_semi_duraveis;Monthly;Anual;11;log→sdiff12→diff;4;0;;;;;0;False;False;;
ipca_semi_duraveis;Monthly;Anual;12;boxcox→sdiff12→diff;3;0;;;;;0;False;False;;
ipca_semi_duraveis;Monthly;Mensal;13;mom_pct;1;365;True;True;True;True;4;True;True;2.753792334690171;2.545225849018411
ipca_semi_duraveis;Monthly;Anual;14;mom_pct_annual_rate;1;365;True;True;True;True;4;True;True;2.753792334690171;2.545225849018411
ipca_semi_duraveis;Monthly;Anual;15;yoy_pct_monthly;1;354;True;True;True;True;4;True;True;3.6438687602502653;22.821703814915416
ipca_duraveis;Monthly;Mensal;0;nível;0;366;True;True;True;True;4;True;True;1.1979850888754113;1.7772860572194644
ipca_duraveis;Monthly;Mensal;1;diff;1;365;True;True;True;False;3;True;True;1.4589329557720405;1.1194049383684392
ipca_duraveis;Monthly;Mensal;2;log;1;0;;;;;0;False;False;;
ipca_duraveis;Monthly;Mensal;3;log→diff;3;0;;;;;0;False;False;;
ipca_duraveis;Monthly;Mensal;4;boxcox;1;0;;;;;0;False;False;;
ipca_duraveis;Monthly;Mensal;5;boxcox→diff;2;0;;;;;0;False;False;;
ipca_duraveis;Monthly;Mensal;6;yeojohnson;1;366;True;True;True;True;4;True;True;0.9583532571838055;1.6851992354333185
ipca_duraveis;Monthly;Mensal;7;yeojohnson→diff;2;365;True;True;True;False;3;True;True;1.1135341179025653;1.3306610259588492
ipca_duraveis;Monthly;Anual;8;sdiff12;1;354;True;True;True;True;4;True;True;0.9908420309022457;1.1668385970561057
ipca_duraveis;Monthly;Anual;9;sdiff12→diff;2;353;True;True;True;False;3;True;True;1.1296645425158864;0.8880136452758157
ipca_duraveis;Monthly;Anual;10;log→sdiff12;3;0;;;;;0;False;False;;
ipca_duraveis;Monthly;Anual;11;log→sdiff12→diff;4;0;;;;;0;False;False;;
ipca_duraveis;Monthly;Anual;12;boxcox→sdiff12→diff;3;0;;;;;0;False;False;;
ipca_duraveis;Monthly;Mensal;13;mom_pct;1;365;True;True;True;True;4;True;True;2.565923261511442;1.9523065841810574
ipca_duraveis;Monthly;Anual;14;mom_pct_annual_rate;1;365;True;True;True;True;4;True;True;2.565923261511442;1.9523065841810574
ipca_duraveis;Monthly;Anual;15;yoy_pct_monthly;1;354;True;True;True;True;4;True;True;2.366588079763579;11.329309970922765
ipca_comercializaveis;Monthly;Mensal;0;nível;0;366;True;True;True;True;4;True;True;0.988287170808277;1.0881740169435528
ipca_comercializaveis;Monthly;Mensal;1;diff;1;365;True;True;True;False;3;True;True;0.7637138564458781;0.9749474219351884
ipca_comercializaveis;Monthly;Mensal;2;log;1;0;;;;;0;False;False;;
ipca_comercializaveis;Monthly;Mensal;3;log→diff;3;0;;;;;0;False;False;;
ipca_comercializaveis;Monthly;Mensal;4;boxcox;1;0;;;;;0;False;False;;
ipca_comercializaveis;Monthly;Mensal;5;boxcox→diff;2;0;;;;;0;False;False;;
ipca_comercializaveis;Monthly;Mensal;6;yeojohnson;1;366;True;True;True;True;4;True;True;0.5718741982415437;1.014697631941545
ipca_comercializaveis;Monthly;Mensal;7;yeojohnson→diff;2;365;True;True;True;False;3;True;True;0.6855331014702944;0.890722979577103
ipca_comercializaveis;Monthly;Anual;8;sdiff12;1;354;True;True;True;True;4;True;True;0.8891670066944598;0.875567288712662
ipca_comercializaveis;Monthly;Anual;9;sdiff12→diff;2;353;True;True;True;False;3;True;True;0.6877313631651958;0.9798027105933382
ipca_comercializaveis;Monthly;Anual;10;log→sdiff12;3;0;;;;;0;False;False;;
ipca_comercializaveis;Monthly;Anual;11;log→sdiff12→diff;4;0;;;;;0;False;False;;
ipca_comercializaveis;Monthly;Anual;12;boxcox→sdiff12→diff;3;0;;;;;0;False;False;;
ipca_comercializaveis;Monthly;Mensal;13;mom_pct;1;365;True;True;True;True;4;True;True;2.2458090152524144;2.1938497013086797
ipca_comercializaveis;Monthly;Anual;14;mom_pct_annual_rate;1;365;True;True;True;True;4;True;True;2.2458090152524144;2.1938497013086797
ipca_comercializaveis;Monthly;Anual;15;yoy_pct_monthly;1;354;True;True;True;True;4;True;True;1.5948211512413837;2.3763947259805396
ipca_nao_comercializaveis;Monthly;Mensal;0;nível;0;366;True;True;True;False;3;True;True;0.5537277446775762;0.6802638608161776
ipca_nao_comercializaveis;Monthly;Mensal;1;diff;1;365;True;True;True;True;4;True;True;0.4347699532461957;0.509798863798102
ipca_nao_comercializaveis;Monthly;Mensal;2;log;1;0;;;;;0;False;False;;
ipca_nao_comercializaveis;Monthly;Mensal;3;log→diff;3;0;;;;;0;False;False;;
ipca_nao_comercializaveis;Monthly;Mensal;4;boxcox;1;0;;;;;0;False;False;;
ipca_nao_comercializaveis;Monthly;Mensal;5;boxcox→diff;2;0;;;;;0;False;False;;
ipca_nao_comercializaveis;Monthly;Mensal;6;yeojohnson;1;366;True;True;True;False;3;True;True;0.5127967713213044;0.6646207909183005
ipca_nao_comercializaveis;Monthly;Mensal;7;yeojohnson→diff;2;365;True;True;True;True;4;True;True;0.48651364750788056;0.6369821929314945
ipca_nao_comercializaveis;Monthly;Anual;8;sdiff12;1;354;True;True;True;False;3;True;True;0.45181959908574987;0.4566461630456403
ipca_nao_comercializaveis;Monthly;Anual;9;sdiff12→diff;2;353;True;True;True;False;3;True;True;0.29395534126802214;0.4398053605464254
ipca_nao_comercializaveis;Monthly;Anual;10;log→sdiff12;3;0;;;;;0;False;False;;
ipca_nao_comercializaveis;Monthly;Anual;11;log→sdiff12→diff;4;0;;;;;0;False;False;;
ipca_nao_comercializaveis;Monthly;Anual;12;boxcox→sdiff12→diff;3;0;;;;;0;False;False;;
ipca_nao_comercializaveis;Monthly;Mensal;13;mom_pct;1;365;True;True;True;True;4;True;True;3.676162600712054;8.18915743518834
ipca_nao_comercializaveis;Monthly;Anual;14;mom_pct_annual_rate;1;365;True;True;True;True;4;True;True;3.676162600712054;8.18915743518834
ipca_nao_comercializaveis;Monthly;Anual;15;yoy_pct_monthly;1;354;True;True;True;True;4;True;True;2.42379078674744;9.436700497305806
ipca_EX0;Monthly;Mensal;0;nível;0;366;True;True;True;False;3;True;True;0.7017038643765471;1.154006705821597
ipca_EX0;Monthly;Mensal;1;diff;1;365;True;True;True;True;4;True;True;0.5255212140239272;0.7527435326866512
ipca_EX0;Monthly;Mensal;2;log;1;0;;;;;0;False;False;;
ipca_EX0;Monthly;Mensal;3;log→diff;3;0;;;;;0;False;False;;
ipca_EX0;Monthly;Mensal;4;boxcox;1;0;;;;;0;False;False;;
ipca_EX0;Monthly;Mensal;5;boxcox→diff;2;0;;;;;0;False;False;;
ipca_EX0;Monthly;Mensal;6;yeojohnson;1;366;True;True;True;True;4;True;True;0.5982635475455097;0.9829234877466051
ipca_EX0;Monthly;Mensal;7;yeojohnson→diff;2;365;True;True;True;True;4;True;True;0.4743260776818962;0.6197331614711582
ipca_EX0;Monthly;Anual;8;sdiff12;1;354;True;True;True;False;3;True;True;0.6134259986187038;0.8402475614061493
ipca_EX0;Monthly;Anual;9;sdiff12→diff;2;353;True;True;True;True;4;True;True;0.43939176064453833;0.563597920322433
ipca_EX0;Monthly;Anual;10;log→sdiff12;3;0;;;;;0;False;False;;
ipca_EX0;Monthly;Anual;11;log→sdiff12→diff;4;0;;;;;0;False;False;;
ipca_EX0;Monthly;Anual;12;boxcox→sdiff12→diff;3;0;;;;;0;False;False;;
ipca_EX0;Monthly;Mensal;13;mom_pct;1;365;True;True;True;True;4;True;True;1.7963812025602923;6.136808563592041
ipca_EX0;Monthly;Anual;14;mom_pct_annual_rate;1;365;True;True;True;True;4;True;True;1.7963812025602923;6.136808563592041
ipca_EX0;Monthly;Anual;15;yoy_pct_monthly;1;354;True;True;True;True;4;True;True;3.1682829501918355;4.068775816156446
ipca_EX1;Monthly;Mensal;0;nível;0;366;True;True;True;False;3;True;True;0.7311065654042386;1.101010843448818
ipca_EX1;Monthly;Mensal;1;diff;1;365;True;True;True;True;4;True;True;0.5842744632184101;0.879834384959318
ipca_EX1;Monthly;Mensal;2;log;1;0;;;;;0;False;False;;
ipca_EX1;Monthly;Mensal;3;log→diff;3;0;;;;;0;False;False;;
ipca_EX1;Monthly;Mensal;4;boxcox;1;0;;;;;0;False;False;;
ipca_EX1;Monthly;Mensal;5;boxcox→diff;2;0;;;;;0;False;False;;
ipca_EX1;Monthly;Mensal;6;yeojohnson;1;366;True;True;True;True;4;True;True;0.6205222065817494;0.9952010382080231
ipca_EX1;Monthly;Mensal;7;yeojohnson→diff;2;365;True;True;True;True;4;True;True;0.5876076978781914;0.8639655586014092
ipca_EX1;Monthly;Anual;8;sdiff12;1;354;True;True;True;False;3;True;True;0.762492200038773;1.137151328567713
ipca_EX1;Monthly;Anual;9;sdiff12→diff;2;353;True;True;True;False;3;True;True;0.5657666473924219;0.8756251798421979
ipca_EX1;Monthly;Anual;10;log→sdiff12;3;0;;;;;0;False;False;;
ipca_EX1;Monthly;Anual;11;log→sdiff12→diff;4;0;;;;;0;False;False;;
ipca_EX1;Monthly;Anual;12;boxcox→sdiff12→diff;3;0;;;;;0;False;False;;
ipca_EX1;Monthly;Mensal;13;mom_pct;1;365;True;True;True;True;4;True;True;3.5387563679668053;9.556964829639117
ipca_EX1;Monthly;Anual;14;mom_pct_annual_rate;1;365;True;True;True;True;4;True;True;3.5387563679668053;9.556964829639117
ipca_EX1;Monthly;Anual;15;yoy_pct_monthly;1;354;True;True;True;True;4;True;True;3.5980139590252485;30.358911551157014
ipca_EX2;Monthly;Mensal;0;nível;0;366;True;True;True;True;4;True;True;0.990283315098989;1.900753991063245
ipca_EX2;Monthly;Mensal;1;diff;1;365;True;True;True;True;4;True;True;0.7627455282677674;1.3717503920116667
ipca_EX2;Monthly;Mensal;2;log;1;0;;;;;0;False;False;;
ipca_EX2;Monthly;Mensal;3;log→diff;3;0;;;;;0;False;False;;
ipca_EX2;Monthly;Mensal;4;boxcox;1;0;;;;;0;False;False;;
ipca_EX2;Monthly;Mensal;5;boxcox→diff;2;0;;;;;0;False;False;;
ipca_EX2;Monthly;Mensal;6;yeojohnson;1;366;True;True;True;True;4;True;True;0.7658201093568672;1.657043985712108
ipca_EX2;Monthly;Mensal;7;yeojohnson→diff;2;365;True;True;True;True;4;True;True;0.6821777251733301;1.2531144082719679
ipca_EX2;Monthly;Anual;8;sdiff12;1;354;True;True;True;True;4;True;True;1.0153720962568245;1.7542641814993385
ipca_EX2;Monthly;Anual;9;sdiff12→diff;2;353;True;True;True;False;3;True;True;0.5896061794412923;1.1719779175056
ipca_EX2;Monthly;Anual;10;log→sdiff12;3;0;;;;;0;False;False;;
ipca_EX2;Monthly;Anual;11;log→sdiff12→diff;4;0;;;;;0;False;False;;
ipca_EX2;Monthly;Anual;12;boxcox→sdiff12→diff;3;0;;;;;0;False;False;;
ipca_EX2;Monthly;Mensal;13;mom_pct;1;365;True;True;True;True;4;True;True;2.3144824154518107;6.429814580215679
ipca_EX2;Monthly;Anual;14;mom_pct_annual_rate;1;365;True;True;True;True;4;True;True;2.3144824154518107;6.429814580215679
ipca_EX2;Monthly;Anual;15;yoy_pct_monthly;1;354;True;True;True;True;4;True;True;2.3319274426693197;4.821217517695155
ipca_EX3;Monthly;Mensal;0;nível;0;366;True;True;True;False;3;True;True;0.9609263763848362;1.8267324138425356
ipca_EX3;Monthly;Mensal;1;diff;1;365;True;True;True;False;3;True;True;0.9583292840369165;1.3288256342871536
ipca_EX3;Monthly;Mensal;2;log;1;0;;;;;0;False;False;;
ipca_EX3;Monthly;Mensal;3;log→diff;3;0;;;;;0;False;False;;
ipca_EX3;Monthly;Mensal;4;boxcox;1;0;;;;;0;False;False;;
ipca_EX3;Monthly;Mensal;5;boxcox→diff;2;0;;;;;0;False;False;;
ipca_EX3;Monthly;Mensal;6;yeojohnson;1;366;True;True;True;False;3;True;True;0.8170357557695296;1.9227098196497194
ipca_EX3;Monthly;Mensal;7;yeojohnson→diff;2;365;True;True;True;False;3;True;True;0.8953458539345617;1.4658131766329152
ipca_EX3;Monthly;Anual;8;sdiff12;1;354;True;True;True;False;3;True;True;0.9113224595013537;1.3104488029023684
ipca_EX3;Monthly;Anual;9;sdiff12→diff;2;353;True;True;True;False;3;True;True;0.5776246392481188;0.9465442313402691
ipca_EX3;Monthly;Anual;10;log→sdiff12;3;0;;;;;0;False;False;;
ipca_EX3;Monthly;Anual;11;log→sdiff12→diff;4;0;;;;;0;False;False;;
ipca_EX3;Monthly;Anual;12;boxcox→sdiff12→diff;3;0;;;;;0;False;False;;
ipca_EX3;Monthly;Mensal;13;mom_pct;1;365;True;True;True;True;4;True;True;3.136939735223416;31.26168986525616
ipca_EX3;Monthly;Anual;14;mom_pct_annual_rate;1;365;True;True;True;True;4;True;True;3.136939735223416;31.26168986525616
ipca_EX3;Monthly;Anual;15;yoy_pct_monthly;1;354;True;True;True;True;4;True;True;2.6603405521973666;6.367834476836883
ipca_MA;Monthly;Mensal;0;nível;0;366;True;True;True;True;4;True;True;1.1681162658392146;1.6770992840369707
ipca_MA;Monthly;Mensal;1;diff;1;365;True;True;True;False;3;True;True;0.7621620128860199;0.46282523038941314
ipca_MA;Monthly;Mensal;2;log;1;0;;;;;0;False;False;;
ipca_MA;Monthly;Mensal;3;log→diff;3;0;;;;;0;False;False;;
ipca_MA;Monthly;Mensal;4;boxcox;1;0;;;;;0;False;False;;
ipca_MA;Monthly;Mensal;5;boxcox→diff;2;0;;;;;0;False;False;;
ipca_MA;Monthly;Mensal;6;yeojohnson;1;366;True;True;True;True;4;True;True;0.7402048326867234;1.245392464901268
ipca_MA;Monthly;Mensal;7;yeojohnson→diff;2;365;True;True;True;False;3;True;True;0.5716448532258519;0.7587213397901429
ipca_MA;Monthly;Anual;8;sdiff12;1;354;True;True;True;False;3;True;True;1.2113922469831617;1.263155927151716
ipca_MA;Monthly;Anual;9;sdiff12→diff;2;353;True;True;True;False;3;True;True;0.6143388895635713;0.4426568260151471
ipca_MA;Monthly;Anual;10;log→sdiff12;3;0;;;;;0;False;False;;
ipca_MA;Monthly;Anual;11;log→sdiff12→diff;4;0;;;;;0;False;False;;
ipca_MA;Monthly;Anual;12;boxcox→sdiff12→diff;3;0;;;;;0;False;False;;
ipca_MA;Monthly;Mensal;13;mom_pct;1;365;True;True;True;True;4;True;True;1.7337906205212812;2.0115290217068553
ipca_MA;Monthly;Anual;14;mom_pct_annual_rate;1;365;True;True;True;True;4;True;True;1.7337906205212812;2.0115290217068553
ipca_MA;Monthly;Anual;15;yoy_pct_monthly;1;354;True;True;True;True;4;True;True;2.981008198499979;3.0651774564026715
ipca_MS;Monthly;Mensal;0;nível;0;366;True;True;True;False;3;True;True;1.0826562121187135;2.468216313062346
ipca_MS;Monthly;Mensal;1;diff;1;365;True;True;True;False;3;True;True;0.769632323761309;0.8436636415065053
ipca_MS;Monthly;Mensal;2;log;1;0;;;;;0;False;False;;
ipca_MS;Monthly;Mensal;3;log→diff;3;0;;;;;0;False;False;;
ipca_MS;Monthly;Mensal;4;boxcox;1;0;;;;;0;False;False;;
ipca_MS;Monthly;Mensal;5;boxcox→diff;2;0;;;;;0;False;False;;
ipca_MS;Monthly;Mensal;6;yeojohnson;1;366;True;True;True;False;3;True;True;0.9179311942731331;1.8875495356726217
ipca_MS;Monthly;Mensal;7;yeojohnson→diff;2;365;True;True;True;False;3;True;True;0.7682085850275163;0.9605137149215147
ipca_MS;Monthly;Anual;8;sdiff12;1;354;True;True;True;False;3;True;True;1.0917962979497735;1.696283962908304
ipca_MS;Monthly;Anual;9;sdiff12→diff;2;353;True;True;True;False;3;True;True;0.5601271424070581;0.8515900341946029
ipca_MS;Monthly;Anual;10;log→sdiff12;3;0;;;;;0;False;False;;
ipca_MS;Monthly;Anual;11;log→sdiff12→diff;4;0;;;;;0;False;False;;
ipca_MS;Monthly;Anual;12;boxcox→sdiff12→diff;3;0;;;;;0;False;False;;
ipca_MS;Monthly;Mensal;13;mom_pct;1;365;True;True;True;True;4;True;True;3.6183127404577875;1.018182342458827
ipca_MS;Monthly;Anual;14;mom_pct_annual_rate;1;365;True;True;True;True;4;True;True;3.6183127404577875;1.018182342458827
ipca_MS;Monthly;Anual;15;yoy_pct_monthly;1;354;True;True;True;True;4;True;True;3.6009291299857336;1.4102799790691507
ipca_DP;Monthly;Mensal;0;nível;0;366;True;True;True;True;4;True;True;1.0624883304032542;1.9175628587944198
ipca_DP;Monthly;Mensal;1;diff;1;365;True;True;True;True;4;True;True;0.9153022132253321;1.1484395031662051
ipca_DP;Monthly;Mensal;2;log;1;0;;;;;0;False;False;;
ipca_DP;Monthly;Mensal;3;log→diff;3;0;;;;;0;False;False;;
ipca_DP;Monthly;Mensal;4;boxcox;1;0;;;;;0;False;False;;
ipca_DP;Monthly;Mensal;5;boxcox→diff;2;0;;;;;0;False;False;;
ipca_DP;Monthly;Mensal;6;yeojohnson;1;366;True;True;True;False;3;True;True;0.9020266118439031;1.6969516821357133
ipca_DP;Monthly;Mensal;7;yeojohnson→diff;2;365;True;True;True;True;4;True;True;0.9542490599883343;0.929626213478949
ipca_DP;Monthly;Anual;8;sdiff12;1;354;True;True;True;True;4;True;True;1.1061305521251525;1.6568049474043502
ipca_DP;Monthly;Anual;9;sdiff12→diff;2;353;True;True;True;False;3;True;True;0.7627659031060084;0.703465002774444
ipca_DP;Monthly;Anual;10;log→sdiff12;3;0;;;;;0;False;False;;
ipca_DP;Monthly;Anual;11;log→sdiff12→diff;4;0;;;;;0;False;False;;
ipca_DP;Monthly;Anual;12;boxcox→sdiff12→diff;3;0;;;;;0;False;False;;
ipca_DP;Monthly;Mensal;13;mom_pct;1;365;True;True;True;True;4;True;True;2.3464272954023806;5.509179373638466
ipca_DP;Monthly;Anual;14;mom_pct_annual_rate;1;365;True;True;True;True;4;True;True;2.3464272954023806;5.509179373638466
ipca_DP;Monthly;Anual;15;yoy_pct_monthly;1;354;True;True;True;True;4;True;True;2.26552060620286;1.9473190636455362
ipca_EXFE;Monthly;Mensal;0;nível;0;366;True;True;True;False;3;True;True;0.8104733403178361;1.5016645512428572
ipca_EXFE;Monthly;Mensal;1;diff;1;365;True;True;True;True;4;True;True;0.5357210613813872;0.7320016973099158
ipca_EXFE;Monthly;Mensal;2;log;1;0;;;;;0;False;False;;
ipca_EXFE;Monthly;Mensal;3;log→diff;3;0;;;;;0;False;False;;
ipca_EXFE;Monthly;Mensal;4;boxcox;1;0;;;;;0;False;False;;
ipca_EXFE;Monthly;Mensal;5;boxcox→diff;2;0;;;;;0;False;False;;
ipca_EXFE;Monthly;Mensal;6;yeojohnson;1;366;True;True;True;False;3;True;True;0.7097912800749632;1.1341209086164816
ipca_EXFE;Monthly;Mensal;7;yeojohnson→diff;2;365;True;True;True;True;4;True;True;0.5168587982664933;0.7910417661306517
ipca_EXFE;Monthly;Anual;8;sdiff12;1;354;True;True;True;False;3;True;True;0.7728412080158734;1.0067418654102158
ipca_EXFE;Monthly;Anual;9;sdiff12→diff;2;353;True;True;True;False;3;True;True;0.4985082688305384;0.7197671402632941
ipca_EXFE;Monthly;Anual;10;log→sdiff12;3;0;;;;;0;False;False;;
ipca_EXFE;Monthly;Anual;11;log→sdiff12→diff;4;0;;;;;0;False;False;;
ipca_EXFE;Monthly;Anual;12;boxcox→sdiff12→diff;3;0;;;;;0;False;False;;
ipca_EXFE;Monthly;Mensal;13;mom_pct;1;365;True;True;True;True;4;True;True;3.574844960225521;7.056031874449279
ipca_EXFE;Monthly;Anual;14;mom_pct_annual_rate;1;365;True;True;True;True;4;True;True;3.574844960225521;7.056031874449279
ipca_EXFE;Monthly;Anual;15;yoy_pct_monthly;1;354;True;True;True;True;4;True;True;2.4916260831984456;2.142685258855585
ipca_P55;Monthly;Mensal;0;nível;0;366;True;True;True;False;3;True;True;1.263851447338167;1.4968091492219997
ipca_P55;Monthly;Mensal;1;diff;1;365;True;True;True;True;4;True;True;0.9976274086541093;0.7966916190108351
ipca_P55;Monthly;Mensal;2;log;1;0;;;;;0;False;False;;
ipca_P55;Monthly;Mensal;3;log→diff;3;0;;;;;0;False;False;;
ipca_P55;Monthly;Mensal;4;boxcox;1;0;;;;;0;False;False;;
ipca_P55;Monthly;Mensal;5;boxcox→diff;2;0;;;;;0;False;False;;
ipca_P55;Monthly;Mensal;6;yeojohnson;1;366;True;True;True;False;3;True;True;0.7297160446803853;1.2595509276322545
ipca_P55;Monthly;Mensal;7;yeojohnson→diff;2;365;True;True;True;True;4;True;True;0.5344999079180164;0.9162677248773289
ipca_P55;Monthly;Anual;8;sdiff12;1;354;True;True;True;True;4;True;True;1.2069584226871966;1.7253888445774312
ipca_P55;Monthly;Anual;9;sdiff12→diff;2;353;True;True;True;True;4;True;True;0.7080480768824832;0.6107106783866244
ipca_P55;Monthly;Anual;10;log→sdiff12;3;0;;;;;0;False;False;;
ipca_P55;Monthly;Anual;11;log→sdiff12→diff;4;0;;;;;0;False;False;;
ipca_P55;Monthly;Anual;12;boxcox→sdiff12→diff;3;0;;;;;0;False;False;;
ipca_P55;Monthly;Mensal;13;mom_pct;1;365;True;False;True;True;3;True;True;2.442510751040455;12.631582320386142
ipca_P55;Monthly;Anual;14;mom_pct_annual_rate;1;365;True;False;True;True;3;True;True;2.442510751040455;12.631582320386142
ipca_P55;Monthly;Anual;15;yoy_pct_monthly;1;354;True;True;True;True;4;True;True;3.0544325300581825;32.4579062550388
ipca_difusao;Monthly;Mensal;0;nível;0;366;True;True;True;True;4;True;True;0.594144970446246;1.0238451468051655
ipca_difusao;Monthly;Mensal;1;diff;1;365;True;True;True;True;4;True;True;0.42625406885768363;0.5839008094509163
ipca_difusao;Monthly;Mensal;2;log;1;366;True;True;True;True;4;True;True;0.5810230518263557;1.0289468433040694
ipca_difusao;Monthly;Mensal;3;log→diff;3;365;True;True;True;True;4;True;True;0.4866327340217243;0.5530881244409371
ipca_difusao;Monthly;Mensal;4;boxcox;1;366;True;True;True;True;4;True;True;0.5800436478897543;1.04131207430255
ipca_difusao;Monthly;Mensal;5;boxcox→diff;2;365;True;True;True;True;4;True;True;0.47411258594824085;0.597816946782917
ipca_difusao;Monthly;Mensal;6;yeojohnson;1;366;True;True;True;True;4;True;True;0.5800090105508066;1.04107823506351
ipca_difusao;Monthly;Mensal;7;yeojohnson→diff;2;365;True;True;True;True;4;True;True;0.47404330431469327;0.5975681552775102
ipca_difusao;Monthly;Anual;8;sdiff12;1;354;True;True;True;True;4;True;True;0.5187154227072431;1.01448223120547
ipca_difusao;Monthly;Anual;9;sdiff12→diff;2;353;True;True;True;True;4;True;True;0.35025492668836716;0.5623817130026423
ipca_difusao;Monthly;Anual;10;log→sdiff12;3;354;True;True;True;True;4;True;True;0.4816078365659861;0.9765609051930851
ipca_difusao;Monthly;Anual;11;log→sdiff12→diff;4;353;True;True;True;True;4;True;True;0.41235853743024903;0.6767761047058812
ipca_difusao;Monthly;Anual;12;boxcox→sdiff12→diff;3;353;True;True;True;True;4;True;True;0.4003316708672088;0.6371663391778399
ipca_difusao;Monthly;Mensal;13;mom_pct;1;365;True;True;True;True;4;True;True;0.5144706276295291;0.6061536321925821
ipca_difusao;Monthly;Anual;14;mom_pct_annual_rate;1;365;True;True;True;True;4;True;True;0.5144706276295291;0.6061536321925821
ipca_difusao;Monthly;Anual;15;yoy_pct_monthly;1;354;True;True;True;True;4;True;True;0.4727053113088028;0.9248515400955255
ipca_industriais_subjacentes;Monthly;Mensal;0;nível;0;366;True;True;True;True;4;True;True;0.969075992241569;2.220429375821118
ipca_industriais_subjacentes;Monthly;Mensal;1;diff;1;365;True;True;True;False;3;True;True;1.0827916811400404;1.6625681784330688
ipca_industriais_subjacentes;Monthly;Mensal;2;log;1;0;;;;;0;False;False;;
ipca_industriais_subjacentes;Monthly;Mensal;3;log→diff;3;0;;;;;0;False;False;;
ipca_industriais_subjacentes;Monthly;Mensal;4;boxcox;1;0;;;;;0;False;False;;
ipca_industriais_subjacentes;Monthly;Mensal;5;boxcox→diff;2;0;;;;;0;False;False;;
ipca_industriais_subjacentes;Monthly;Mensal;6;yeojohnson;1;366;True;True;True;True;4;True;True;1.0130473277461496;2.010770622694884
ipca_industriais_subjacentes;Monthly;Mensal;7;yeojohnson→diff;2;365;True;True;True;False;3;True;True;1.2704509064257863;1.787118597667889
ipca_industriais_subjacentes;Monthly;Anual;8;sdiff12;1;354;True;True;True;True;4;True;True;0.8822969081445593;1.5737465408977929
ipca_industriais_subjacentes;Monthly;Anual;9;sdiff12→diff;2;353;True;True;True;False;3;True;True;0.7511376737920045;1.710094475454582
ipca_industriais_subjacentes;Monthly;Anual;10;log→sdiff12;3;0;;;;;0;False;False;;
ipca_industriais_subjacentes;Monthly;Anual;11;log→sdiff12→diff;4;0;;;;;0;False;False;;
ipca_industriais_subjacentes;Monthly;Anual;12;boxcox→sdiff12→diff;3;0;;;;;0;False;False;;
ipca_industriais_subjacentes;Monthly;Mensal;13;mom_pct;1;365;True;True;True;True;4;True;True;4.910301487542472;10.918499229180211
ipca_industriais_subjacentes;Monthly;Anual;14;mom_pct_annual_rate;1;365;True;True;True;True;4;True;True;4.910301487542472;10.918499229180211
ipca_industriais_subjacentes;Monthly;Anual;15;yoy_pct_monthly;1;354;True;True;True;True;4;True;True;12.12337516567738;8.895630233520592
ipca_servicos_subjacentes;Monthly;Mensal;0;nível;0;366;True;True;True;False;3;True;True;1.0480353712647223;1.0370590081363709
ipca_servicos_subjacentes;Monthly;Mensal;1;diff;1;365;True;True;True;True;4;True;True;0.440599993517791;0.5365709755217469
ipca_servicos_subjacentes;Monthly;Mensal;2;log;1;0;;;;;0;False;False;;
ipca_servicos_subjacentes;Monthly;Mensal;3;log→diff;3;0;;;;;0;False;False;;
ipca_servicos_subjacentes;Monthly;Mensal;4;boxcox;1;0;;;;;0;False;False;;
ipca_servicos_subjacentes;Monthly;Mensal;5;boxcox→diff;2;0;;;;;0;False;False;;
ipca_servicos_subjacentes;Monthly;Mensal;6;yeojohnson;1;366;True;True;True;False;3;True;True;0.8953886452248045;1.0020736275624749
ipca_servicos_subjacentes;Monthly;Mensal;7;yeojohnson→diff;2;365;True;False;True;True;3;True;True;0.43148450574507763;0.5926622432496645
ipca_servicos_subjacentes;Monthly;Anual;8;sdiff12;1;354;True;True;True;False;3;True;True;0.5260695833185852;0.7471833318505977
ipca_servicos_subjacentes;Monthly;Anual;9;sdiff12→diff;2;353;True;True;True;False;3;True;True;0.35599392971541977;0.4814587506154287
ipca_servicos_subjacentes;Monthly;Anual;10;log→sdiff12;3;0;;;;;0;False;False;;
ipca_servicos_subjacentes;Monthly;Anual;11;log→sdiff12→diff;4;0;;;;;0;False;False;;
ipca_servicos_subjacentes;Monthly;Anual;12;boxcox→sdiff12→diff;3;0;;;;;0;False;False;;
ipca_servicos_subjacentes;Monthly;Mensal;13;mom_pct;1;365;True;True;True;True;4;True;True;2.8485917073452405;33.72330499772108
ipca_servicos_subjacentes;Monthly;Anual;14;mom_pct_annual_rate;1;365;True;True;True;True;4;True;True;2.8485917073452405;33.72330499772108
ipca_servicos_subjacentes;Monthly;Anual;15;yoy_pct_monthly;1;354;False;True;True;True;3;True;True;2.3802852511487878;41.76224070184134
ipca15;Monthly;Mensal;0;nível;0;315;True;True;True;True;4;True;True;1.245543035338843;1.3445067046159014
ipca15;Monthly;Mensal;1;diff;1;314;True;True;True;True;4;True;True;0.7590570367593187;1.7149389850065695
ipca15;Monthly;Mensal;2;log;1;0;;;;;0;False;False;;
ipca15;Monthly;Mensal;3;log→diff;3;0;;;;;0;False;False;;
ipca15;Monthly;Mensal;4;boxcox;1;0;;;;;0;False;False;;
ipca15;Monthly;Mensal;5;boxcox→diff;2;0;;;;;0;False;False;;
ipca15;Monthly;Mensal;6;yeojohnson;1;315;True;True;True;True;4;True;True;0.9682525311502509;1.9227935249847639
ipca15;Monthly;Mensal;7;yeojohnson→diff;2;314;True;True;True;False;3;True;True;0.7694140086703758;1.6458481020100952
ipca15;Monthly;Anual;8;sdiff12;1;303;True;True;True;True;4;True;True;1.173294095706553;1.8203079846569983
ipca15;Monthly;Anual;9;sdiff12→diff;2;302;True;True;True;True;4;True;True;0.7398623558221207;1.2206567592945385
ipca15;Monthly;Anual;10;log→sdiff12;3;0;;;;;0;False;False;;
ipca15;Monthly;Anual;11;log→sdiff12→diff;4;0;;;;;0;False;False;;
ipca15;Monthly;Anual;12;boxcox→sdiff12→diff;3;0;;;;;0;False;False;;
ipca15;Monthly;Mensal;13;mom_pct;1;314;True;True;True;True;4;True;True;2.4378595824601157;7.144484940718214
ipca15;Monthly;Anual;14;mom_pct_annual_rate;1;314;True;True;True;True;4;True;True;2.4378595824601157;7.144484940718214
ipca15;Monthly;Anual;15;yoy_pct_monthly;1;303;True;True;True;True;4;True;True;2.1685307348850786;37.40440100071625
igpm;Monthly;Mensal;0;nível;0;367;True;True;True;True;4;True;True;0.868159721280864;1.4899049539001945
igpm;Monthly;Mensal;1;diff;1;366;True;True;True;True;4;True;True;0.8195025334171961;1.0035125803937786
igpm;Monthly;Mensal;2;log;1;0;;;;;0;False;False;;
igpm;Monthly;Mensal;3;log→diff;3;0;;;;;0;False;False;;
igpm;Monthly;Mensal;4;boxcox;1;0;;;;;0;False;False;;
igpm;Monthly;Mensal;5;boxcox→diff;2;0;;;;;0;False;False;;
igpm;Monthly;Mensal;6;yeojohnson;1;367;True;True;True;True;4;True;True;0.7033284120155369;1.2539912313185408
igpm;Monthly;Mensal;7;yeojohnson→diff;2;366;True;True;True;True;4;True;True;0.617851993967605;1.1315435304573094
igpm;Monthly;Anual;8;sdiff12;1;355;True;True;True;True;4;True;True;0.8126714796999942;1.0516191735527236
igpm;Monthly;Anual;9;sdiff12→diff;2;354;True;True;True;False;3;True;True;0.8775450374215111;0.888697214396081
igpm;Monthly;Anual;10;log→sdiff12;3;0;;;;;0;False;False;;
igpm;Monthly;Anual;11;log→sdiff12→diff;4;0;;;;;0;False;False;;
igpm;Monthly;Anual;12;boxcox→sdiff12→diff;3;0;;;;;0;False;False;;
igpm;Monthly;Mensal;13;mom_pct;1;366;True;True;True;True;4;True;True;1.683860591860189;6.335838065340608
igpm;Monthly;Anual;14;mom_pct_annual_rate;1;366;True;True;True;True;4;True;True;1.683860591860189;6.335838065340608
igpm;Monthly;Anual;15;yoy_pct_monthly;1;355;True;True;True;True;4;True;True;2.5965714882192183;5.82615072150743
igpdi;Monthly;Mensal;0;nível;0;366;True;True;True;True;4;True;True;0.9042808624345099;1.7541735600947952
igpdi;Monthly;Mensal;1;diff;1;365;True;True;True;True;4;True;True;0.913537952470144;1.5182890990493159
igpdi;Monthly;Mensal;2;log;1;0;;;;;0;False;False;;
igpdi;Monthly;Mensal;3;log→diff;3;0;;;;;0;False;False;;
igpdi;Monthly;Mensal;4;boxcox;1;0;;;;;0;False;False;;
igpdi;Monthly;Mensal;5;boxcox→diff;2;0;;;;;0;False;False;;
igpdi;Monthly;Mensal;6;yeojohnson;1;366;True;True;True;True;4;True;True;0.777004226627567;1.384482093973901
igpdi;Monthly;Mensal;7;yeojohnson→diff;2;365;True;True;True;True;4;True;True;0.8844768046501335;1.1005221303477803
igpdi;Monthly;Anual;8;sdiff12;1;354;True;True;True;True;4;True;True;0.7993519941170923;1.1771029141103524
igpdi;Monthly;Anual;9;sdiff12→diff;2;353;True;True;True;True;4;True;True;0.7654982380284596;0.9230901079098747
igpdi;Monthly;Anual;10;log→sdiff12;3;0;;;;;0;False;False;;
igpdi;Monthly;Anual;11;log→sdiff12→diff;4;0;;;;;0;False;False;;
igpdi;Monthly;Anual;12;boxcox→sdiff12→diff;3;0;;;;;0;False;False;;
igpdi;Monthly;Mensal;13;mom_pct;1;365;True;True;True;True;4;True;True;2.395829214498994;10.358242943915815
igpdi;Monthly;Anual;14;mom_pct_annual_rate;1;365;True;True;True;True;4;True;True;2.395829214498994;10.358242943915815
igpdi;Monthly;Anual;15;yoy_pct_monthly;1;354;True;True;True;True;4;True;True;3.1054459599686943;26.400167561928914
ipcbr;Monthly;Mensal;0;nível;0;366;True;True;True;True;4;True;True;0.8392835666248388;1.682919964448447
ipcbr;Monthly;Mensal;1;diff;1;365;True;True;True;True;4;True;True;0.753238159855739;1.6608709923662759
ipcbr;Monthly;Mensal;2;log;1;0;;;;;0;False;False;;
ipcbr;Monthly;Mensal;3;log→diff;3;0;;;;;0;False;False;;
ipcbr;Monthly;Mensal;4;boxcox;1;0;;;;;0;False;False;;
ipcbr;Monthly;Mensal;5;boxcox→diff;2;0;;;;;0;False;False;;
ipcbr;Monthly;Mensal;6;yeojohnson;1;366;True;True;True;True;4;True;True;0.7868541978207693;1.4792232525824747
ipcbr;Monthly;Mensal;7;yeojohnson→diff;2;365;True;True;True;True;4;True;True;0.8429693737515173;1.2209654862728063
ipcbr;Monthly;Anual;8;sdiff12;1;354;True;True;True;True;4;True;True;0.8749976221473894;1.1756508690939336
ipcbr;Monthly;Anual;9;sdiff12→diff;2;353;True;True;True;False;3;True;True;0.606338524263881;1.0784846013935836
ipcbr;Monthly;Anual;10;log→sdiff12;3;0;;;;;0;False;False;;
ipcbr;Monthly;Anual;11;log→sdiff12→diff;4;0;;;;;0;False;False;;
ipcbr;Monthly;Anual;12;boxcox→sdiff12→diff;3;0;;;;;0;False;False;;
ipcbr;Monthly;Mensal;13;mom_pct;1;365;True;True;True;True;4;True;True;1.1973878418276955;1.9284911174703843
ipcbr;Monthly;Anual;14;mom_pct_annual_rate;1;365;True;True;True;True;4;True;True;1.1973878418276955;1.9284911174703843
ipcbr;Monthly;Anual;15;yoy_pct_monthly;1;354;True;True;True;True;4;True;True;2.111255923279438;4.8623971445358185
incc;Monthly;Mensal;0;nível;0;366;True;True;True;False;3;True;True;0.7471544975244256;1.0478459016448731
incc;Monthly;Mensal;1;diff;1;365;True;True;True;False;3;True;True;0.7038969744006126;1.3870276386079743
incc;Monthly;Mensal;2;log;1;0;;;;;0;False;False;;
incc;Monthly;Mensal;3;log→diff;3;0;;;;;0;False;False;;
incc;Monthly;Mensal;4;boxcox;1;0;;;;;0;False;False;;
incc;Monthly;Mensal;5;boxcox→diff;2;0;;;;;0;False;False;;
incc;Monthly;Mensal;6;yeojohnson;1;366;True;True;True;False;3;True;True;0.5849256164384611;0.8802775558875133
incc;Monthly;Mensal;7;yeojohnson→diff;2;365;True;True;True;False;3;True;True;0.6003710413874394;0.8261003274321661
incc;Monthly;Anual;8;sdiff12;1;354;True;True;True;False;3;True;True;0.7195654780005197;0.9385970666348488
incc;Monthly;Anual;9;sdiff12→diff;2;353;True;True;True;False;3;True;True;0.5728093188203884;0.9761778967736372
incc;Monthly;Anual;10;log→sdiff12;3;0;;;;;0;False;False;;
incc;Monthly;Anual;11;log→sdiff12→diff;4;0;;;;;0;False;False;;
incc;Monthly;Anual;12;boxcox→sdiff12→diff;3;0;;;;;0;False;False;;
incc;Monthly;Mensal;13;mom_pct;1;365;True;True;True;True;4;True;True;1.383341060407626;5.947027635842511
incc;Monthly;Anual;14;mom_pct_annual_rate;1;365;True;True;True;True;4;True;True;1.383341060407626;5.947027635842511
incc;Monthly;Anual;15;yoy_pct_monthly;1;354;True;True;True;True;4;True;True;1.4302065886889512;1.6170632617738296
ipc_fipe;Monthly;Mensal;0;nível;0;366;True;True;True;True;4;True;True;0.9247133408961694;1.0641816556451444
ipc_fipe;Monthly;Mensal;1;diff;1;365;True;True;True;False;3;True;True;0.7969447791769889;0.6112306679363074
ipc_fipe;Monthly;Mensal;2;log;1;0;;;;;0;False;False;;
ipc_fipe;Monthly;Mensal;3;log→diff;3;0;;;;;0;False;False;;
ipc_fipe;Monthly;Mensal;4;boxcox;1;0;;;;;0;False;False;;
ipc_fipe;Monthly;Mensal;5;boxcox→diff;2;0;;;;;0;False;False;;
ipc_fipe;Monthly;Mensal;6;yeojohnson;1;366;True;True;True;False;3;True;True;0.9556820430746494;0.944072424419176
ipc_fipe;Monthly;Mensal;7;yeojohnson→diff;2;365;True;True;True;False;3;True;True;0.8789369177258786;0.6582819141976649
ipc_fipe;Monthly;Anual;8;sdiff12;1;354;True;True;True;False;3;True;True;0.8770023559358839;1.0177016041239717
ipc_fipe;Monthly;Anual;9;sdiff12→diff;2;353;True;True;True;True;4;True;True;0.6493848708951391;0.8369833958791283
ipc_fipe;Monthly;Anual;10;log→sdiff12;3;0;;;;;0;False;False;;
ipc_fipe;Monthly;Anual;11;log→sdiff12→diff;4;0;;;;;0;False;False;;
ipc_fipe;Monthly;Anual;12;boxcox→sdiff12→diff;3;0;;;;;0;False;False;;
ipc_fipe;Monthly;Mensal;13;mom_pct;1;365;True;True;True;True;4;True;True;3.208288505437655;5.610793880143747
ipc_fipe;Monthly;Anual;14;mom_pct_annual_rate;1;365;True;True;True;True;4;True;True;3.208288505437655;5.610793880143747
ipc_fipe;Monthly;Anual;15;yoy_pct_monthly;1;354;True;True;True;True;4;True;True;3.3407691433203546;28.48625787412048
igp10;Monthly;Mensal;0;nível;0;367;True;True;True;True;4;True;True;0.8826410905575134;1.3501146669241808
igp10;Monthly;Mensal;1;diff;1;366;True;True;True;False;3;True;True;0.860287306006718;1.210559039078374
igp10;Monthly;Mensal;2;log;1;0;;;;;0;False;False;;
igp10;Monthly;Mensal;3;log→diff;3;0;;;;;0;False;False;;
igp10;Monthly;Mensal;4;boxcox;1;0;;;;;0;False;False;;
igp10;Monthly;Mensal;5;boxcox→diff;2;0;;;;;0;False;False;;
igp10;Monthly;Mensal;6;yeojohnson;1;367;True;True;True;True;4;True;True;0.7574480468748634;1.338427387557372
igp10;Monthly;Mensal;7;yeojohnson→diff;2;366;True;True;True;True;4;True;True;0.815786212475121;0.9085144822473844
igp10;Monthly;Anual;8;sdiff12;1;355;True;True;True;True;4;True;True;0.7977739041227635;1.079755701092315
igp10;Monthly;Anual;9;sdiff12→diff;2;354;True;True;True;False;3;True;True;0.7905351927595998;0.7976548657619964
igp10;Monthly;Anual;10;log→sdiff12;3;0;;;;;0;False;False;;
igp10;Monthly;Anual;11;log→sdiff12→diff;4;0;;;;;0;False;False;;
igp10;Monthly;Anual;12;boxcox→sdiff12→diff;3;0;;;;;0;False;False;;
igp10;Monthly;Mensal;13;mom_pct;1;366;True;True;True;True;4;True;True;2.1704733241481016;1.9189830523354543
igp10;Monthly;Anual;14;mom_pct_annual_rate;1;366;True;True;True;True;4;True;True;2.1704733241481016;1.9189830523354543
igp10;Monthly;Anual;15;yoy_pct_monthly;1;355;True;True;True;True;4;True;True;2.6118161174039534;3.8808153022765395
ipam;Monthly;Mensal;0;nível;0;367;True;True;True;True;4;True;True;0.840281934282639;1.3247503363061355
ipam;Monthly;Mensal;1;diff;1;366;True;True;True;True;4;True;True;0.820860587968542;0.9176223203828525
ipam;Monthly;Mensal;2;log;1;0;;;;;0;False;False;;
ipam;Monthly;Mensal;3;log→diff;3;0;;;;;0;False;False;;
ipam;Monthly;Mensal;4;boxcox;1;0;;;;;0;False;False;;
ipam;Monthly;Mensal;5;boxcox→diff;2;0;;;;;0;False;False;;
ipam;Monthly;Mensal;6;yeojohnson;1;367;True;True;True;True;4;True;True;0.669495028122694;1.2297914940861057
ipam;Monthly;Mensal;7;yeojohnson→diff;2;366;True;True;True;True;4;True;True;0.6025424819450824;0.9791883727043525
ipam;Monthly;Anual;8;sdiff12;1;355;True;True;True;True;4;True;True;0.7689266271226596;0.9732547236167357
ipam;Monthly;Anual;9;sdiff12→diff;2;354;True;True;True;False;3;True;True;0.8313464795320386;0.8962747004858254
ipam;Monthly;Anual;10;log→sdiff12;3;0;;;;;0;False;False;;
ipam;Monthly;Anual;11;log→sdiff12→diff;4;0;;;;;0;False;False;;
ipam;Monthly;Anual;12;boxcox→sdiff12→diff;3;0;;;;;0;False;False;;
ipam;Monthly;Mensal;13;mom_pct;1;366;True;True;True;True;4;True;True;3.4205969693537366;9.830566532230653
ipam;Monthly;Anual;14;mom_pct_annual_rate;1;366;True;True;True;True;4;True;True;3.4205969693537366;9.830566532230653
ipam;Monthly;Anual;15;yoy_pct_monthly;1;355;True;True;True;True;4;True;True;3.3852714457089856;26.63074679353961
abras;Monthly;Mensal;0;nível;0;306;False;False;False;False;0;False;True;2.1306044619377347;1.3314096039031265
abras;Monthly;Mensal;1;diff;1;305;True;False;True;True;3;True;True;1.0184721615657724;1.0792480231948596
abras;Monthly;Mensal;2;log;1;306;False;False;False;False;0;False;True;1.4867897022675287;1.7404076510333217
abras;Monthly;Mensal;3;log→diff;3;305;True;False;True;True;3;True;True;0.4888334089261614;0.9010969906651769
abras;Monthly;Mensal;4;boxcox;1;306;False;False;False;False;0;False;True;0.9828840791323311;1.0771350805353017
abras;Monthly;Mensal;5;boxcox→diff;2;305;True;True;True;True;4;True;True;0.9039213592769801;1.0062348300890225
abras;Monthly;Mensal;6;yeojohnson;1;306;False;False;False;False;0;False;True;0.9805832428182311;1.0842535173531647
abras;Monthly;Mensal;7;yeojohnson→diff;2;305;True;True;True;True;4;True;True;0.9007436750546404;1.0019290450545943
abras;Monthly;Anual;8;sdiff12;1;294;False;False;True;False;1;False;True;1.5338086839845557;2.3096204420994373
abras;Monthly;Anual;9;sdiff12→diff;2;293;True;True;True;False;3;True;True;1.0088258493767546;1.2520582737236507
abras;Monthly;Anual;10;log→sdiff12;3;294;False;False;True;False;1;False;True;1.0150356125713078;2.3457067273058105
abras;Monthly;Anual;11;log→sdiff12→diff;4;293;True;True;True;False;3;True;True;0.530489962583601;0.766967965304883
abras;Monthly;Anual;12;boxcox→sdiff12→diff;3;293;True;True;True;False;3;True;True;0.9934753098889754;1.2014739143888593
abras;Monthly;Mensal;13;mom_pct;1;305;True;False;True;True;3;True;True;0.4998102619700445;0.8822544315174374
abras;Monthly;Anual;14;mom_pct_annual_rate;1;305;True;False;True;True;3;True;True;0.4998102619700445;0.8822544315174374
abras;Monthly;Anual;15;yoy_pct_monthly;1;294;False;False;True;False;1;False;True;1.091909189687632;2.277765880128243
prod_total_autoveiculos;Monthly;Mensal;0;nível;0;293;True;True;True;False;3;True;True;1.249322383565925;1.674910225993962
prod_total_autoveiculos;Monthly;Mensal;1;diff;1;292;True;True;True;True;4;True;True;1.075576680221195;1.5756911617285139
prod_total_autoveiculos;Monthly;Mensal;2;log;1;293;True;True;True;True;4;True;True;2.7820254169067535;1.4615707472790376
prod_total_autoveiculos;Monthly;Mensal;3;log→diff;3;292;True;True;True;True;4;True;True;2.930726719007335;1.5067047591145797
prod_total_autoveiculos;Monthly;Mensal;4;boxcox;1;293;False;True;True;False;2;False;True;1.0138921532052383;2.2059363266080605
prod_total_autoveiculos;Monthly;Mensal;5;boxcox→diff;2;292;True;True;True;True;4;True;True;0.8127529922534754;1.6659138168502956
prod_total_autoveiculos;Monthly;Mensal;6;yeojohnson;1;293;False;True;True;False;2;False;True;1.013889385614718;2.205950228177819
prod_total_autoveiculos;Monthly;Mensal;7;yeojohnson→diff;2;292;True;True;True;True;4;True;True;0.8127507508963647;1.665912160759165
prod_total_autoveiculos;Monthly;Anual;8;sdiff12;1;281;True;True;True;True;4;True;True;1.1661114409286466;1.7826274831512037
prod_total_autoveiculos;Monthly;Anual;9;sdiff12→diff;2;280;True;True;True;True;4;True;True;0.9599673400648739;1.0522178772976596
prod_total_autoveiculos;Monthly;Anual;10;log→sdiff12;3;281;True;True;True;True;4;True;True;2.407521208145383;2.0353955531877577
prod_total_autoveiculos;Monthly;Anual;11;log→sdiff12→diff;4;280;True;True;True;True;4;True;True;2.4603087795548726;1.2886606937889478
prod_total_autoveiculos;Monthly;Anual;12;boxcox→sdiff12→diff;3;280;True;True;True;True;4;True;True;0.728795328161012;0.9632434472232572
prod_total_autoveiculos;Monthly;Mensal;13;mom_pct;1;292;True;True;True;True;4;True;True;3.14812739640151;1.5961357774429368
prod_total_autoveiculos;Monthly;Anual;14;mom_pct_annual_rate;1;292;True;True;True;True;4;True;True;3.14812739640151;1.5961357774429368
prod_total_autoveiculos;Monthly;Anual;15;yoy_pct_monthly;1;281;True;True;True;True;4;True;True;3.197759738068775;1.8730214737307649
vendas_total_autoveiculos;Monthly;Mensal;0;nível;0;257;True;False;True;True;3;True;True;1.169826811535335;0.875233955212871
vendas_total_autoveiculos;Monthly;Mensal;1;diff;1;256;True;True;True;True;4;True;True;0.8583426353717439;1.3179679403616809
vendas_total_autoveiculos;Monthly;Mensal;2;log;1;257;True;False;True;True;3;True;True;2.0055633506304527;1.1089594373946683
vendas_total_autoveiculos;Monthly;Mensal;3;log→diff;3;256;True;True;True;True;4;True;True;1.8116547879607545;1.1238642000111316
vendas_total_autoveiculos;Monthly;Mensal;4;boxcox;1;257;False;False;True;False;1;False;True;0.927350257077056;0.9631008716321208
vendas_total_autoveiculos;Monthly;Mensal;5;boxcox→diff;2;256;True;True;True;True;4;True;True;0.7786645789174192;1.5585980329129423
vendas_total_autoveiculos;Monthly;Mensal;6;yeojohnson;1;257;False;False;True;False;1;False;True;0.9273504824330675;0.9631012256825523
vendas_total_autoveiculos;Monthly;Mensal;7;yeojohnson→diff;2;256;True;True;True;True;4;True;True;0.7786647332457296;1.5585983502295477
vendas_total_autoveiculos;Monthly;Anual;8;sdiff12;1;245;False;True;True;True;3;True;True;1.0698299616841265;1.1374799309995451
vendas_total_autoveiculos;Monthly;Anual;9;sdiff12→diff;2;244;True;True;True;False;3;True;True;0.7359741191193452;1.01670552315783
vendas_total_autoveiculos;Monthly;Anual;10;log→sdiff12;3;245;True;True;True;True;4;True;True;1.7835387051148381;1.3981669879588536
vendas_total_autoveiculos;Monthly;Anual;11;log→sdiff12→diff;4;244;True;True;True;False;3;True;True;1.576809915722726;0.799894559066967
vendas_total_autoveiculos;Monthly;Anual;12;boxcox→sdiff12→diff;3;244;True;True;True;False;3;True;True;0.6205554757823223;1.0231895736597911
vendas_total_autoveiculos;Monthly;Mensal;13;mom_pct;1;256;True;True;True;True;4;True;True;1.9281292012579416;1.211571557762997
vendas_total_autoveiculos;Monthly;Anual;14;mom_pct_annual_rate;1;256;True;True;True;True;4;True;True;1.9281292012579416;1.211571557762997
vendas_total_autoveiculos;Monthly;Anual;15;yoy_pct_monthly;1;245;True;True;True;True;4;True;True;2.2557220091019827;1.2221988608318697
vendas_autoveiculos_interno;Monthly;Mensal;0;nível;0;257;True;True;True;True;4;True;True;1.0555844237595924;1.26965211230597
vendas_autoveiculos_interno;Monthly;Mensal;1;diff;1;256;True;True;True;True;4;True;True;0.8827777539137484;2.062056561013529
vendas_autoveiculos_interno;Monthly;Mensal;2;log;1;257;True;True;True;True;4;True;True;1.7593706715017525;1.359828900512712
vendas_autoveiculos_interno;Monthly;Mensal;3;log→diff;3;256;True;True;True;True;4;True;True;1.7014645531794477;1.394986378562615
vendas_autoveiculos_interno;Monthly;Mensal;4;boxcox;1;257;True;True;True;True;4;True;True;1.0772091159251116;1.2589871827973858
vendas_autoveiculos_interno;Monthly;Mensal;5;boxcox→diff;2;256;True;True;True;True;4;True;True;0.8976586369607011;2.0395757711829297
vendas_autoveiculos_interno;Monthly;Mensal;6;yeojohnson;1;257;True;True;True;True;4;True;True;1.0772093669836216;1.258986737980453
vendas_autoveiculos_interno;Monthly;Mensal;7;yeojohnson→diff;2;256;True;True;True;True;4;True;True;0.8976588078814431;2.039575165218868
vendas_autoveiculos_interno;Monthly;Anual;8;sdiff12;1;245;False;True;True;True;3;True;True;1.0389234045672924;1.0950361992232023
vendas_autoveiculos_interno;Monthly;Anual;9;sdiff12→diff;2;244;True;True;True;True;4;True;True;0.7343975971021447;1.1166066939773547
vendas_autoveiculos_interno;Monthly;Anual;10;log→sdiff12;3;245;True;True;True;True;4;True;True;1.6836863612750115;1.09556325140814
vendas_autoveiculos_interno;Monthly;Anual;11;log→sdiff12→diff;4;244;True;True;True;True;4;True;True;1.4886335862969675;0.8769151872870552
vendas_autoveiculos_interno;Monthly;Anual;12;boxcox→sdiff12→diff;3;244;True;True;True;True;4;True;True;0.7512699630466313;1.0956658337400198
vendas_autoveiculos_interno;Monthly;Mensal;13;mom_pct;1;256;True;True;True;True;4;True;True;1.724262992382912;1.4585760386459512
vendas_autoveiculos_interno;Monthly;Anual;14;mom_pct_annual_rate;1;256;True;True;True;True;4;True;True;1.724262992382912;1.4585760386459512
vendas_autoveiculos_interno;Monthly;Anual;15;yoy_pct_monthly;1;245;True;True;True;True;4;True;True;2.0976322058831607;1.0347689225328127
vendas_autoveiculos_externo;Monthly;Mensal;0;nível;0;257;True;False;True;False;2;False;True;0.5411858739446495;0.9459584189711323
vendas_autoveiculos_externo;Monthly;Mensal;1;diff;1;256;True;True;True;True;4;True;True;0.24224087613843087;0.38324592060718005
vendas_autoveiculos_externo;Monthly;Mensal;2;log;1;257;True;False;True;True;3;True;True;1.2688170571727075;0.7487249149437244
vendas_autoveiculos_externo;Monthly;Mensal;3;log→diff;3;256;True;True;True;True;4;True;True;1.275746660572396;0.7574182029673047
vendas_autoveiculos_externo;Monthly;Mensal;4;boxcox;1;257;True;False;True;False;2;False;True;0.534526980946838;1.1098687487556678
vendas_autoveiculos_externo;Monthly;Mensal;5;boxcox→diff;2;256;True;True;True;True;4;True;True;0.2608782528468042;0.3947574720889273
vendas_autoveiculos_externo;Monthly;Mensal;6;yeojohnson;1;257;True;False;True;False;2;False;True;0.5345266128428626;1.1098649807301773
vendas_autoveiculos_externo;Monthly;Mensal;7;yeojohnson→diff;2;256;True;True;True;True;4;True;True;0.2608785828403647;0.39476155507710137
vendas_autoveiculos_externo;Monthly;Anual;8;sdiff12;1;245;True;True;True;True;4;True;True;0.5272411559328746;0.8164468630404701
vendas_autoveiculos_externo;Monthly;Anual;9;sdiff12→diff;2;244;True;True;True;False;3;True;True;0.22274630392694253;0.28959920683960433
vendas_autoveiculos_externo;Monthly;Anual;10;log→sdiff12;3;245;True;True;True;True;4;True;True;1.0310027947509186;1.1024685239502003
vendas_autoveiculos_externo;Monthly;Anual;11;log→sdiff12→diff;4;244;True;True;True;True;4;True;True;1.014013800058249;0.6985128133469911
vendas_autoveiculos_externo;Monthly;Anual;12;boxcox→sdiff12→diff;3;244;True;True;True;False;3;True;True;0.23940469843499318;0.3475539265335813
vendas_autoveiculos_externo;Monthly;Mensal;13;mom_pct;1;256;True;True;True;True;4;True;True;2.158732310974536;0.6649971844221622
vendas_autoveiculos_externo;Monthly;Anual;14;mom_pct_annual_rate;1;256;True;True;True;True;4;True;True;2.158732310974536;0.6649971844221622
vendas_autoveiculos_externo;Monthly;Anual;15;yoy_pct_monthly;1;245;True;True;True;True;4;True;True;2.2666671622838717;1.0338650126846674
prod_automoveis_e_comerciais_leves;Monthly;Mensal;0;nível;0;366;False;False;True;False;1;False;True;1.2929423173720223;1.4553619509344549
prod_automoveis_e_comerciais_leves;Monthly;Mensal;1;diff;1;365;True;True;True;True;4;True;True;0.9541368973012886;1.3179014444866735
prod_automoveis_e_comerciais_leves;Monthly;Mensal;2;log;1;0;;;;;0;False;False;;
prod_automoveis_e_comerciais_leves;Monthly;Mensal;3;log→diff;3;0;;;;;0;False;False;;
prod_automoveis_e_comerciais_leves;Monthly;Mensal;4;boxcox;1;0;;;;;0;False;False;;
prod_automoveis_e_comerciais_leves;Monthly;Mensal;5;boxcox→diff;2;0;;;;;0;False;False;;
prod_automoveis_e_comerciais_leves;Monthly;Mensal;6;yeojohnson;1;366;False;False;True;False;1;False;True;1.3560370487515592;1.4105901282895494
prod_automoveis_e_comerciais_leves;Monthly;Mensal;7;yeojohnson→diff;2;365;True;True;True;True;4;True;True;1.027853453807149;1.3282922963670492
prod_automoveis_e_comerciais_leves;Monthly;Anual;8;sdiff12;1;354;True;True;True;True;4;True;True;1.1602836354009618;1.2463947461022162
prod_automoveis_e_comerciais_leves;Monthly;Anual;9;sdiff12→diff;2;353;True;True;True;True;4;True;True;0.8587547058866181;1.1688752736734083
prod_automoveis_e_comerciais_leves;Monthly;Anual;10;log→sdiff12;3;0;;;;;0;False;False;;
prod_automoveis_e_comerciais_leves;Monthly;Anual;11;log→sdiff12→diff;4;0;;;;;0;False;False;;
prod_automoveis_e_comerciais_leves;Monthly;Anual;12;boxcox→sdiff12→diff;3;0;;;;;0;False;False;;
prod_automoveis_e_comerciais_leves;Monthly;Mensal;13;mom_pct;1;365;True;True;True;True;4;True;True;3.546801039583734;0.848932585915656
prod_automoveis_e_comerciais_leves;Monthly;Anual;14;mom_pct_annual_rate;1;365;True;True;True;True;4;True;True;3.546801039583734;0.848932585915656
prod_automoveis_e_comerciais_leves;Monthly;Anual;15;yoy_pct_monthly;1;354;True;True;True;True;4;True;True;3.6409382605952185;1.1337801849132547
prod_caminhoes;Monthly;Mensal;0;nível;0;366;False;False;True;False;1;False;True;1.0218578919380417;3.179862746864506
prod_caminhoes;Monthly;Mensal;1;diff;1;365;True;True;True;True;4;True;True;1.2825336895702628;3.551588297506078
prod_caminhoes;Monthly;Mensal;2;log;1;366;True;False;True;False;2;False;True;1.5550479973040219;1.5583955969465353
prod_caminhoes;Monthly;Mensal;3;log→diff;3;365;True;True;True;True;4;True;True;1.991040818239681;2.4030331587474256
prod_caminhoes;Monthly;Mensal;4;boxcox;1;366;True;False;True;False;2;False;True;1.0518185801660591;2.3296739090747343
prod_caminhoes;Monthly;Mensal;5;boxcox→diff;2;365;True;True;True;True;4;True;True;1.2359241424341412;3.8425218142720907
prod_caminhoes;Monthly;Mensal;6;yeojohnson;1;366;True;False;True;False;2;False;True;1.0517872220812046;2.3293691026194856
prod_caminhoes;Monthly;Mensal;7;yeojohnson→diff;2;365;True;True;True;True;4;True;True;1.2358610045373568;3.8418007750853165
prod_caminhoes;Monthly;Anual;8;sdiff12;1;354;True;True;True;True;4;True;True;1.0613836577174023;3.0114251274229735
prod_caminhoes;Monthly;Anual;9;sdiff12→diff;2;353;True;True;True;True;4;True;True;1.2297587890655917;1.9943655105813782
prod_caminhoes;Monthly;Anual;10;log→sdiff12;3;354;True;True;True;True;4;True;True;1.4293637905561936;1.4075024666263605
prod_caminhoes;Monthly;Anual;11;log→sdiff12→diff;4;353;True;True;True;True;4;True;True;1.7992732198300074;1.2412285731052153
prod_caminhoes;Monthly;Anual;12;boxcox→sdiff12→diff;3;353;True;True;True;True;4;True;True;1.1657115229924309;1.7244726430135822
prod_caminhoes;Monthly;Mensal;13;mom_pct;1;365;True;True;True;True;4;True;True;2.924590038725302;1.9608078656314818
prod_caminhoes;Monthly;Anual;14;mom_pct_annual_rate;1;365;True;True;True;True;4;True;True;2.924590038725302;1.9608078656314818
prod_caminhoes;Monthly;Anual;15;yoy_pct_monthly;1;354;True;True;True;True;4;True;True;3.495764360729892;1.1093262113435338
prod_onibus;Monthly;Mensal;0;nível;0;366;True;False;True;False;2;False;True;0.8375229242166597;0.9126607546486281
prod_onibus;Monthly;Mensal;1;diff;1;365;True;True;True;True;4;True;True;1.2087041997519932;1.0809003396620285
prod_onibus;Monthly;Mensal;2;log;1;366;True;False;True;True;3;True;True;1.67457904607181;1.5408492310570843
prod_onibus;Monthly;Mensal;3;log→diff;3;365;True;True;True;True;4;True;True;2.3000299986600017;1.6018234972951433
prod_onibus;Monthly;Mensal;4;boxcox;1;366;True;False;True;True;3;True;True;0.7474830281848508;1.1404613710419602
prod_onibus;Monthly;Mensal;5;boxcox→diff;2;365;True;True;True;True;4;True;True;1.007374885130864;1.1573127845358762
prod_onibus;Monthly;Mensal;6;yeojohnson;1;366;True;False;True;True;3;True;True;0.7473921510003304;1.1408747610454664
prod_onibus;Monthly;Mensal;7;yeojohnson→diff;2;365;True;True;True;True;4;True;True;1.0071238482853133;1.15722644501984
prod_onibus;Monthly;Anual;8;sdiff12;1;354;True;True;True;True;4;True;True;0.7261406769905927;1.1302752577970232
prod_onibus;Monthly;Anual;9;sdiff12→diff;2;353;True;True;True;False;3;True;True;0.9702918415188386;1.098461921796412
prod_onibus;Monthly;Anual;10;log→sdiff12;3;354;True;True;True;True;4;True;True;1.3982955919517175;1.2550649841692436
prod_onibus;Monthly;Anual;11;log→sdiff12→diff;4;353;True;True;True;False;3;True;True;2.038421237052735;1.1114535137799315
prod_onibus;Monthly;Anual;12;boxcox→sdiff12→diff;3;353;True;True;True;False;3;True;True;0.9084867591984197;1.3220130773269425
prod_onibus;Monthly;Mensal;13;mom_pct;1;365;True;True;True;True;4;True;True;3.5951812032912014;1.4430660428696613
prod_onibus;Monthly;Anual;14;mom_pct_annual_rate;1;365;True;True;True;True;4;True;True;3.5951812032912014;1.4430660428696613
prod_onibus;Monthly;Anual;15;yoy_pct_monthly;1;354;True;True;True;True;4;True;True;3.4550792791368905;1.0877407757307118
prod_oleo_bruto;Monthly;Mensal;0;nível;0;364;False;False;False;False;0;False;True;1.2851059470126416;1.5821471631450486
prod_oleo_bruto;Monthly;Mensal;1;diff;1;363;True;True;True;True;4;True;True;1.4133411163753076;1.2989821427091723
prod_oleo_bruto;Monthly;Mensal;2;log;1;364;False;False;False;False;0;False;True;0.8082998117754203;1.4168292160483307
prod_oleo_bruto;Monthly;Mensal;3;log→diff;3;363;True;True;True;True;4;True;True;0.7159540808265582;1.321661625704389
prod_oleo_bruto;Monthly;Mensal;4;boxcox;1;364;False;False;False;False;0;False;True;0.876350313231455;1.4065058186059138
prod_oleo_bruto;Monthly;Mensal;5;boxcox→diff;2;363;True;True;True;True;4;True;True;1.0057626066188794;1.8573040434606243
prod_oleo_bruto;Monthly;Mensal;6;yeojohnson;1;364;False;False;False;False;0;False;True;0.8763655364741971;1.4063913345063823
prod_oleo_bruto;Monthly;Mensal;7;yeojohnson→diff;2;363;True;True;True;True;4;True;True;1.0057809601960204;1.8571032111567833
prod_oleo_bruto;Monthly;Anual;8;sdiff12;1;352;True;True;True;True;4;True;True;1.1937719910815443;1.91454116793074
prod_oleo_bruto;Monthly;Anual;9;sdiff12→diff;2;351;True;True;True;True;4;True;True;0.9690328243844739;1.1527634905635131
prod_oleo_bruto;Monthly;Anual;10;log→sdiff12;3;352;True;True;True;True;4;True;True;0.5943790329675707;0.9445408916488747
prod_oleo_bruto;Monthly;Anual;11;log→sdiff12→diff;4;351;True;True;True;True;4;True;True;0.5804806001463186;0.8733509115625353
prod_oleo_bruto;Monthly;Anual;12;boxcox→sdiff12→diff;3;351;True;True;True;True;4;True;True;0.6530176860747262;1.4415966550548902
prod_oleo_bruto;Monthly;Mensal;13;mom_pct;1;363;True;True;True;True;4;True;True;0.7245063923680435;1.3607667142717828
prod_oleo_bruto;Monthly;Anual;14;mom_pct_annual_rate;1;363;True;True;True;True;4;True;True;0.7245063923680435;1.3607667142717828
prod_oleo_bruto;Monthly;Anual;15;yoy_pct_monthly;1;352;True;True;True;True;4;True;True;0.609694926449166;1.0833469529199078
prod_LGN;Monthly;Mensal;0;nível;0;364;False;False;False;False;0;False;True;0.9389216497395335;1.5479064345069578
prod_LGN;Monthly;Mensal;1;diff;1;363;True;True;True;True;4;True;True;0.7844983994874632;1.755575563315197
prod_LGN;Monthly;Mensal;2;log;1;364;False;False;False;False;0;False;True;0.7401681152307615;0.7888824102894562
prod_LGN;Monthly;Mensal;3;log→diff;3;363;True;True;True;True;4;True;True;0.48632773576196;0.6985884754907289
prod_LGN;Monthly;Mensal;4;boxcox;1;364;False;False;False;False;0;False;True;1.0542813663402972;2.1600580580117112
prod_LGN;Monthly;Mensal;5;boxcox→diff;2;363;True;True;True;True;4;True;True;0.9168590361565984;1.9208970163611385
prod_LGN;Monthly;Mensal;6;yeojohnson;1;364;False;False;False;False;0;False;True;1.0558778407795766;2.166623243534539
prod_LGN;Monthly;Mensal;7;yeojohnson→diff;2;363;True;True;True;True;4;True;True;0.9187842198063346;1.9233143391111471
prod_LGN;Monthly;Anual;8;sdiff12;1;352;True;True;True;True;4;True;True;0.9029717597117805;1.9305242619908276
prod_LGN;Monthly;Anual;9;sdiff12→diff;2;351;True;True;True;True;4;True;True;0.7099866154868071;1.7688519927491846
prod_LGN;Monthly;Anual;10;log→sdiff12;3;352;False;False;True;False;1;False;True;0.6292089080381343;0.9978979824757759
prod_LGN;Monthly;Anual;11;log→sdiff12→diff;4;351;True;True;True;False;3;True;True;0.3993049391521101;0.6154581546540581
prod_LGN;Monthly;Anual;12;boxcox→sdiff12→diff;3;351;True;True;True;True;4;True;True;0.8432445420939065;2.3688844070246313
prod_LGN;Monthly;Mensal;13;mom_pct;1;363;True;True;True;True;4;True;True;0.4929757104542629;0.7261100385762231
prod_LGN;Monthly;Anual;14;mom_pct_annual_rate;1;363;True;True;True;True;4;True;True;0.4929757104542629;0.7261100385762231
prod_LGN;Monthly;Anual;15;yoy_pct_monthly;1;352;False;False;True;False;1;False;True;0.7201747643636989;0.7604283780948465
prod_gas_natural;Monthly;Mensal;0;nível;0;364;False;False;False;False;0;False;True;1.7994745420063387;2.955099737340152
prod_gas_natural;Monthly;Mensal;1;diff;1;363;False;False;True;True;2;False;True;1.42246415951347;3.5923728473154153
prod_gas_natural;Monthly;Mensal;2;log;1;364;False;False;False;False;0;False;True;0.6778978979841905;0.7608515710668887
prod_gas_natural;Monthly;Mensal;3;log→diff;3;363;True;True;True;True;4;True;True;0.5928496322527096;0.6565083646201835
prod_gas_natural;Monthly;Mensal;4;boxcox;1;364;False;False;False;False;0;False;True;0.676770376346712;0.7649352205374694
prod_gas_natural;Monthly;Mensal;5;boxcox→diff;2;363;True;True;True;True;4;True;True;0.5906701121993777;0.6537444701630268
prod_gas_natural;Monthly;Mensal;6;yeojohnson;1;364;False;False;False;False;0;False;True;0.7556685055928221;1.010097491075743
prod_gas_natural;Monthly;Mensal;7;yeojohnson→diff;2;363;True;True;True;True;4;True;True;0.712317368011038;1.1644337833259664
prod_gas_natural;Monthly;Anual;8;sdiff12;1;352;False;False;True;False;1;False;True;1.466566460551514;2.438196265982292
prod_gas_natural;Monthly;Anual;9;sdiff12→diff;2;351;True;True;True;True;4;True;True;1.36031713240507;2.704304057928172
prod_gas_natural;Monthly;Anual;10;log→sdiff12;3;352;True;True;True;True;4;True;True;0.7211576794343724;1.0757839327743655
prod_gas_natural;Monthly;Anual;11;log→sdiff12→diff;4;351;True;True;True;True;4;True;True;0.6111237835595317;1.1045087439221224
prod_gas_natural;Monthly;Anual;12;boxcox→sdiff12→diff;3;351;True;True;True;True;4;True;True;0.6098993519654982;1.1096557047259876
prod_gas_natural;Monthly;Mensal;13;mom_pct;1;363;True;True;True;True;4;True;True;0.5978303476585772;0.6759288518801716
prod_gas_natural;Monthly;Anual;14;mom_pct_annual_rate;1;363;True;True;True;True;4;True;True;0.5978303476585772;0.6759288518801716
prod_gas_natural;Monthly;Anual;15;yoy_pct_monthly;1;352;True;True;True;True;4;True;True;0.7417892820619482;1.0862979842170613
consumo_gasolina;Monthly;Mensal;0;nível;0;364;False;False;False;False;0;False;True;1.0325252603344384;3.1246364152644883
consumo_gasolina;Monthly;Mensal;1;diff;1;363;True;True;True;True;4;True;True;0.6528048396693429;0.8873011853768389
consumo_gasolina;Monthly;Mensal;2;log;1;364;False;False;False;False;0;False;True;0.943971513890695;1.5179620594428465
consumo_gasolina;Monthly;Mensal;3;log→diff;3;363;True;True;True;False;3;True;True;0.5095031864198647;0.8442612168047353
consumo_gasolina;Monthly;Mensal;4;boxcox;1;364;False;False;False;False;0;False;True;0.9341379779389176;1.3717610848508262
consumo_gasolina;Monthly;Mensal;5;boxcox→diff;2;363;True;True;True;False;3;True;True;0.5212593754813543;0.8093031750136326
consumo_gasolina;Monthly;Mensal;6;yeojohnson;1;364;False;False;False;False;0;False;True;0.9343931384282249;1.3743638232072661
consumo_gasolina;Monthly;Mensal;7;yeojohnson→diff;2;363;True;True;True;False;3;True;True;0.5210701766044957;0.8109514986402813
consumo_gasolina;Monthly;Anual;8;sdiff12;1;352;True;True;True;True;4;True;True;0.7983263059323563;1.4513327481169869
consumo_gasolina;Monthly;Anual;9;sdiff12→diff;2;351;True;True;True;False;3;True;True;0.5337337231680337;0.9453868842563495
consumo_gasolina;Monthly;Anual;10;log→sdiff12;3;352;True;True;True;False;3;True;True;0.5479725778271977;1.000642960576736
consumo_gasolina;Monthly;Anual;11;log→sdiff12→diff;4;351;True;True;True;False;3;True;True;0.42890183384759595;0.6484084317945494
consumo_gasolina;Monthly;Anual;12;boxcox→sdiff12→diff;3;351;True;True;True;False;3;True;True;0.4542993462352525;0.7174917088935284
consumo_gasolina;Monthly;Mensal;13;mom_pct;1;363;True;True;True;False;3;True;True;0.5036316714106699;0.8623827673402253
consumo_gasolina;Monthly;Anual;14;mom_pct_annual_rate;1;363;True;True;True;False;3;True;True;0.5036316714106699;0.8623827673402253
consumo_gasolina;Monthly;Anual;15;yoy_pct_monthly;1;352;True;True;True;False;3;True;True;0.5388101140708863;0.9277781617260276
consumo_GLP;Monthly;Mensal;0;nível;0;364;False;False;True;False;1;False;True;0.5368130297571484;0.7224980853681053
consumo_GLP;Monthly;Mensal;1;diff;1;363;True;True;True;False;3;True;True;0.6312749162401828;0.9184837926118352
consumo_GLP;Monthly;Mensal;2;log;1;364;False;False;True;False;1;False;True;0.5521351831640584;0.6429144363268026
consumo_GLP;Monthly;Mensal;3;log→diff;3;363;True;True;True;False;3;True;True;0.5918323604619462;0.7379868858578021
consumo_GLP;Monthly;Mensal;4;boxcox;1;364;False;False;True;False;1;False;True;0.572895397284242;0.9828083080919676
consumo_GLP;Monthly;Mensal;5;boxcox→diff;2;363;True;True;True;False;3;True;True;0.7289966308703325;1.1426889634491468
consumo_GLP;Monthly;Mensal;6;yeojohnson;1;364;False;False;True;False;1;False;True;0.5729324072047675;0.98296158750713
consumo_GLP;Monthly;Mensal;7;yeojohnson→diff;2;363;True;True;True;False;3;True;True;0.7290574112173785;1.1428597644717104
consumo_GLP;Monthly;Anual;8;sdiff12;1;352;True;True;True;False;3;True;True;0.5776473103000119;0.6986671534019633
consumo_GLP;Monthly;Anual;9;sdiff12→diff;2;351;True;True;True;False;3;True;True;0.7396312604516003;0.8058604658491939
consumo_GLP;Monthly;Anual;10;log→sdiff12;3;352;True;True;True;False;3;True;True;0.5598403612312264;0.6153516435063178
consumo_GLP;Monthly;Anual;11;log→sdiff12→diff;4;351;True;True;True;False;3;True;True;0.6837275136699087;0.7511866834155966
consumo_GLP;Monthly;Anual;12;boxcox→sdiff12→diff;3;351;True;True;True;False;3;True;True;0.8505933515075733;0.8594120982392882
consumo_GLP;Monthly;Mensal;13;mom_pct;1;363;True;True;True;False;3;True;True;0.5964781575374811;0.7580438476046558
consumo_GLP;Monthly;Anual;14;mom_pct_annual_rate;1;363;True;True;True;False;3;True;True;0.5964781575374811;0.7580438476046558
consumo_GLP;Monthly;Anual;15;yoy_pct_monthly;1;352;True;True;True;False;3;True;True;0.513608604003832;0.5670441909523318
consumo_oleo_combustivel;Monthly;Mensal;0;nível;0;364;False;False;False;False;0;False;True;0.9480127613926006;1.6433073582318456
consumo_oleo_combustivel;Monthly;Mensal;1;diff;1;363;True;True;True;False;3;True;True;1.075082957172197;1.8800214647543814
consumo_oleo_combustivel;Monthly;Mensal;2;log;1;364;False;False;False;False;0;False;True;1.1759142525769473;2.7125474889952765
consumo_oleo_combustivel;Monthly;Mensal;3;log→diff;3;363;True;True;True;True;4;True;True;1.2126143988908635;2.8014672830893774
consumo_oleo_combustivel;Monthly;Mensal;4;boxcox;1;364;False;False;False;False;0;False;True;1.0635882838073956;2.0816711788874236
consumo_oleo_combustivel;Monthly;Mensal;5;boxcox→diff;2;363;True;True;True;True;4;True;True;1.0776054246409201;2.219753292051836
consumo_oleo_combustivel;Monthly;Mensal;6;yeojohnson;1;364;False;False;False;False;0;False;True;1.0641287164720523;2.0849422606440395
consumo_oleo_combustivel;Monthly;Mensal;7;yeojohnson→diff;2;363;True;True;True;True;4;True;True;1.0782604265881308;2.225973875615175
consumo_oleo_combustivel;Monthly;Anual;8;sdiff12;1;352;True;True;True;False;3;True;True;0.9842996416889519;1.9865174157670673
consumo_oleo_combustivel;Monthly;Anual;9;sdiff12→diff;2;351;True;True;True;False;3;True;True;0.8727180141838133;1.314278130903256
consumo_oleo_combustivel;Monthly;Anual;10;log→sdiff12;3;352;True;True;True;True;4;True;True;1.3080670484800743;3.092523031601387
consumo_oleo_combustivel;Monthly;Anual;11;log→sdiff12→diff;4;351;True;True;True;True;4;True;True;1.1062192996458606;3.5621520170924565
consumo_oleo_combustivel;Monthly;Anual;12;boxcox→sdiff12→diff;3;351;True;True;True;True;4;True;True;0.975868480888132;2.855980680416246
consumo_oleo_combustivel;Monthly;Mensal;13;mom_pct;1;363;True;True;True;True;4;True;True;1.3257416723454403;3.2652666316896504
consumo_oleo_combustivel;Monthly;Anual;14;mom_pct_annual_rate;1;363;True;True;True;True;4;True;True;1.3257416723454403;3.2652666316896504
consumo_oleo_combustivel;Monthly;Anual;15;yoy_pct_monthly;1;352;True;True;True;True;4;True;True;1.8170026477771402;4.622494055969879
consumo_diesel;Monthly;Mensal;0;nível;0;364;False;False;False;False;0;False;True;0.6039432205134938;1.1159605190419193
consumo_diesel;Monthly;Mensal;1;diff;1;363;True;True;True;False;3;True;True;0.7229980578425886;1.1024102555535658
consumo_diesel;Monthly;Mensal;2;log;1;364;False;False;False;False;0;False;True;0.4478729569189554;0.6714826654297468
consumo_diesel;Monthly;Mensal;3;log→diff;3;363;True;True;True;True;4;True;True;0.5511750210075854;0.9086260892316347
consumo_diesel;Monthly;Mensal;4;boxcox;1;364;False;False;False;False;0;False;True;0.4842302847216453;0.6355776821591761
consumo_diesel;Monthly;Mensal;5;boxcox→diff;2;363;True;True;True;True;4;True;True;0.59403036420968;0.8412400153507051
consumo_diesel;Monthly;Mensal;6;yeojohnson;1;364;False;False;False;False;0;False;True;0.48430738547672636;0.6355854818511516
consumo_diesel;Monthly;Mensal;7;yeojohnson→diff;2;363;True;True;True;True;4;True;True;0.5941122513103955;0.8405067242195412
consumo_diesel;Monthly;Anual;8;sdiff12;1;352;True;True;True;True;4;True;True;0.6053028715886649;1.1870928679372497
consumo_diesel;Monthly;Anual;9;sdiff12→diff;2;351;True;True;True;True;4;True;True;0.7214669399637332;1.128453275930781
consumo_diesel;Monthly;Anual;10;log→sdiff12;3;352;True;True;True;True;4;True;True;0.4350586675159005;0.6159562120530564
consumo_diesel;Monthly;Anual;11;log→sdiff12→diff;4;351;True;True;True;True;4;True;True;0.5527680917354872;0.7717189129312733
consumo_diesel;Monthly;Anual;12;boxcox→sdiff12→diff;3;351;True;True;True;True;4;True;True;0.6018791830245751;0.7885116352391695
consumo_diesel;Monthly;Mensal;13;mom_pct;1;363;True;True;True;True;4;True;True;0.5823681479776565;0.8649888506813417
consumo_diesel;Monthly;Anual;14;mom_pct_annual_rate;1;363;True;True;True;True;4;True;True;0.5823681479776565;0.8649888506813417
consumo_diesel;Monthly;Anual;15;yoy_pct_monthly;1;352;True;True;True;True;4;True;True;0.4516453265287564;0.7484370015552567
consumo_demais_derivados;Monthly;Mensal;0;nível;0;364;False;False;False;False;0;False;True;2.6705211563252056;1.2289139281498367
consumo_demais_derivados;Monthly;Mensal;1;diff;1;363;True;True;True;True;4;True;True;2.490822263121664;2.6847196268821834
consumo_demais_derivados;Monthly;Mensal;2;log;1;364;False;False;True;False;1;False;True;3.0318843590554825;1.7594553317196184
consumo_demais_derivados;Monthly;Mensal;3;log→diff;3;363;True;True;True;True;4;True;True;3.100191380185863;5.097114417824294
consumo_demais_derivados;Monthly;Mensal;4;boxcox;1;364;False;False;False;False;0;False;True;2.5540531725646294;1.1310289034504621
consumo_demais_derivados;Monthly;Mensal;5;boxcox→diff;2;363;True;True;True;True;4;True;True;2.2957312617571;1.8392703373374237
consumo_demais_derivados;Monthly;Mensal;6;yeojohnson;1;364;False;False;False;False;0;False;True;2.5538165093948137;1.1313547228249081
consumo_demais_derivados;Monthly;Mensal;7;yeojohnson→diff;2;363;True;True;True;True;4;True;True;2.2958341538509237;1.8361899073275303
consumo_demais_derivados;Monthly;Anual;8;sdiff12;1;352;True;True;True;True;4;True;True;2.6039229853629737;1.9799126934607905
consumo_demais_derivados;Monthly;Anual;9;sdiff12→diff;2;351;True;True;True;True;4;True;True;1.9430176453718275;3.219537564026783
consumo_demais_derivados;Monthly;Anual;10;log→sdiff12;3;352;True;True;True;True;4;True;True;2.8734672128047105;2.897844703544224
consumo_demais_derivados;Monthly;Anual;11;log→sdiff12→diff;4;351;True;True;True;True;4;True;True;2.557731386520387;4.9882845532952285
consumo_demais_derivados;Monthly;Anual;12;boxcox→sdiff12→diff;3;351;True;True;True;True;4;True;True;1.746063941208927;2.5221647636286333
consumo_demais_derivados;Monthly;Mensal;13;mom_pct;1;363;True;True;True;True;4;True;True;2.550346069738526;5.102903624049887
consumo_demais_derivados;Monthly;Anual;14;mom_pct_annual_rate;1;363;True;True;True;True;4;True;True;2.550346069738526;5.102903624049887
consumo_demais_derivados;Monthly;Anual;15;yoy_pct_monthly;1;352;True;True;True;True;4;True;True;2.931474038528306;2.7081787392630017
consumo_alcool_hidratado;Monthly;Mensal;0;nível;0;364;False;False;False;False;0;False;True;0.9166308284391156;1.6119268334352177
consumo_alcool_hidratado;Monthly;Mensal;1;diff;1;363;True;True;True;True;4;True;True;0.9948780930033191;3.2154637660141447
consumo_alcool_hidratado;Monthly;Mensal;2;log;1;364;False;False;False;False;0;False;True;0.621555247723113;0.9010654209516998
consumo_alcool_hidratado;Monthly;Mensal;3;log→diff;3;363;True;True;True;True;4;True;True;0.8624810854427365;0.7980505166976655
consumo_alcool_hidratado;Monthly;Mensal;4;boxcox;1;364;False;False;False;False;0;False;True;0.7638620159449374;1.322493630112568
consumo_alcool_hidratado;Monthly;Mensal;5;boxcox→diff;2;363;True;True;True;True;4;True;True;0.9596044164259393;2.107982113511617
consumo_alcool_hidratado;Monthly;Mensal;6;yeojohnson;1;364;False;False;False;False;0;False;True;0.7646987867774281;1.324734947747469
consumo_alcool_hidratado;Monthly;Mensal;7;yeojohnson→diff;2;363;True;True;True;True;4;True;True;0.9602492273861184;2.1119135174025816
consumo_alcool_hidratado;Monthly;Anual;8;sdiff12;1;352;True;True;True;True;4;True;True;0.9561437462375496;1.96737020845347
consumo_alcool_hidratado;Monthly;Anual;9;sdiff12→diff;2;351;True;True;True;True;4;True;True;1.0466993584211177;1.6038478344502491
consumo_alcool_hidratado;Monthly;Anual;10;log→sdiff12;3;352;True;True;True;True;4;True;True;0.634785053530276;0.8770467730821334
consumo_alcool_hidratado;Monthly;Anual;11;log→sdiff12→diff;4;351;True;True;True;True;4;True;True;0.955757580260645;0.6982052688649695
consumo_alcool_hidratado;Monthly;Anual;12;boxcox→sdiff12→diff;3;351;True;True;True;True;4;True;True;1.0528768698172621;1.1401538074142288
consumo_alcool_hidratado;Monthly;Mensal;13;mom_pct;1;363;True;True;True;True;4;True;True;0.9224280983981826;0.7761689918211768
consumo_alcool_hidratado;Monthly;Anual;14;mom_pct_annual_rate;1;363;True;True;True;True;4;True;True;0.9224280983981826;0.7761689918211768
consumo_alcool_hidratado;Monthly;Anual;15;yoy_pct_monthly;1;352;True;True;True;True;4;True;True;0.6313397477062199;1.0408723344730662
consumo_alcool_anidro;Monthly;Mensal;0;nível;0;364;False;False;False;False;0;False;True;0.9813105249157273;1.6774686936861478
consumo_alcool_anidro;Monthly;Mensal;1;diff;1;363;True;True;True;True;4;True;True;0.6420795278528184;1.221962447142968
consumo_alcool_anidro;Monthly;Mensal;2;log;1;364;False;False;False;False;0;False;True;0.7710862579772494;1.206863201632717
consumo_alcool_anidro;Monthly;Mensal;3;log→diff;3;363;True;True;True;True;4;True;True;0.5603427507965641;0.8161553782514551
consumo_alcool_anidro;Monthly;Mensal;4;boxcox;1;364;False;False;False;False;0;False;True;0.768758525467164;1.21495964962519
consumo_alcool_anidro;Monthly;Mensal;5;boxcox→diff;2;363;True;True;True;True;4;True;True;0.5650004368200073;0.8466382371762062
consumo_alcool_anidro;Monthly;Mensal;6;yeojohnson;1;364;False;False;False;False;0;False;True;0.7694350479306823;1.212127934087629
consumo_alcool_anidro;Monthly;Mensal;7;yeojohnson→diff;2;363;True;True;True;True;4;True;True;0.5643469418378281;0.8441520122411391
consumo_alcool_anidro;Monthly;Anual;8;sdiff12;1;352;True;True;True;True;4;True;True;0.7637242218299017;1.45951785144068
consumo_alcool_anidro;Monthly;Anual;9;sdiff12→diff;2;351;True;True;True;True;4;True;True;0.6045666147786307;1.457765876546316
consumo_alcool_anidro;Monthly;Anual;10;log→sdiff12;3;352;True;True;True;True;4;True;True;0.6749918948208294;1.1029346885286322
consumo_alcool_anidro;Monthly;Anual;11;log→sdiff12→diff;4;351;True;True;True;True;4;True;True;0.48559011688628306;0.6840879477314317
consumo_alcool_anidro;Monthly;Anual;12;boxcox→sdiff12→diff;3;351;True;True;True;True;4;True;True;0.48807218967855426;0.6943237003375878
consumo_alcool_anidro;Monthly;Mensal;13;mom_pct;1;363;True;True;True;True;4;True;True;0.5583459475705442;0.8825825641877229
consumo_alcool_anidro;Monthly;Anual;14;mom_pct_annual_rate;1;363;True;True;True;True;4;True;True;0.5583459475705442;0.8825825641877229
consumo_alcool_anidro;Monthly;Anual;15;yoy_pct_monthly;1;352;True;True;True;True;4;True;True;0.7378012821784555;1.1814481576740148
prod_aco_bruto;Monthly;Mensal;0;nível;0;365;True;False;True;True;3;True;True;1.502062778304845;0.9860911638484272
prod_aco_bruto;Monthly;Mensal;1;diff;1;364;True;True;True;True;4;True;True;0.761612952510418;0.9659107194046874
prod_aco_bruto;Monthly;Mensal;2;log;1;365;True;False;True;True;3;True;True;1.6751471553582948;1.2264469182316884
prod_aco_bruto;Monthly;Mensal;3;log→diff;3;364;True;True;True;True;4;True;True;0.866735063630686;0.9967727822264287
prod_aco_bruto;Monthly;Mensal;4;boxcox;1;365;True;False;True;False;2;False;True;1.1483827481071107;1.3762699655260402
prod_aco_bruto;Monthly;Mensal;5;boxcox→diff;2;364;True;True;True;True;4;True;True;0.7763853759353024;1.2045440024058056
prod_aco_bruto;Monthly;Mensal;6;yeojohnson;1;365;True;False;True;False;2;False;True;1.1483160306156324;1.3773732400090266
prod_aco_bruto;Monthly;Mensal;7;yeojohnson→diff;2;364;True;True;True;True;4;True;True;0.7764991070741252;1.2049058875433836
prod_aco_bruto;Monthly;Anual;8;sdiff12;1;353;True;True;True;True;4;True;True;1.5222240591499605;1.424165476207998
prod_aco_bruto;Monthly;Anual;9;sdiff12→diff;2;352;True;True;True;True;4;True;True;0.762453935076275;0.9379124680882321
prod_aco_bruto;Monthly;Anual;10;log→sdiff12;3;353;True;True;True;True;4;True;True;1.665658822001688;1.6940577668130739
prod_aco_bruto;Monthly;Anual;11;log→sdiff12→diff;4;352;True;True;True;True;4;True;True;0.8151428094755319;0.9351720981232244
prod_aco_bruto;Monthly;Anual;12;boxcox→sdiff12→diff;3;352;True;True;True;True;4;True;True;0.7731999919292022;1.079227384910046
prod_aco_bruto;Monthly;Mensal;13;mom_pct;1;364;True;True;True;True;4;True;True;0.7978530732761016;1.0556308750531715
prod_aco_bruto;Monthly;Anual;14;mom_pct_annual_rate;1;364;True;True;True;True;4;True;True;0.7978530732761016;1.0556308750531715
prod_aco_bruto;Monthly;Anual;15;yoy_pct_monthly;1;353;True;True;True;True;4;True;True;1.6513015228642656;1.4047187262380403
desembolso_BNDES_ind_transformacao;Monthly;Mensal;0;nível;0;363;False;False;True;False;1;False;True;2.385320122333084;1.4707841754473001
desembolso_BNDES_ind_transformacao;Monthly;Mensal;1;diff;1;362;True;True;True;True;4;True;True;2.459662918039293;2.1187249053005464
desembolso_BNDES_ind_transformacao;Monthly;Mensal;2;log;1;0;;;;;0;False;False;;
desembolso_BNDES_ind_transformacao;Monthly;Mensal;3;log→diff;3;0;;;;;0;False;False;;
desembolso_BNDES_ind_transformacao;Monthly;Mensal;4;boxcox;1;0;;;;;0;False;False;;
desembolso_BNDES_ind_transformacao;Monthly;Mensal;5;boxcox→diff;2;0;;;;;0;False;False;;
desembolso_BNDES_ind_transformacao;Monthly;Mensal;6;yeojohnson;1;363;False;False;True;False;1;False;True;1.950163203321878;2.0571883637952255
desembolso_BNDES_ind_transformacao;Monthly;Mensal;7;yeojohnson→diff;2;362;True;True;True;True;4;True;True;1.768987182851541;5.39277055518501
desembolso_BNDES_ind_transformacao;Monthly;Anual;8;sdiff12;1;351;True;True;True;True;4;True;True;2.129875484938058;2.580350188967414
desembolso_BNDES_ind_transformacao;Monthly;Anual;9;sdiff12→diff;2;350;True;True;True;True;4;True;True;2.1544663893283356;1.7371614051758604
desembolso_BNDES_ind_transformacao;Monthly;Anual;10;log→sdiff12;3;0;;;;;0;False;False;;
desembolso_BNDES_ind_transformacao;Monthly;Anual;11;log→sdiff12→diff;4;0;;;;;0;False;False;;
desembolso_BNDES_ind_transformacao;Monthly;Anual;12;boxcox→sdiff12→diff;3;0;;;;;0;False;False;;
desembolso_BNDES_ind_transformacao;Monthly;Mensal;13;mom_pct;1;362;True;False;True;True;3;True;True;2.251470980066308;3.8727189503328994
desembolso_BNDES_ind_transformacao;Monthly;Anual;14;mom_pct_annual_rate;1;362;True;False;True;True;3;True;True;2.251470980066308;3.8727189503328994
desembolso_BNDES_ind_transformacao;Monthly;Anual;15;yoy_pct_monthly;1;351;True;True;True;True;4;True;True;3.3892945169779907;2.1919734654739336
desembolso_BNDES_comercio_servicos;Monthly;Mensal;0;nível;0;363;False;False;True;False;1;False;True;1.3450832151041747;1.7888063728499137
desembolso_BNDES_comercio_servicos;Monthly;Mensal;1;diff;1;362;True;True;True;True;4;True;True;1.056186375382396;3.406857357792284
desembolso_BNDES_comercio_servicos;Monthly;Mensal;2;log;1;0;;;;;0;False;False;;
desembolso_BNDES_comercio_servicos;Monthly;Mensal;3;log→diff;3;0;;;;;0;False;False;;
desembolso_BNDES_comercio_servicos;Monthly;Mensal;4;boxcox;1;0;;;;;0;False;False;;
desembolso_BNDES_comercio_servicos;Monthly;Mensal;5;boxcox→diff;2;0;;;;;0;False;False;;
desembolso_BNDES_comercio_servicos;Monthly;Mensal;6;yeojohnson;1;363;False;False;True;False;1;False;True;1.161343223250546;2.59286476952146
desembolso_BNDES_comercio_servicos;Monthly;Mensal;7;yeojohnson→diff;2;362;True;True;True;True;4;True;True;1.2393979403409487;3.798406233517116
desembolso_BNDES_comercio_servicos;Monthly;Anual;8;sdiff12;1;351;True;True;True;True;4;True;True;1.2225690476523385;1.909771744812956
desembolso_BNDES_comercio_servicos;Monthly;Anual;9;sdiff12→diff;2;350;True;True;True;True;4;True;True;1.4497154898066864;0.9405227154013345
desembolso_BNDES_comercio_servicos;Monthly;Anual;10;log→sdiff12;3;0;;;;;0;False;False;;
desembolso_BNDES_comercio_servicos;Monthly;Anual;11;log→sdiff12→diff;4;0;;;;;0;False;False;;
desembolso_BNDES_comercio_servicos;Monthly;Anual;12;boxcox→sdiff12→diff;3;0;;;;;0;False;False;;
desembolso_BNDES_comercio_servicos;Monthly;Mensal;13;mom_pct;1;362;True;True;True;True;4;True;True;2.6421502954167035;6.792094130685298
desembolso_BNDES_comercio_servicos;Monthly;Anual;14;mom_pct_annual_rate;1;362;True;True;True;True;4;True;True;2.6421502954167035;6.792094130685298
desembolso_BNDES_comercio_servicos;Monthly;Anual;15;yoy_pct_monthly;1;351;True;True;True;True;4;True;True;3.42141242433025;3.771401530601266
desembolso_BNDES_agro;Monthly;Mensal;0;nível;0;363;False;False;False;False;0;False;True;1.397725788062006;1.5421939894686227
desembolso_BNDES_agro;Monthly;Mensal;1;diff;1;362;True;True;True;True;4;True;True;1.481576879365346;3.0973616615726
desembolso_BNDES_agro;Monthly;Mensal;2;log;1;363;False;False;False;False;0;False;True;0.820465781450218;1.4582024789651975
desembolso_BNDES_agro;Monthly;Mensal;3;log→diff;3;362;True;True;True;True;4;True;True;0.811391968511903;1.7306982121358476
desembolso_BNDES_agro;Monthly;Mensal;4;boxcox;1;363;False;False;False;False;0;False;True;1.0746844915130551;1.559931660711216
desembolso_BNDES_agro;Monthly;Mensal;5;boxcox→diff;2;362;True;True;True;True;4;True;True;1.1144766577961749;2.767538859463638
desembolso_BNDES_agro;Monthly;Mensal;6;yeojohnson;1;363;False;False;False;False;0;False;True;1.0746914155407326;1.5599281543589825
desembolso_BNDES_agro;Monthly;Mensal;7;yeojohnson→diff;2;362;True;True;True;True;4;True;True;1.1144818713421212;2.767560319937189
desembolso_BNDES_agro;Monthly;Anual;8;sdiff12;1;351;True;True;True;True;4;True;True;1.5451208048084268;2.09924321700282
desembolso_BNDES_agro;Monthly;Anual;9;sdiff12→diff;2;350;True;True;True;True;4;True;True;1.0486479907411381;1.4382357062616156
desembolso_BNDES_agro;Monthly;Anual;10;log→sdiff12;3;351;True;True;True;True;4;True;True;0.9780655668272633;1.967182634811666
desembolso_BNDES_agro;Monthly;Anual;11;log→sdiff12→diff;4;350;True;True;True;True;4;True;True;0.7574930668828628;0.9203114502377955
desembolso_BNDES_agro;Monthly;Anual;12;boxcox→sdiff12→diff;3;350;True;True;True;True;4;True;True;0.8084897999258435;0.9835439618286441
desembolso_BNDES_agro;Monthly;Mensal;13;mom_pct;1;362;True;True;True;True;4;True;True;0.9333213957522228;1.9856505326789298
desembolso_BNDES_agro;Monthly;Anual;14;mom_pct_annual_rate;1;362;True;True;True;True;4;True;True;0.9333213957522228;1.9856505326789298
desembolso_BNDES_agro;Monthly;Anual;15;yoy_pct_monthly;1;351;True;True;True;True;4;True;True;0.9741837100412016;2.642162599301023
desembolso_BNDES_ind_extrativa;Monthly;Mensal;0;nível;0;363;False;False;True;True;2;False;True;1.1870953765331929;3.0099411067781743
desembolso_BNDES_ind_extrativa;Monthly;Mensal;1;diff;1;362;True;True;True;True;4;True;True;0.99131303287809;1.7371398983031516
desembolso_BNDES_ind_extrativa;Monthly;Mensal;2;log;1;0;;;;;0;False;False;;
desembolso_BNDES_ind_extrativa;Monthly;Mensal;3;log→diff;3;0;;;;;0;False;False;;
desembolso_BNDES_ind_extrativa;Monthly;Mensal;4;boxcox;1;0;;;;;0;False;False;;
desembolso_BNDES_ind_extrativa;Monthly;Mensal;5;boxcox→diff;2;0;;;;;0;False;False;;
desembolso_BNDES_ind_extrativa;Monthly;Mensal;6;yeojohnson;1;363;False;False;True;True;2;False;True;1.0745382894962985;2.1771219359960345
desembolso_BNDES_ind_extrativa;Monthly;Mensal;7;yeojohnson→diff;2;362;True;True;True;True;4;True;True;1.0251099741359282;2.2181829067594547
desembolso_BNDES_ind_extrativa;Monthly;Anual;8;sdiff12;1;351;True;True;True;True;4;True;True;1.3291542089153028;10.786272202846106
desembolso_BNDES_ind_extrativa;Monthly;Anual;9;sdiff12→diff;2;350;True;True;True;True;4;True;True;1.135550697101471;7.244739373777116
desembolso_BNDES_ind_extrativa;Monthly;Anual;10;log→sdiff12;3;0;;;;;0;False;False;;
desembolso_BNDES_ind_extrativa;Monthly;Anual;11;log→sdiff12→diff;4;0;;;;;0;False;False;;
desembolso_BNDES_ind_extrativa;Monthly;Anual;12;boxcox→sdiff12→diff;3;0;;;;;0;False;False;;
desembolso_BNDES_ind_extrativa;Monthly;Mensal;13;mom_pct;1;362;True;True;True;True;4;True;True;3.338285495502522;3.1543643390505514
desembolso_BNDES_ind_extrativa;Monthly;Anual;14;mom_pct_annual_rate;1;362;True;True;True;True;4;True;True;3.338285495502522;3.1543643390505514
desembolso_BNDES_ind_extrativa;Monthly;Anual;15;yoy_pct_monthly;1;351;True;True;True;True;4;True;True;2.2999002941952758;3.8532767219543893
cni_nuci_transformacao;Monthly;Mensal;0;nível;0;281;False;False;False;False;0;False;True;1.0970180010472943;2.1849515959560306
cni_nuci_transformacao;Monthly;Mensal;1;diff;1;280;True;True;True;True;4;True;True;0.790596369794854;1.3261065943992618
cni_nuci_transformacao;Monthly;Mensal;2;log;1;281;False;False;False;False;0;False;True;1.1186812504307666;2.1569590149851563
cni_nuci_transformacao;Monthly;Mensal;3;log→diff;3;280;True;True;True;True;4;True;True;0.8587667176493908;1.2935401827837039
cni_nuci_transformacao;Monthly;Mensal;4;boxcox;1;281;False;False;False;False;0;False;True;1.0534955168075748;2.0864306867562656
cni_nuci_transformacao;Monthly;Mensal;5;boxcox→diff;2;280;True;True;True;True;4;True;True;0.6297306257962298;0.9250893407009397
cni_nuci_transformacao;Monthly;Mensal;6;yeojohnson;1;281;False;False;False;False;0;False;True;1.053482108648552;2.0862873521434913
cni_nuci_transformacao;Monthly;Mensal;7;yeojohnson→diff;2;280;True;True;True;True;4;True;True;0.6296892999791164;0.9251113723918036
cni_nuci_transformacao;Monthly;Anual;8;sdiff12;1;269;True;True;True;True;4;True;True;1.0793779564786663;2.088324670131937
cni_nuci_transformacao;Monthly;Anual;9;sdiff12→diff;2;268;True;True;True;True;4;True;True;0.8684586310067401;0.7551318003365002
cni_nuci_transformacao;Monthly;Anual;10;log→sdiff12;3;269;True;True;True;True;4;True;True;1.0905867069627666;2.0279868885048558
cni_nuci_transformacao;Monthly;Anual;11;log→sdiff12→diff;4;268;True;True;True;True;4;True;True;0.9373832861757919;0.7342113688782361
cni_nuci_transformacao;Monthly;Anual;12;boxcox→sdiff12→diff;3;268;True;True;True;True;4;True;True;0.6704404244558044;0.892384015877611
cni_nuci_transformacao;Monthly;Mensal;13;mom_pct;1;280;True;True;True;True;4;True;True;0.8514968301055977;1.2703466079338275
cni_nuci_transformacao;Monthly;Anual;14;mom_pct_annual_rate;1;280;True;True;True;True;4;True;True;0.8514968301055977;1.2703466079338275
cni_nuci_transformacao;Monthly;Anual;15;yoy_pct_monthly;1;269;True;True;True;True;4;True;True;1.1079093481616624;2.1245876420626497
cni_vendas_industriais;Monthly;Mensal;0;nível;0;280;False;True;False;False;1;False;True;0.9060638326224403;1.0665630940944444
cni_vendas_industriais;Monthly;Mensal;1;diff;1;279;True;True;True;True;4;True;True;1.1668927203515587;0.6922888209957067
cni_vendas_industriais;Monthly;Mensal;2;log;1;280;False;True;True;True;3;True;True;1.0005512265901912;1.0773695268532593
cni_vendas_industriais;Monthly;Mensal;3;log→diff;3;279;True;True;True;True;4;True;True;1.3763855555852536;0.7383415177285629
cni_vendas_industriais;Monthly;Mensal;4;boxcox;1;280;False;True;True;True;3;True;True;1.0310745391478542;1.102192712826253
cni_vendas_industriais;Monthly;Mensal;5;boxcox→diff;2;279;True;True;True;True;4;True;True;1.4221318398087646;0.7472210003176074
cni_vendas_industriais;Monthly;Mensal;6;yeojohnson;1;280;False;True;True;True;3;True;True;1.0310314970369414;1.102386722501733
cni_vendas_industriais;Monthly;Mensal;7;yeojohnson→diff;2;279;True;True;True;True;4;True;True;1.422080206239385;0.7477216862142138
cni_vendas_industriais;Monthly;Anual;8;sdiff12;1;268;True;True;True;False;3;True;True;0.7616516815696904;1.5324676655542888
cni_vendas_industriais;Monthly;Anual;9;sdiff12→diff;2;267;True;True;True;False;3;True;True;0.9783886157408154;1.0067027473811698
cni_vendas_industriais;Monthly;Anual;10;log→sdiff12;3;268;True;True;True;False;3;True;True;0.8791728649547556;1.8679877748125673
cni_vendas_industriais;Monthly;Anual;11;log→sdiff12→diff;4;267;True;True;True;False;3;True;True;1.1802928748170123;1.0373996275915893
cni_vendas_industriais;Monthly;Anual;12;boxcox→sdiff12→diff;3;267;True;True;True;False;3;True;True;1.2242344133611167;1.0415504813259693
cni_vendas_industriais;Monthly;Mensal;13;mom_pct;1;279;True;True;True;True;4;True;True;1.3838301998659632;0.7153418760522832
cni_vendas_industriais;Monthly;Anual;14;mom_pct_annual_rate;1;279;True;True;True;True;4;True;True;1.3838301998659632;0.7153418760522832
cni_vendas_industriais;Monthly;Anual;15;yoy_pct_monthly;1;268;True;True;True;False;3;True;True;0.9480850742111533;1.5741764896166652
cni_horas_trabalhadas;Monthly;Mensal;0;nível;0;281;False;False;False;False;0;False;True;1.1438277543797863;3.179425989119484
cni_horas_trabalhadas;Monthly;Mensal;1;diff;1;280;True;True;True;True;4;True;True;1.1560748339389673;1.2237813498088905
cni_horas_trabalhadas;Monthly;Mensal;2;log;1;281;False;False;False;False;0;False;True;1.3627137482156915;2.734611774216639
cni_horas_trabalhadas;Monthly;Mensal;3;log→diff;3;280;True;True;True;True;4;True;True;1.6274405614263996;0.7897069522874753
cni_horas_trabalhadas;Monthly;Mensal;4;boxcox;1;281;False;False;False;False;0;False;True;1.103332085170253;3.4182382980918127
cni_horas_trabalhadas;Monthly;Mensal;5;boxcox→diff;2;280;True;True;True;True;4;True;True;1.0297694006920894;1.2682991506350907
cni_horas_trabalhadas;Monthly;Mensal;6;yeojohnson;1;281;False;False;False;False;0;False;True;1.1032328618120757;3.4186918646322586
cni_horas_trabalhadas;Monthly;Mensal;7;yeojohnson→diff;2;280;True;True;True;True;4;True;True;1.0294771565559921;1.2687818160632491
cni_horas_trabalhadas;Monthly;Anual;8;sdiff12;1;269;True;True;True;True;4;True;True;1.148981285112087;2.238661390026357
cni_horas_trabalhadas;Monthly;Anual;9;sdiff12→diff;2;268;True;True;True;True;4;True;True;0.8754714607628209;0.993243578587237
cni_horas_trabalhadas;Monthly;Anual;10;log→sdiff12;3;269;True;True;True;True;4;True;True;1.3393442067560126;2.3922188510718896
cni_horas_trabalhadas;Monthly;Anual;11;log→sdiff12→diff;4;268;True;True;True;True;4;True;True;1.2760104116346758;0.7698160694519194
cni_horas_trabalhadas;Monthly;Anual;12;boxcox→sdiff12→diff;3;268;True;True;True;True;4;True;True;0.7778706045771966;1.0830437070038765
cni_horas_trabalhadas;Monthly;Mensal;13;mom_pct;1;280;True;True;True;True;4;True;True;1.5323296626449325;0.766853586605744
cni_horas_trabalhadas;Monthly;Anual;14;mom_pct_annual_rate;1;280;True;True;True;True;4;True;True;1.5323296626449325;0.766853586605744
cni_horas_trabalhadas;Monthly;Anual;15;yoy_pct_monthly;1;269;True;True;True;True;4;True;True;1.3993492688750715;2.2386116131317277
cni_salario_industria;Monthly;Mensal;0;nível;0;245;False;True;False;False;1;False;True;0.870946343288632;1.337666063225997
cni_salario_industria;Monthly;Mensal;1;diff;1;244;True;True;True;True;4;True;True;0.9647012024788049;1.2791589598520254
cni_salario_industria;Monthly;Mensal;2;log;1;245;False;True;False;False;1;False;True;0.8029364654643123;1.3420083186420546
cni_salario_industria;Monthly;Mensal;3;log→diff;3;244;True;True;True;True;4;True;True;1.155930606841379;0.9743598177990321
cni_salario_industria;Monthly;Mensal;4;boxcox;1;245;False;True;False;False;1;False;True;0.9233088113162096;1.5366620112571854
cni_salario_industria;Monthly;Mensal;5;boxcox→diff;2;244;True;True;True;True;4;True;True;1.7401113620963724;1.2638472275312145
cni_salario_industria;Monthly;Mensal;6;yeojohnson;1;245;False;True;False;False;1;False;True;0.9230811864816586;1.5367977766139425
cni_salario_industria;Monthly;Mensal;7;yeojohnson→diff;2;244;True;True;True;True;4;True;True;1.7396850056393403;1.2642047773412801
cni_salario_industria;Monthly;Anual;8;sdiff12;1;233;False;True;True;False;2;False;True;0.6914724236941019;1.128084773123456
cni_salario_industria;Monthly;Anual;9;sdiff12→diff;2;232;True;True;True;True;4;True;True;0.8353422537820424;0.8011800591207204
cni_salario_industria;Monthly;Anual;10;log→sdiff12;3;233;False;True;True;False;2;False;True;0.7554124390777318;1.3289710685540082
cni_salario_industria;Monthly;Anual;11;log→sdiff12→diff;4;232;True;True;True;True;4;True;True;0.9910259408850747;0.8787655502988783
cni_salario_industria;Monthly;Anual;12;boxcox→sdiff12→diff;3;232;True;True;True;True;4;True;True;1.4555068162961702;2.246116259487816
cni_salario_industria;Monthly;Mensal;13;mom_pct;1;244;True;True;True;True;4;True;True;1.1436217545933547;0.9540514326794541
cni_salario_industria;Monthly;Anual;14;mom_pct_annual_rate;1;244;True;True;True;True;4;True;True;1.1436217545933547;0.9540514326794541
cni_salario_industria;Monthly;Anual;15;yoy_pct_monthly;1;233;False;True;True;False;2;False;True;0.7287828045546262;1.2336823694567371
cni_massa_salarial;Monthly;Mensal;0;nível;0;245;False;True;False;False;1;False;True;0.8649253109693148;1.3152118655303382
cni_massa_salarial;Monthly;Mensal;1;diff;1;244;True;True;True;False;3;True;True;0.9585921540309333;1.2791589598520254
cni_massa_salarial;Monthly;Mensal;2;log;1;245;False;True;False;False;1;False;True;0.7959803317382791;1.2883684669322928
cni_massa_salarial;Monthly;Mensal;3;log→diff;3;244;True;True;True;False;3;True;True;1.148133642331184;0.9743598177990321
cni_massa_salarial;Monthly;Mensal;4;boxcox;1;245;False;True;False;False;1;False;True;0.9058489588868941;1.4877215248455218
cni_massa_salarial;Monthly;Mensal;5;boxcox→diff;2;244;True;True;True;False;3;True;True;1.7126977048901173;1.1592175324674048
cni_massa_salarial;Monthly;Mensal;6;yeojohnson;1;245;False;True;False;False;1;False;True;0.9056379700537964;1.4873297376680534
cni_massa_salarial;Monthly;Mensal;7;yeojohnson→diff;2;244;True;True;True;False;3;True;True;1.7122904829766956;1.159699502714468
cni_massa_salarial;Monthly;Anual;8;sdiff12;1;233;False;True;True;False;2;False;True;0.6911020879430918;1.128084773123456
cni_massa_salarial;Monthly;Anual;9;sdiff12→diff;2;232;True;True;True;False;3;True;True;0.830664125401213;0.8011800591207205
cni_massa_salarial;Monthly;Anual;10;log→sdiff12;3;233;False;True;True;False;2;False;True;0.7545034707470593;1.3289710685540082
cni_massa_salarial;Monthly;Anual;11;log→sdiff12→diff;4;232;True;True;True;False;3;True;True;0.9853769043655203;0.8787655502988783
cni_massa_salarial;Monthly;Anual;12;boxcox→sdiff12→diff;3;232;True;True;True;False;3;True;True;1.4358501477500027;2.1543299604529245
cni_massa_salarial;Monthly;Mensal;13;mom_pct;1;244;True;True;True;False;3;True;True;1.135588072537221;0.9540514326794542
cni_massa_salarial;Monthly;Anual;14;mom_pct_annual_rate;1;244;True;True;True;False;3;True;True;1.135588072537221;0.9540514326794542
cni_massa_salarial;Monthly;Anual;15;yoy_pct_monthly;1;233;False;True;True;False;2;False;True;0.7277511940317238;1.2336823694567371
fenabrave_automoveis;Monthly;Mensal;0;nível;0;365;False;False;True;False;1;False;True;0.9705765301517517;1.8618233993876778
fenabrave_automoveis;Monthly;Mensal;1;diff;1;364;True;True;True;True;4;True;True;0.9092336143186637;2.6210063270367403
fenabrave_automoveis;Monthly;Mensal;2;log;1;365;False;False;True;False;1;False;True;1.4357158124902227;1.1874615761470702
fenabrave_automoveis;Monthly;Mensal;3;log→diff;3;364;True;True;True;True;4;True;True;1.073835613851439;0.9724994607543904
fenabrave_automoveis;Monthly;Mensal;4;boxcox;1;365;False;False;True;False;1;False;True;1.1929151628526653;0.979771147519443
fenabrave_automoveis;Monthly;Mensal;5;boxcox→diff;2;364;True;True;True;True;4;True;True;0.8179378427679245;1.2533972858574922
fenabrave_automoveis;Monthly;Mensal;6;yeojohnson;1;365;False;False;True;False;1;False;True;1.192914361300384;0.9797717454860205
fenabrave_automoveis;Monthly;Mensal;7;yeojohnson→diff;2;364;True;True;True;True;4;True;True;0.8179370091471896;1.253395683333553
fenabrave_automoveis;Monthly;Anual;8;sdiff12;1;353;False;True;True;False;2;False;True;0.8790335823595276;1.4040001225168457
fenabrave_automoveis;Monthly;Anual;9;sdiff12→diff;2;352;True;True;True;False;3;True;True;0.7288344398250756;1.5912449425874937
fenabrave_automoveis;Monthly;Anual;10;log→sdiff12;3;353;True;True;True;False;3;True;True;1.3716497927604983;1.1667784623811732
fenabrave_automoveis;Monthly;Anual;11;log→sdiff12→diff;4;352;True;True;True;False;3;True;True;0.9395576383157622;0.6816057315742896
fenabrave_automoveis;Monthly;Anual;12;boxcox→sdiff12→diff;3;352;True;True;True;False;3;True;True;0.6885027685778363;0.9477270919250091
fenabrave_automoveis;Monthly;Mensal;13;mom_pct;1;364;True;True;True;True;4;True;True;1.3016504071169184;0.9705413137515151
fenabrave_automoveis;Monthly;Anual;14;mom_pct_annual_rate;1;364;True;True;True;True;4;True;True;1.3016504071169184;0.9705413137515151
fenabrave_automoveis;Monthly;Anual;15;yoy_pct_monthly;1;353;True;True;True;False;3;True;True;1.764272830715919;1.1509760176553312
fenabrave_comerciais_leves;Monthly;Mensal;0;nível;0;365;False;False;False;False;0;False;True;1.260444803261966;2.088917967765934
fenabrave_comerciais_leves;Monthly;Mensal;1;diff;1;364;True;True;True;False;3;True;True;0.9637047205754716;1.5224061812068488
fenabrave_comerciais_leves;Monthly;Mensal;2;log;1;365;False;False;False;False;0;False;True;0.9658766743760254;2.2094221997821495
fenabrave_comerciais_leves;Monthly;Mensal;3;log→diff;3;364;True;True;True;True;4;True;True;0.6636247103317656;0.657710466164828
fenabrave_comerciais_leves;Monthly;Mensal;4;boxcox;1;365;False;False;False;False;0;False;True;1.0084219627765898;2.2627201789994356
fenabrave_comerciais_leves;Monthly;Mensal;5;boxcox→diff;2;364;True;True;True;True;4;True;True;0.7374095608701908;0.7487631362216635
fenabrave_comerciais_leves;Monthly;Mensal;6;yeojohnson;1;365;False;False;False;False;0;False;True;1.0084189864129247;2.262650469175585
fenabrave_comerciais_leves;Monthly;Mensal;7;yeojohnson→diff;2;364;True;True;True;True;4;True;True;0.7374043813513039;0.748751600386416
fenabrave_comerciais_leves;Monthly;Anual;8;sdiff12;1;353;False;True;True;True;3;True;True;0.9866552725096709;1.3208476258029584
fenabrave_comerciais_leves;Monthly;Anual;9;sdiff12→diff;2;352;True;True;True;False;3;True;True;0.9233304101756645;1.0623282079988658
fenabrave_comerciais_leves;Monthly;Anual;10;log→sdiff12;3;353;True;True;True;True;4;True;True;1.1014239031044906;1.6839852355260339
fenabrave_comerciais_leves;Monthly;Anual;11;log→sdiff12→diff;4;352;True;True;True;False;3;True;True;0.6287161289787339;0.579312366207425
fenabrave_comerciais_leves;Monthly;Anual;12;boxcox→sdiff12→diff;3;352;True;True;True;False;3;True;True;0.7188124336552998;0.7714284907356317
fenabrave_comerciais_leves;Monthly;Mensal;13;mom_pct;1;364;True;True;True;True;4;True;True;0.6583756460541675;0.6529312224610555
fenabrave_comerciais_leves;Monthly;Anual;14;mom_pct_annual_rate;1;364;True;True;True;True;4;True;True;0.6583756460541675;0.6529312224610555
fenabrave_comerciais_leves;Monthly;Anual;15;yoy_pct_monthly;1;353;True;True;True;True;4;True;True;1.4696911239558417;1.2072206412267568
fenabrave_caminhoes;Monthly;Mensal;0;nível;0;365;False;False;True;False;1;False;True;1.0103835897065419;1.1518814235974568
fenabrave_caminhoes;Monthly;Mensal;1;diff;1;364;True;True;True;True;4;True;True;0.8240468244948508;1.6490011273537875
fenabrave_caminhoes;Monthly;Mensal;2;log;1;365;False;False;True;False;1;False;True;0.8566384293942664;1.1526989249730712
fenabrave_caminhoes;Monthly;Mensal;3;log→diff;3;364;True;True;True;True;4;True;True;0.7951457933121212;0.8008350803043894
fenabrave_caminhoes;Monthly;Mensal;4;boxcox;1;365;False;False;True;False;1;False;True;0.8677037271571126;1.089212265085147
fenabrave_caminhoes;Monthly;Mensal;5;boxcox→diff;2;364;True;True;True;True;4;True;True;0.7765458667323052;0.8863665247093839
fenabrave_caminhoes;Monthly;Mensal;6;yeojohnson;1;365;False;False;True;False;1;False;True;0.8677129894615421;1.089231801140074
fenabrave_caminhoes;Monthly;Mensal;7;yeojohnson→diff;2;364;True;True;True;True;4;True;True;0.7765480930159816;0.8863715501940937
fenabrave_caminhoes;Monthly;Anual;8;sdiff12;1;353;True;True;True;True;4;True;True;0.7404403177504717;1.378289239701987
fenabrave_caminhoes;Monthly;Anual;9;sdiff12→diff;2;352;True;True;True;True;4;True;True;0.7761486118159086;1.6011025279740754
fenabrave_caminhoes;Monthly;Anual;10;log→sdiff12;3;353;True;True;True;True;4;True;True;0.5880111588000719;1.0175995220679004
fenabrave_caminhoes;Monthly;Anual;11;log→sdiff12→diff;4;352;True;True;True;True;4;True;True;0.907479555099561;1.034070853926781
fenabrave_caminhoes;Monthly;Anual;12;boxcox→sdiff12→diff;3;352;True;True;True;True;4;True;True;0.8726633481676812;1.066111239151549
fenabrave_caminhoes;Monthly;Mensal;13;mom_pct;1;364;True;True;True;True;4;True;True;0.93733867510585;0.7778837395033953
fenabrave_caminhoes;Monthly;Anual;14;mom_pct_annual_rate;1;364;True;True;True;True;4;True;True;0.93733867510585;0.7778837395033953
fenabrave_caminhoes;Monthly;Anual;15;yoy_pct_monthly;1;353;True;True;True;True;4;True;True;0.7477762752830568;1.0536457935941772
fenabrave_onibus;Monthly;Mensal;0;nível;0;365;False;False;True;True;2;False;True;0.743080643153578;1.0818969695462224
fenabrave_onibus;Monthly;Mensal;1;diff;1;364;True;True;True;True;4;True;True;0.558179205456531;0.7699751445688168
fenabrave_onibus;Monthly;Mensal;2;log;1;365;True;False;True;True;3;True;True;0.7882350021692208;1.6026280652656169
fenabrave_onibus;Monthly;Mensal;3;log→diff;3;364;True;True;True;True;4;True;True;0.4839202835883853;0.6273489668794817
fenabrave_onibus;Monthly;Mensal;4;boxcox;1;365;True;False;True;True;3;True;True;0.7567994772428456;1.3051928033286362
fenabrave_onibus;Monthly;Mensal;5;boxcox→diff;2;364;True;True;True;True;4;True;True;0.4346746436033157;0.4799366311167293
fenabrave_onibus;Monthly;Mensal;6;yeojohnson;1;365;True;False;True;True;3;True;True;0.7567809709209579;1.305099664060129
fenabrave_onibus;Monthly;Mensal;7;yeojohnson→diff;2;364;True;True;True;True;4;True;True;0.43463624074716556;0.47995570755540556
fenabrave_onibus;Monthly;Anual;8;sdiff12;1;353;True;True;True;True;4;True;True;0.6221108485586115;1.0514176285814423
fenabrave_onibus;Monthly;Anual;9;sdiff12→diff;2;352;True;True;True;True;4;True;True;0.4426047931755554;0.4320001712334777
fenabrave_onibus;Monthly;Anual;10;log→sdiff12;3;353;True;True;True;True;4;True;True;0.7108900958758737;0.816182981349949
fenabrave_onibus;Monthly;Anual;11;log→sdiff12→diff;4;352;True;True;True;True;4;True;True;0.43388292488557006;0.7493265499242653
fenabrave_onibus;Monthly;Anual;12;boxcox→sdiff12→diff;3;352;True;True;True;True;4;True;True;0.38556580973446075;0.6548411428460532
fenabrave_onibus;Monthly;Mensal;13;mom_pct;1;364;True;True;True;True;4;True;True;0.4681530783192963;0.5700296573923397
fenabrave_onibus;Monthly;Anual;14;mom_pct_annual_rate;1;364;True;True;True;True;4;True;True;0.4681530783192963;0.5700296573923397
fenabrave_onibus;Monthly;Anual;15;yoy_pct_monthly;1;353;True;True;True;True;4;True;True;0.758294592924457;1.5349608814715894
fgv_nuci;Monthly;Mensal;0;nível;0;306;True;False;True;True;3;True;True;1.790349718760215;2.1525128150925172
fgv_nuci;Monthly;Mensal;1;diff;1;305;True;True;True;True;4;True;True;2.4879392318488223;0.7054482179287187
fgv_nuci;Monthly;Mensal;2;log;1;306;True;False;True;True;3;True;True;2.0181034072608215;2.2230674282995313
fgv_nuci;Monthly;Mensal;3;log→diff;3;305;True;True;True;True;4;True;True;2.697925956365829;0.7051402376799228
fgv_nuci;Monthly;Mensal;4;boxcox;1;306;False;False;False;;0;False;True;1.1504809300827343;1.657215346942601
fgv_nuci;Monthly;Mensal;5;boxcox→diff;2;305;True;True;True;;3;True;True;0.6657197730030779;0.9660035949265444
fgv_nuci;Monthly;Mensal;6;yeojohnson;1;306;False;False;False;;0;False;True;1.1505768210072536;1.6577110711853889
fgv_nuci;Monthly;Mensal;7;yeojohnson→diff;2;305;True;True;True;;3;True;True;0.6658539466530796;0.9660007727477442
fgv_nuci;Monthly;Anual;8;sdiff12;1;294;True;True;True;True;4;True;True;1.5577270131856484;3.2713124248393575
fgv_nuci;Monthly;Anual;9;sdiff12→diff;2;293;True;True;True;True;4;True;True;2.072562070088248;1.5202341605512308
fgv_nuci;Monthly;Anual;10;log→sdiff12;3;294;True;True;True;True;4;True;True;1.7434543965947926;3.2682442639000633
fgv_nuci;Monthly;Anual;11;log→sdiff12→diff;4;293;True;True;True;True;4;True;True;2.2579741781806577;1.2921573788091119
fgv_nuci;Monthly;Anual;12;boxcox→sdiff12→diff;3;293;True;True;True;;3;True;True;0.9243262689913964;1.135043578162821
fgv_nuci;Monthly;Mensal;13;mom_pct;1;305;True;True;True;True;4;True;True;2.594688931769947;0.7009758784750431
fgv_nuci;Monthly;Anual;14;mom_pct_annual_rate;1;305;True;True;True;True;4;True;True;2.594688931769947;0.7009758784750431
fgv_nuci;Monthly;Anual;15;yoy_pct_monthly;1;294;True;True;True;True;4;True;True;1.8032276139738608;3.3886197700763825
concessoes_PJ_total;Monthly;Mensal;0;nível;0;184;False;True;False;False;1;False;True;0.7033728081209775;1.0541358307406925
concessoes_PJ_total;Monthly;Mensal;1;diff;1;183;True;True;True;True;4;True;True;0.77152343312459;1.0604866786312126
concessoes_PJ_total;Monthly;Mensal;2;log;1;184;False;True;False;False;1;False;True;0.8417578961955554;1.2171081262899228
concessoes_PJ_total;Monthly;Mensal;3;log→diff;3;183;True;True;True;True;4;True;True;0.8361707590881012;0.6186594017843003
concessoes_PJ_total;Monthly;Mensal;4;boxcox;1;184;False;True;False;False;1;False;True;0.6435477863970188;0.890823474412946
concessoes_PJ_total;Monthly;Mensal;5;boxcox→diff;2;183;True;True;True;True;4;True;True;0.7472284782923411;1.2840001750644852
concessoes_PJ_total;Monthly;Mensal;6;yeojohnson;1;184;False;True;False;False;1;False;True;0.6435476776992592;0.8908239387993048
concessoes_PJ_total;Monthly;Mensal;7;yeojohnson→diff;2;183;True;True;True;True;4;True;True;0.7472284198408995;1.284000962721924
concessoes_PJ_total;Monthly;Anual;8;sdiff12;1;172;False;False;True;True;2;False;True;0.5098395410462726;0.9983598624779474
concessoes_PJ_total;Monthly;Anual;9;sdiff12→diff;2;171;True;True;True;True;4;True;True;0.5685793484763021;0.680415049198004
concessoes_PJ_total;Monthly;Anual;10;log→sdiff12;3;172;False;False;True;True;2;False;True;0.6144977784334145;1.2169502801864258
concessoes_PJ_total;Monthly;Anual;11;log→sdiff12→diff;4;171;True;True;True;True;4;True;True;0.6125283856123315;0.7212738651114146
concessoes_PJ_total;Monthly;Anual;12;boxcox→sdiff12→diff;3;171;True;True;True;False;3;True;True;0.5686339610016264;1.005569165744429
concessoes_PJ_total;Monthly;Mensal;13;mom_pct;1;183;True;True;True;True;4;True;True;0.8390617803062187;0.5976460303746715
concessoes_PJ_total;Monthly;Anual;14;mom_pct_annual_rate;1;183;True;True;True;True;4;True;True;0.8390617803062187;0.5976460303746715
concessoes_PJ_total;Monthly;Anual;15;yoy_pct_monthly;1;172;False;False;True;False;1;False;True;0.6224883275083273;1.2387173289721511
concessoes_PF_total;Monthly;Mensal;0;nível;0;184;False;False;False;False;0;False;True;0.8675293574376638;1.1323250403826344
concessoes_PF_total;Monthly;Mensal;1;diff;1;183;True;True;True;True;4;True;True;0.813646999291649;2.1514765504771014
concessoes_PF_total;Monthly;Mensal;2;log;1;184;False;False;False;False;0;False;True;0.8240074912810943;1.4030317443212015
concessoes_PF_total;Monthly;Mensal;3;log→diff;3;183;True;True;True;True;4;True;True;0.7902065489065514;0.8981038878241969
concessoes_PF_total;Monthly;Mensal;4;boxcox;1;184;False;False;True;False;1;False;True;0.8244021842963798;1.3137160969118127
concessoes_PF_total;Monthly;Mensal;5;boxcox→diff;2;183;True;True;True;True;4;True;True;0.8517853583006585;0.9771295642323179
concessoes_PF_total;Monthly;Mensal;6;yeojohnson;1;184;False;False;True;False;1;False;True;0.8243883468899519;1.3137068188104986
concessoes_PF_total;Monthly;Mensal;7;yeojohnson→diff;2;183;True;True;True;True;4;True;True;0.8517853061584385;0.9771280225133756
concessoes_PF_total;Monthly;Anual;8;sdiff12;1;172;False;True;True;True;3;True;True;0.8193585597384193;1.3487994717141638
concessoes_PF_total;Monthly;Anual;9;sdiff12→diff;2;171;True;True;True;True;4;True;True;0.6768019873707393;1.6041319719861182
concessoes_PF_total;Monthly;Anual;10;log→sdiff12;3;172;False;True;True;True;3;True;True;0.8182604543976578;1.3285369122934096
concessoes_PF_total;Monthly;Anual;11;log→sdiff12→diff;4;171;True;True;True;True;4;True;True;0.6348928457927462;0.7568665521944042
concessoes_PF_total;Monthly;Anual;12;boxcox→sdiff12→diff;3;171;True;True;True;True;4;True;True;0.6619223222206094;0.8906503218040921
concessoes_PF_total;Monthly;Mensal;13;mom_pct;1;183;True;True;True;True;4;True;True;0.7601212978071533;0.9554085901735061
concessoes_PF_total;Monthly;Anual;14;mom_pct_annual_rate;1;183;True;True;True;True;4;True;True;0.7601212978071533;0.9554085901735061
concessoes_PF_total;Monthly;Anual;15;yoy_pct_monthly;1;172;False;True;True;True;3;True;True;0.8950547658816925;1.3186168654249857
concessoes_livres_PJ_total;Monthly;Mensal;0;nível;0;184;False;False;False;False;0;False;True;0.6722211185463612;1.5982379017482353
concessoes_livres_PJ_total;Monthly;Mensal;1;diff;1;183;True;True;True;True;4;True;True;0.9250587747410824;0.9085580807069356
concessoes_livres_PJ_total;Monthly;Mensal;2;log;1;184;False;False;False;False;0;False;True;0.7642611347247911;1.5163203861849441
concessoes_livres_PJ_total;Monthly;Mensal;3;log→diff;3;183;True;True;True;True;4;True;True;0.9201160087484794;0.6955854706070346
concessoes_livres_PJ_total;Monthly;Mensal;4;boxcox;1;184;False;False;False;False;0;False;True;0.6434248641966759;1.4721193307340006
concessoes_livres_PJ_total;Monthly;Mensal;5;boxcox→diff;2;183;True;True;True;True;4;True;True;0.9236429898504751;0.9870952085416635
concessoes_livres_PJ_total;Monthly;Mensal;6;yeojohnson;1;184;False;False;False;False;0;False;True;0.6434248043941672;1.4721190450639878
concessoes_livres_PJ_total;Monthly;Mensal;7;yeojohnson→diff;2;183;True;True;True;True;4;True;True;0.9236429608873872;0.987095476698125
concessoes_livres_PJ_total;Monthly;Anual;8;sdiff12;1;172;False;False;True;False;1;False;True;0.7088486830081904;1.27862644222993
concessoes_livres_PJ_total;Monthly;Anual;9;sdiff12→diff;2;171;True;True;True;True;4;True;True;0.6749364484150224;0.9063692983317457
concessoes_livres_PJ_total;Monthly;Anual;10;log→sdiff12;3;172;False;False;True;False;1;False;True;0.7348881732154239;1.5516166906692177
concessoes_livres_PJ_total;Monthly;Anual;11;log→sdiff12→diff;4;171;True;True;True;True;4;True;True;0.6519361508463763;0.9071345737823399
concessoes_livres_PJ_total;Monthly;Anual;12;boxcox→sdiff12→diff;3;171;True;True;True;True;4;True;True;0.6928993909330656;1.0936075155541891
concessoes_livres_PJ_total;Monthly;Mensal;13;mom_pct;1;183;True;True;True;True;4;True;True;0.8999919932110775;0.7062599543257546
concessoes_livres_PJ_total;Monthly;Anual;14;mom_pct_annual_rate;1;183;True;True;True;True;4;True;True;0.8999919932110775;0.7062599543257546
concessoes_livres_PJ_total;Monthly;Anual;15;yoy_pct_monthly;1;172;False;False;True;False;1;False;True;0.7739498804544563;1.741457014233455
concessoes_livres_PJ_capital_giro;Monthly;Mensal;0;nível;0;184;False;False;False;False;0;False;True;1.2001987220108965;1.488383682826264
concessoes_livres_PJ_capital_giro;Monthly;Mensal;1;diff;1;183;True;True;True;True;4;True;True;1.298087778619277;1.4411142121908758
concessoes_livres_PJ_capital_giro;Monthly;Mensal;2;log;1;184;False;False;False;False;0;False;True;1.080578062102919;1.8631532144814889
concessoes_livres_PJ_capital_giro;Monthly;Mensal;3;log→diff;3;183;True;True;True;True;4;True;True;1.0818580553357795;1.5132482711495532
concessoes_livres_PJ_capital_giro;Monthly;Mensal;4;boxcox;1;184;False;False;False;False;0;False;True;0.9854995645226075;1.8477344523841044
concessoes_livres_PJ_capital_giro;Monthly;Mensal;5;boxcox→diff;2;183;True;True;True;True;4;True;True;0.9747073958105068;1.2176874096001062
concessoes_livres_PJ_capital_giro;Monthly;Mensal;6;yeojohnson;1;184;False;False;False;False;0;False;True;0.9855015949664068;1.847734460735624
concessoes_livres_PJ_capital_giro;Monthly;Mensal;7;yeojohnson→diff;2;183;True;True;True;True;4;True;True;0.97470912789699;1.2176872238634133
concessoes_livres_PJ_capital_giro;Monthly;Anual;8;sdiff12;1;172;False;True;True;False;2;False;True;1.3812821231116534;2.4337780137819838
concessoes_livres_PJ_capital_giro;Monthly;Anual;9;sdiff12→diff;2;171;True;True;True;False;3;True;True;1.135837487034788;1.323104408222576
concessoes_livres_PJ_capital_giro;Monthly;Anual;10;log→sdiff12;3;172;False;True;True;False;2;False;True;1.2938071119970036;1.9943152806457063
concessoes_livres_PJ_capital_giro;Monthly;Anual;11;log→sdiff12→diff;4;171;True;True;True;True;4;True;True;0.9617980985527572;1.9917133367177897
concessoes_livres_PJ_capital_giro;Monthly;Anual;12;boxcox→sdiff12→diff;3;171;True;True;True;True;4;True;True;0.8796435692054305;1.2864695031153037
concessoes_livres_PJ_capital_giro;Monthly;Mensal;13;mom_pct;1;183;True;True;True;True;4;True;True;1.1437129685032135;1.784702756251927
concessoes_livres_PJ_capital_giro;Monthly;Anual;14;mom_pct_annual_rate;1;183;True;True;True;True;4;True;True;1.1437129685032135;1.784702756251927
concessoes_livres_PJ_capital_giro;Monthly;Anual;15;yoy_pct_monthly;1;172;False;True;True;False;2;False;True;1.4566100726970834;3.0933345790418754
concessoes_livres_PF_total;Monthly;Mensal;0;nível;0;184;False;False;False;False;0;False;True;0.9035968738600706;1.2394965790128236
concessoes_livres_PF_total;Monthly;Mensal;1;diff;1;183;True;True;True;True;4;True;True;0.8529154231326103;2.521449640085865
concessoes_livres_PF_total;Monthly;Mensal;2;log;1;184;False;False;False;False;0;False;True;0.8659983306741609;1.3948649828777766
concessoes_livres_PF_total;Monthly;Mensal;3;log→diff;3;183;True;True;True;True;4;True;True;0.8576110412335031;0.9461377841699141
concessoes_livres_PF_total;Monthly;Mensal;4;boxcox;1;184;False;False;True;False;1;False;True;0.8521765462875925;1.6294489200540792
concessoes_livres_PF_total;Monthly;Mensal;5;boxcox→diff;2;183;True;True;True;True;4;True;True;0.9414517655581277;1.2480339282653263
concessoes_livres_PF_total;Monthly;Mensal;6;yeojohnson;1;184;False;False;True;False;1;False;True;0.8520280630911581;1.6289710123581447
concessoes_livres_PF_total;Monthly;Mensal;7;yeojohnson→diff;2;183;True;True;True;True;4;True;True;0.9414521002983619;1.2480428671882478
concessoes_livres_PF_total;Monthly;Anual;8;sdiff12;1;172;False;False;True;True;2;False;True;0.9217739814831057;2.1753074049078767
concessoes_livres_PF_total;Monthly;Anual;9;sdiff12→diff;2;171;True;True;True;True;4;True;True;0.6956967203061152;2.0852114555192682
concessoes_livres_PF_total;Monthly;Anual;10;log→sdiff12;3;172;False;True;True;True;3;True;True;0.9176412901743113;1.435028264803388
concessoes_livres_PF_total;Monthly;Anual;11;log→sdiff12→diff;4;171;True;True;True;True;4;True;True;0.6507739146783331;0.8459951303746496
concessoes_livres_PF_total;Monthly;Anual;12;boxcox→sdiff12→diff;3;171;True;True;True;False;3;True;True;0.6884361435889833;0.9101993211921539
concessoes_livres_PF_total;Monthly;Mensal;13;mom_pct;1;183;True;True;True;True;4;True;True;0.814239430242858;1.0151503953732188
concessoes_livres_PF_total;Monthly;Anual;14;mom_pct_annual_rate;1;183;True;True;True;True;4;True;True;0.814239430242858;1.0151503953732188
concessoes_livres_PF_total;Monthly;Anual;15;yoy_pct_monthly;1;172;False;True;True;True;3;True;True;0.9626778704145477;1.6621678211641777
concessoes_direcionados_PJ_total;Monthly;Mensal;0;nível;0;184;False;False;True;False;1;False;True;0.8731789847253445;2.050827867640165
concessoes_direcionados_PJ_total;Monthly;Mensal;1;diff;1;183;True;True;True;True;4;True;True;0.8800313080752986;1.9400319300193805
concessoes_direcionados_PJ_total;Monthly;Mensal;2;log;1;184;False;False;True;False;1;False;True;1.0692426868827285;0.9973894546828668
concessoes_direcionados_PJ_total;Monthly;Mensal;3;log→diff;3;183;True;True;True;True;4;True;True;1.0112349868249835;0.8535986745771058
concessoes_direcionados_PJ_total;Monthly;Mensal;4;boxcox;1;184;False;False;True;False;1;False;True;1.0634432783815315;0.9889147568500163
concessoes_direcionados_PJ_total;Monthly;Mensal;5;boxcox→diff;2;183;True;True;True;True;4;True;True;1.0067972074744935;0.7949528363847365
concessoes_direcionados_PJ_total;Monthly;Mensal;6;yeojohnson;1;184;False;False;True;False;1;False;True;1.0634420553538324;0.9889061742101151
concessoes_direcionados_PJ_total;Monthly;Mensal;7;yeojohnson→diff;2;183;True;True;True;True;4;True;True;1.006797407888736;0.794930316759298
concessoes_direcionados_PJ_total;Monthly;Anual;8;sdiff12;1;172;False;True;True;True;3;True;True;0.9300373879863955;2.599209987055399
concessoes_direcionados_PJ_total;Monthly;Anual;9;sdiff12→diff;2;171;True;True;True;False;3;True;True;0.6960818017969063;1.3034098056111447
concessoes_direcionados_PJ_total;Monthly;Anual;10;log→sdiff12;3;172;False;True;True;True;3;True;True;1.1918359996101897;1.6349006475898893
concessoes_direcionados_PJ_total;Monthly;Anual;11;log→sdiff12→diff;4;171;True;True;True;False;3;True;True;0.6646414484689894;1.1579425070265974
concessoes_direcionados_PJ_total;Monthly;Anual;12;boxcox→sdiff12→diff;3;171;True;True;True;False;3;True;True;0.6562663731853765;1.1102215271504183
concessoes_direcionados_PJ_total;Monthly;Mensal;13;mom_pct;1;183;True;True;True;False;3;True;True;1.2255793751426673;0.8401830593114372
concessoes_direcionados_PJ_total;Monthly;Anual;14;mom_pct_annual_rate;1;183;True;True;True;False;3;True;True;1.2255793751426673;0.8401830593114372
concessoes_direcionados_PJ_total;Monthly;Anual;15;yoy_pct_monthly;1;172;True;True;True;True;4;True;True;1.6554865452266188;1.4408011655579884
concessoes_direcionados_PF_total;Monthly;Mensal;0;nível;0;184;False;False;False;False;0;False;True;0.8161226707287003;1.3635206705449225
concessoes_direcionados_PF_total;Monthly;Mensal;1;diff;1;183;True;True;True;True;4;True;True;0.5733137408980382;1.3938055506821043
concessoes_direcionados_PF_total;Monthly;Mensal;2;log;1;184;False;False;False;False;0;False;True;0.84582636790079;1.7959408325533261
concessoes_direcionados_PF_total;Monthly;Mensal;3;log→diff;3;183;True;True;True;True;4;True;True;0.40939526120028985;0.6956384449681932
concessoes_direcionados_PF_total;Monthly;Mensal;4;boxcox;1;184;False;False;False;False;0;False;True;0.8328909866271792;1.4943802223441633
concessoes_direcionados_PF_total;Monthly;Mensal;5;boxcox→diff;2;183;True;True;True;True;4;True;True;0.438030228882446;0.8329415091582734
concessoes_direcionados_PF_total;Monthly;Mensal;6;yeojohnson;1;184;False;False;False;False;0;False;True;0.8328909511690666;1.4943746128905673
concessoes_direcionados_PF_total;Monthly;Mensal;7;yeojohnson→diff;2;183;True;True;True;True;4;True;True;0.43803229607586824;0.8329525063960866
concessoes_direcionados_PF_total;Monthly;Anual;8;sdiff12;1;172;False;True;True;True;3;True;True;0.6144326701932593;0.9239265952774613
concessoes_direcionados_PF_total;Monthly;Anual;9;sdiff12→diff;2;171;True;True;True;False;3;True;True;0.4412186805064077;0.6484054359954025
concessoes_direcionados_PF_total;Monthly;Anual;10;log→sdiff12;3;172;False;True;True;False;2;False;True;0.5944578645614408;1.0834638005020467
concessoes_direcionados_PF_total;Monthly;Anual;11;log→sdiff12→diff;4;171;True;True;True;False;3;True;True;0.33258402765674955;0.4559105195863995
concessoes_direcionados_PF_total;Monthly;Anual;12;boxcox→sdiff12→diff;3;171;True;True;True;False;3;True;True;0.3483632169009908;0.4237364347784695
concessoes_direcionados_PF_total;Monthly;Mensal;13;mom_pct;1;183;True;True;True;True;4;True;True;0.4018948647692782;0.6982632723009078
concessoes_direcionados_PF_total;Monthly;Anual;14;mom_pct_annual_rate;1;183;True;True;True;True;4;True;True;0.4018948647692782;0.6982632723009078
concessoes_direcionados_PF_total;Monthly;Anual;15;yoy_pct_monthly;1;172;False;True;True;False;2;False;True;0.5779945612263163;0.9152881668078424
concessoes_direcionados_credito_rural;Monthly;Mensal;0;nível;0;184;False;False;True;False;1;False;True;0.8416232394541641;2.112131828589902
concessoes_direcionados_credito_rural;Monthly;Mensal;1;diff;1;183;True;True;True;False;3;True;True;0.9692631109210325;3.8293231653819215
concessoes_direcionados_credito_rural;Monthly;Mensal;2;log;1;184;False;False;True;False;1;False;True;0.5925156690721028;0.9027793004551068
concessoes_direcionados_credito_rural;Monthly;Mensal;3;log→diff;3;183;True;True;True;True;4;True;True;0.7577451680244933;1.3370297156232362
concessoes_direcionados_credito_rural;Monthly;Mensal;4;boxcox;1;184;False;False;True;False;1;False;True;0.5373415095931388;0.46432341047172404
concessoes_direcionados_credito_rural;Monthly;Mensal;5;boxcox→diff;2;183;True;True;True;True;4;True;True;0.6418256553468245;0.4667714576208901
concessoes_direcionados_credito_rural;Monthly;Mensal;6;yeojohnson;1;184;False;False;True;False;1;False;True;0.5373412396303676;0.46431979243332483
concessoes_direcionados_credito_rural;Monthly;Mensal;7;yeojohnson→diff;2;183;True;True;True;True;4;True;True;0.6418262210453931;0.4667720344252594
concessoes_direcionados_credito_rural;Monthly;Anual;8;sdiff12;1;172;False;True;True;False;2;False;True;0.6089405559462034;1.5487160043749617
concessoes_direcionados_credito_rural;Monthly;Anual;9;sdiff12→diff;2;171;True;True;True;False;3;True;True;0.7274232808279619;1.8229799916647116
concessoes_direcionados_credito_rural;Monthly;Anual;10;log→sdiff12;3;172;False;True;True;False;2;False;True;0.4628592162661464;0.5904989158170951
concessoes_direcionados_credito_rural;Monthly;Anual;11;log→sdiff12→diff;4;171;True;True;True;False;3;True;True;0.5786799519904214;0.8394004063905272
concessoes_direcionados_credito_rural;Monthly;Anual;12;boxcox→sdiff12→diff;3;171;True;True;True;False;3;True;True;0.5315326167842889;0.545856759620598
concessoes_direcionados_credito_rural;Monthly;Mensal;13;mom_pct;1;183;True;True;True;True;4;True;True;0.8124702444332738;2.589682848784447
concessoes_direcionados_credito_rural;Monthly;Anual;14;mom_pct_annual_rate;1;183;True;True;True;True;4;True;True;0.8124702444332738;2.589682848784447
concessoes_direcionados_credito_rural;Monthly;Anual;15;yoy_pct_monthly;1;172;False;True;True;False;2;False;True;0.8149326722574771;0.632549592795488
tjlp;Monthly;Mensal;0;nível;0;367;False;False;True;False;1;False;True;1.8948275245852135;2.3769339717201197
tjlp;Monthly;Mensal;1;diff;1;366;True;False;True;False;2;False;True;2.2807436371481122;2.078889730628368
tjlp;Monthly;Mensal;2;log;1;367;False;False;False;False;0;False;True;1.171975098630888;2.2040608998632942
tjlp;Monthly;Mensal;3;log→diff;3;366;True;True;True;True;4;True;True;1.6855568900425575;1.0764094807992908
tjlp;Monthly;Mensal;4;boxcox;1;367;False;False;False;False;0;False;True;1.1242115382158249;2.212632794626848
tjlp;Monthly;Mensal;5;boxcox→diff;2;366;True;True;True;True;4;True;True;1.0596356440324273;1.4821469795168603
tjlp;Monthly;Mensal;6;yeojohnson;1;367;False;False;False;False;0;False;True;1.115863115922129;2.2087047864662637
tjlp;Monthly;Mensal;7;yeojohnson→diff;2;366;True;True;True;True;4;True;True;1.0545944592231864;1.4356161060106252
tjlp;Monthly;Anual;8;sdiff12;1;355;True;True;True;False;3;True;True;1.7935376076825071;1.5775653554352187
tjlp;Monthly;Anual;9;sdiff12→diff;2;354;True;True;True;True;4;True;True;2.2550705592375873;2.3274087157999066
tjlp;Monthly;Anual;10;log→sdiff12;3;355;True;True;True;False;3;True;True;1.1110017642503611;1.266311075675131
tjlp;Monthly;Anual;11;log→sdiff12→diff;4;354;True;True;True;True;4;True;True;1.6656615426259942;1.0085963010431784
tjlp;Monthly;Anual;12;boxcox→sdiff12→diff;3;354;True;True;True;True;4;True;True;1.0362676543868743;0.9389861241902628
tjlp;Monthly;Mensal;13;mom_pct;1;366;True;True;True;True;4;True;True;1.8360322268127813;1.2595647216194448
tjlp;Monthly;Anual;14;mom_pct_annual_rate;1;366;True;True;True;True;4;True;True;1.8360322268127813;1.2595647216194448
tjlp;Monthly;Anual;15;yoy_pct_monthly;1;355;True;True;True;False;3;True;True;1.0953783237055765;1.9322727884037585
selic_mensal;Monthly;Mensal;0;nível;0;367;False;False;True;False;1;False;True;1.5740157877000103;2.4606638270106416
selic_mensal;Monthly;Mensal;1;diff;1;366;True;True;True;False;3;True;True;2.4586437277529183;17.99852174723284
selic_mensal;Monthly;Mensal;2;log;1;367;False;False;False;False;0;False;True;1.701140683965004;1.4529517981243794
selic_mensal;Monthly;Mensal;3;log→diff;3;366;True;True;True;True;4;True;True;1.6198310463170076;6.342555520126831
selic_mensal;Monthly;Mensal;4;boxcox;1;367;False;False;False;False;0;False;True;1.156240048579014;1.789775525349192
selic_mensal;Monthly;Mensal;5;boxcox→diff;2;366;True;True;True;True;4;True;True;2.0705614713675478;7.72045094822243
selic_mensal;Monthly;Mensal;6;yeojohnson;1;367;False;False;False;False;0;False;True;1.1455449779036706;1.7431502117237532
selic_mensal;Monthly;Mensal;7;yeojohnson→diff;2;366;True;True;True;True;4;True;True;2.047260782216862;7.959569295163456
selic_mensal;Monthly;Anual;8;sdiff12;1;355;True;True;True;False;3;True;True;1.4963114998235938;2.0115982242651937
selic_mensal;Monthly;Anual;9;sdiff12→diff;2;354;True;True;True;False;3;True;True;2.570311162837773;3.852456405162187
selic_mensal;Monthly;Anual;10;log→sdiff12;3;355;True;True;True;True;4;True;True;1.6047926722126094;1.198880758656135
selic_mensal;Monthly;Anual;11;log→sdiff12→diff;4;354;True;True;True;True;4;True;True;1.7576724458187232;1.6115071338576195
selic_mensal;Monthly;Anual;12;boxcox→sdiff12→diff;3;354;True;True;True;False;3;True;True;2.2981478383545197;2.5291853466574667
selic_mensal;Monthly;Mensal;13;mom_pct;1;366;True;True;True;True;4;True;True;1.934933935361044;6.479888422056327
selic_mensal;Monthly;Anual;14;mom_pct_annual_rate;1;366;True;True;True;True;4;True;True;1.934933935361044;6.479888422056327
selic_mensal;Monthly;Anual;15;yoy_pct_monthly;1;355;True;True;True;True;4;True;True;2.5297730215542145;1.3600770473226766
abcr_trafego_veiculos_pesados;Monthly;Mensal;0;nível;0;329;False;False;False;False;0;False;True;1.0163848112757525;1.7112402648720482
abcr_trafego_veiculos_pesados;Monthly;Mensal;1;diff;1;328;True;True;True;True;4;True;True;1.8683590901177214;1.486939129121296
abcr_trafego_veiculos_pesados;Monthly;Mensal;2;log;1;329;False;False;False;False;0;False;True;1.0198566771903446;1.0497671833801898
abcr_trafego_veiculos_pesados;Monthly;Mensal;3;log→diff;3;328;True;True;True;True;4;True;True;1.9622556690971291;1.0834065213802848
abcr_trafego_veiculos_pesados;Monthly;Mensal;4;boxcox;1;329;False;False;False;False;0;False;True;1.0072404668281214;1.9577207183376628
abcr_trafego_veiculos_pesados;Monthly;Mensal;5;boxcox→diff;2;328;True;True;True;True;4;True;True;1.7790485537110148;1.883098081478207
abcr_trafego_veiculos_pesados;Monthly;Mensal;6;yeojohnson;1;329;False;False;False;False;0;False;True;1.0071627012912179;1.9592231299390572
abcr_trafego_veiculos_pesados;Monthly;Mensal;7;yeojohnson→diff;2;328;True;True;True;True;4;True;True;1.7787356491557778;1.8844996465880397
abcr_trafego_veiculos_pesados;Monthly;Anual;8;sdiff12;1;317;True;True;True;True;4;True;True;1.1186821075061635;2.410351577463365
abcr_trafego_veiculos_pesados;Monthly;Anual;9;sdiff12→diff;2;316;True;True;True;True;4;True;True;1.634247056192161;1.6482148294833288
abcr_trafego_veiculos_pesados;Monthly;Anual;10;log→sdiff12;3;317;True;True;True;True;4;True;True;1.1390448547465555;2.14455213529821
abcr_trafego_veiculos_pesados;Monthly;Anual;11;log→sdiff12→diff;4;316;True;True;True;True;4;True;True;1.7239105498822922;1.4790769895814007
abcr_trafego_veiculos_pesados;Monthly;Anual;12;boxcox→sdiff12→diff;3;316;True;True;True;True;4;True;True;1.5541281489804126;1.669887450597942
abcr_trafego_veiculos_pesados;Monthly;Mensal;13;mom_pct;1;328;True;True;True;True;4;True;True;2.095621634923728;1.0563014891112068
abcr_trafego_veiculos_pesados;Monthly;Anual;14;mom_pct_annual_rate;1;328;True;True;True;True;4;True;True;2.095621634923728;1.0563014891112068
abcr_trafego_veiculos_pesados;Monthly;Anual;15;yoy_pct_monthly;1;317;True;True;True;True;4;True;True;1.1610311593776603;2.063004678937706
inadimplencia_livres_total;Monthly;Mensal;0;nível;0;184;False;True;False;True;2;False;True;0.748259559442657;1.2832044433309684
inadimplencia_livres_total;Monthly;Mensal;1;diff;1;183;True;True;True;True;4;True;True;0.46774493814366636;0.9478010953807522
inadimplencia_livres_total;Monthly;Mensal;2;log;1;184;False;True;False;True;2;False;True;0.8266925731998317;1.5449869474759057
inadimplencia_livres_total;Monthly;Mensal;3;log→diff;3;183;True;True;True;True;4;True;True;0.5543848713433841;0.8299220227778953
inadimplencia_livres_total;Monthly;Mensal;4;boxcox;1;184;False;True;False;True;2;False;True;0.7809552895709797;1.4444225689889834
inadimplencia_livres_total;Monthly;Mensal;5;boxcox→diff;2;183;False;True;True;True;3;True;True;0.5627594866287462;0.7947887034966461
inadimplencia_livres_total;Monthly;Mensal;6;yeojohnson;1;184;False;True;False;True;2;False;True;0.7825432164537187;1.424727977376409
inadimplencia_livres_total;Monthly;Mensal;7;yeojohnson→diff;2;183;False;True;True;True;3;True;True;0.5687307542846806;0.8119071684045657
inadimplencia_livres_total;Monthly;Anual;8;sdiff12;1;172;False;True;False;False;1;False;True;0.47274516060337746;0.7782956124500622
inadimplencia_livres_total;Monthly;Anual;9;sdiff12→diff;2;171;True;True;True;True;4;True;True;0.44778032142760715;0.7861610840072274
inadimplencia_livres_total;Monthly;Anual;10;log→sdiff12;3;172;False;True;False;False;1;False;True;0.7085215701309662;0.7312916512597928
inadimplencia_livres_total;Monthly;Anual;11;log→sdiff12→diff;4;171;True;True;True;True;4;True;True;0.5769462552260592;0.7069164241592031
inadimplencia_livres_total;Monthly;Anual;12;boxcox→sdiff12→diff;3;171;True;True;True;True;4;True;True;0.49352225094719504;0.7287949309208525
inadimplencia_livres_total;Monthly;Mensal;13;mom_pct;1;183;True;True;True;True;4;True;True;0.5408936084575247;0.873915245611373
inadimplencia_livres_total;Monthly;Anual;14;mom_pct_annual_rate;1;183;True;True;True;True;4;True;True;0.5408936084575247;0.873915245611373
inadimplencia_livres_total;Monthly;Anual;15;yoy_pct_monthly;1;172;False;True;False;False;1;False;True;0.7373307290148284;0.693175290853278
inadimplencia_livres_PJ_total;Monthly;Mensal;0;nível;0;184;False;False;False;False;0;False;True;1.170050703993473;2.2852097973989145
inadimplencia_livres_PJ_total;Monthly;Mensal;1;diff;1;183;True;True;True;True;4;True;True;0.8948582400044651;1.6496907167063055
inadimplencia_livres_PJ_total;Monthly;Mensal;2;log;1;184;False;False;False;False;0;False;True;1.0654730143785471;2.365117914906777
inadimplencia_livres_PJ_total;Monthly;Mensal;3;log→diff;3;183;True;True;True;True;4;True;True;0.616948586848098;0.9831648158791594
inadimplencia_livres_PJ_total;Monthly;Mensal;4;boxcox;1;184;False;False;False;False;0;False;True;1.097457404634543;2.136711403781906
inadimplencia_livres_PJ_total;Monthly;Mensal;5;boxcox→diff;2;183;True;True;True;True;4;True;True;0.7443816809923433;1.2873572420536794
inadimplencia_livres_PJ_total;Monthly;Mensal;6;yeojohnson;1;184;False;False;False;False;0;False;True;1.1019327961099163;2.165868776257582
inadimplencia_livres_PJ_total;Monthly;Mensal;7;yeojohnson→diff;2;183;True;True;True;True;4;True;True;0.7508154651490786;1.328813627444728
inadimplencia_livres_PJ_total;Monthly;Anual;8;sdiff12;1;172;False;True;False;False;1;False;True;0.8910170160703316;1.3657735237330626
inadimplencia_livres_PJ_total;Monthly;Anual;9;sdiff12→diff;2;171;True;True;True;True;4;True;True;0.7746015659357085;1.1212797074500025
inadimplencia_livres_PJ_total;Monthly;Anual;10;log→sdiff12;3;172;False;True;False;False;1;False;True;0.7805701669738825;1.6454270202029162
inadimplencia_livres_PJ_total;Monthly;Anual;11;log→sdiff12→diff;4;171;True;True;True;True;4;True;True;0.6023445964597534;1.1493412689036864
inadimplencia_livres_PJ_total;Monthly;Anual;12;boxcox→sdiff12→diff;3;171;True;True;True;True;4;True;True;0.6551036279476462;0.990866857633051
inadimplencia_livres_PJ_total;Monthly;Mensal;13;mom_pct;1;183;True;True;True;True;4;True;True;0.6099757620039118;1.0015571166696315
inadimplencia_livres_PJ_total;Monthly;Anual;14;mom_pct_annual_rate;1;183;True;True;True;True;4;True;True;0.6099757620039118;1.0015571166696315
inadimplencia_livres_PJ_total;Monthly;Anual;15;yoy_pct_monthly;1;172;False;True;False;False;1;False;True;1.0827237595322812;1.7322158322964858
inadimplencia_livres_PJ_desconto_de_duplicatas_e_recebiveis;Monthly;Mensal;0;nível;0;184;True;True;False;True;3;True;True;1.9440897690380297;3.5271007050332646
inadimplencia_livres_PJ_desconto_de_duplicatas_e_recebiveis;Monthly;Mensal;1;diff;1;183;True;True;True;True;4;True;True;1.9162439422693414;1.5559523620557028
inadimplencia_livres_PJ_desconto_de_duplicatas_e_recebiveis;Monthly;Mensal;2;log;1;184;True;False;False;True;2;False;True;1.5291229132749382;4.799721015915147
inadimplencia_livres_PJ_desconto_de_duplicatas_e_recebiveis;Monthly;Mensal;3;log→diff;3;183;True;True;True;True;4;True;True;1.300690100947382;6.376273030875484
inadimplencia_livres_PJ_desconto_de_duplicatas_e_recebiveis;Monthly;Mensal;4;boxcox;1;184;True;False;False;True;2;False;True;1.6797868873608526;3.288753437489543
inadimplencia_livres_PJ_desconto_de_duplicatas_e_recebiveis;Monthly;Mensal;5;boxcox→diff;2;183;True;True;True;True;4;True;True;1.5055765498510445;4.064084715934595
inadimplencia_livres_PJ_desconto_de_duplicatas_e_recebiveis;Monthly;Mensal;6;yeojohnson;1;184;False;False;False;False;0;False;True;1.7039751286437992;2.695894759398857
inadimplencia_livres_PJ_desconto_de_duplicatas_e_recebiveis;Monthly;Mensal;7;yeojohnson→diff;2;183;True;True;True;True;4;True;True;1.5369219221180714;3.816556151249096
inadimplencia_livres_PJ_desconto_de_duplicatas_e_recebiveis;Monthly;Anual;8;sdiff12;1;172;False;True;True;True;3;True;True;2.123521697599308;1.662579462333861
inadimplencia_livres_PJ_desconto_de_duplicatas_e_recebiveis;Monthly;Anual;9;sdiff12→diff;2;171;True;True;True;True;4;True;True;1.8788339255161275;1.5559456140204548
inadimplencia_livres_PJ_desconto_de_duplicatas_e_recebiveis;Monthly;Anual;10;log→sdiff12;3;172;False;True;True;True;3;True;True;1.7449943020348464;4.846933526282098
inadimplencia_livres_PJ_desconto_de_duplicatas_e_recebiveis;Monthly;Anual;11;log→sdiff12→diff;4;171;True;True;True;True;4;True;True;1.2847479499559213;4.380710371175555
inadimplencia_livres_PJ_desconto_de_duplicatas_e_recebiveis;Monthly;Anual;12;boxcox→sdiff12→diff;3;171;True;True;True;True;4;True;True;1.4954143937975795;3.306695397689958
inadimplencia_livres_PJ_desconto_de_duplicatas_e_recebiveis;Monthly;Mensal;13;mom_pct;1;183;True;True;True;True;4;True;True;1.6438765420922539;3.717802091324442
inadimplencia_livres_PJ_desconto_de_duplicatas_e_recebiveis;Monthly;Anual;14;mom_pct_annual_rate;1;183;True;True;True;True;4;True;True;1.6438765420922539;3.717802091324442
inadimplencia_livres_PJ_desconto_de_duplicatas_e_recebiveis;Monthly;Anual;15;yoy_pct_monthly;1;172;False;True;False;True;2;False;True;1.995478918367177;10.646684230891127
inadimplencia_livres_PJ_capital_de_giro_total;Monthly;Mensal;0;nível;0;184;False;True;False;False;1;False;True;1.1279224769132703;1.9402205050035728
inadimplencia_livres_PJ_capital_de_giro_total;Monthly;Mensal;1;diff;1;183;True;True;True;True;4;True;True;0.7851204841983543;1.0006258022577097
inadimplencia_livres_PJ_capital_de_giro_total;Monthly;Mensal;2;log;1;184;False;True;False;False;1;False;True;1.1103440753821656;3.5150887241666267
inadimplencia_livres_PJ_capital_de_giro_total;Monthly;Mensal;3;log→diff;3;183;False;True;True;True;3;True;True;0.9669424848995398;1.8931089406579806
inadimplencia_livres_PJ_capital_de_giro_total;Monthly;Mensal;4;boxcox;1;184;False;True;False;False;1;False;True;1.1226824165897942;1.9455730970229568
inadimplencia_livres_PJ_capital_de_giro_total;Monthly;Mensal;5;boxcox→diff;2;183;True;True;True;True;4;True;True;0.7763264897159631;1.016468670819591
inadimplencia_livres_PJ_capital_de_giro_total;Monthly;Mensal;6;yeojohnson;1;184;False;True;False;False;1;False;True;1.126469981054682;1.9411413447632517
inadimplencia_livres_PJ_capital_de_giro_total;Monthly;Mensal;7;yeojohnson→diff;2;183;True;True;True;True;4;True;True;0.7825992780256935;1.00419340132257
inadimplencia_livres_PJ_capital_de_giro_total;Monthly;Anual;8;sdiff12;1;172;False;True;False;False;1;False;True;1.023165351914771;1.6089346310886459
inadimplencia_livres_PJ_capital_de_giro_total;Monthly;Anual;9;sdiff12→diff;2;171;True;True;True;True;4;True;True;0.8743990018596955;1.3255156422285355
inadimplencia_livres_PJ_capital_de_giro_total;Monthly;Anual;10;log→sdiff12;3;172;False;True;False;False;1;False;True;1.1115814208739054;1.965230139781177
inadimplencia_livres_PJ_capital_de_giro_total;Monthly;Anual;11;log→sdiff12→diff;4;171;True;True;True;True;4;True;True;0.8452865498788052;1.4995475672444354
inadimplencia_livres_PJ_capital_de_giro_total;Monthly;Anual;12;boxcox→sdiff12→diff;3;171;True;True;True;True;4;True;True;0.8651755022595;1.3651112513189565
inadimplencia_livres_PJ_capital_de_giro_total;Monthly;Mensal;13;mom_pct;1;183;False;True;True;True;3;True;True;0.9697266437153065;1.729867420051171
inadimplencia_livres_PJ_capital_de_giro_total;Monthly;Anual;14;mom_pct_annual_rate;1;183;False;True;True;True;3;True;True;0.9697266437153065;1.729867420051171
inadimplencia_livres_PJ_capital_de_giro_total;Monthly;Anual;15;yoy_pct_monthly;1;172;False;True;False;False;1;False;True;1.0753611596517751;3.7494239788279136
inadimplencia_livres_PJ_aquisicao_de_bens_total;Monthly;Mensal;0;nível;0;184;False;False;False;True;1;False;True;1.350421855780194;2.158722518407365
inadimplencia_livres_PJ_aquisicao_de_bens_total;Monthly;Mensal;1;diff;1;183;False;True;True;False;2;False;True;0.7101107833691056;0.784221174964306
inadimplencia_livres_PJ_aquisicao_de_bens_total;Monthly;Mensal;2;log;1;184;False;False;False;True;1;False;True;1.3034315386734407;2.6200845409034668
inadimplencia_livres_PJ_aquisicao_de_bens_total;Monthly;Mensal;3;log→diff;3;183;False;True;True;True;3;True;True;1.0852728458992629;3.499900279503572
inadimplencia_livres_PJ_aquisicao_de_bens_total;Monthly;Mensal;4;boxcox;1;184;False;False;False;True;1;False;True;1.312681196292422;1.8449911663948206
inadimplencia_livres_PJ_aquisicao_de_bens_total;Monthly;Mensal;5;boxcox→diff;2;183;False;True;True;True;3;True;True;0.5938754239676913;1.1042089309883625
inadimplencia_livres_PJ_aquisicao_de_bens_total;Monthly;Mensal;6;yeojohnson;1;184;False;False;False;True;1;False;True;1.329900612776476;1.8428419283787159
inadimplencia_livres_PJ_aquisicao_de_bens_total;Monthly;Mensal;7;yeojohnson→diff;2;183;False;True;True;False;2;False;True;0.616771032387242;1.0654302875444701
inadimplencia_livres_PJ_aquisicao_de_bens_total;Monthly;Anual;8;sdiff12;1;172;False;True;False;False;1;False;True;1.3790385413561816;1.9425759843174506
inadimplencia_livres_PJ_aquisicao_de_bens_total;Monthly;Anual;9;sdiff12→diff;2;171;True;True;True;True;4;True;True;0.5349121600739727;0.6720530296903361
inadimplencia_livres_PJ_aquisicao_de_bens_total;Monthly;Anual;10;log→sdiff12;3;172;False;True;False;False;1;False;True;0.9997621638398151;2.2458471159567344
inadimplencia_livres_PJ_aquisicao_de_bens_total;Monthly;Anual;11;log→sdiff12→diff;4;171;True;True;True;True;4;True;True;0.9713202717654589;3.243048857214036
inadimplencia_livres_PJ_aquisicao_de_bens_total;Monthly;Anual;12;boxcox→sdiff12→diff;3;171;True;True;True;True;4;True;True;0.4331977633650067;0.7701350149677298
inadimplencia_livres_PJ_aquisicao_de_bens_total;Monthly;Mensal;13;mom_pct;1;183;False;True;True;True;3;True;True;1.130238312402737;4.263284362876371
inadimplencia_livres_PJ_aquisicao_de_bens_total;Monthly;Anual;14;mom_pct_annual_rate;1;183;False;True;True;True;3;True;True;1.130238312402737;4.263284362876371
inadimplencia_livres_PJ_aquisicao_de_bens_total;Monthly;Anual;15;yoy_pct_monthly;1;172;False;False;False;False;0;False;True;0.8626055165717561;1.4468107984701688
inadimplencia_livres_PJ_arrendamento_mercantil_total;Monthly;Mensal;0;nível;0;184;False;False;False;False;0;False;True;0.931464796715545;1.8403598695683256
inadimplencia_livres_PJ_arrendamento_mercantil_total;Monthly;Mensal;1;diff;1;183;True;True;True;True;4;True;True;0.8617118786173779;2.3303469100787284
inadimplencia_livres_PJ_arrendamento_mercantil_total;Monthly;Mensal;2;log;1;184;False;False;False;False;0;False;True;1.1862394177200348;1.8694434190942564
inadimplencia_livres_PJ_arrendamento_mercantil_total;Monthly;Mensal;3;log→diff;3;183;True;True;True;True;4;True;True;0.9104376791158296;2.1281756581617293
inadimplencia_livres_PJ_arrendamento_mercantil_total;Monthly;Mensal;4;boxcox;1;184;False;False;False;False;0;False;True;1.0485558761007066;1.7234963226337134
inadimplencia_livres_PJ_arrendamento_mercantil_total;Monthly;Mensal;5;boxcox→diff;2;183;True;True;True;True;4;True;True;0.8494227311688131;1.5241416062125341
inadimplencia_livres_PJ_arrendamento_mercantil_total;Monthly;Mensal;6;yeojohnson;1;184;False;False;False;False;0;False;True;0.9986380381067514;2.2238701919260504
inadimplencia_livres_PJ_arrendamento_mercantil_total;Monthly;Mensal;7;yeojohnson→diff;2;183;True;True;True;True;4;True;True;0.9392174629390767;1.1827270331022846
inadimplencia_livres_PJ_arrendamento_mercantil_total;Monthly;Anual;8;sdiff12;1;172;False;True;True;False;2;False;True;0.5792854443208459;0.8853808518687027
inadimplencia_livres_PJ_arrendamento_mercantil_total;Monthly;Anual;9;sdiff12→diff;2;171;True;True;True;True;4;True;True;0.8065985480228345;2.5864339962924707
inadimplencia_livres_PJ_arrendamento_mercantil_total;Monthly;Anual;10;log→sdiff12;3;172;False;True;True;False;2;False;True;1.1467284551205952;3.0993827272250236
inadimplencia_livres_PJ_arrendamento_mercantil_total;Monthly;Anual;11;log→sdiff12→diff;4;171;True;True;True;True;4;True;True;0.9283870403766525;2.24919265642216
inadimplencia_livres_PJ_arrendamento_mercantil_total;Monthly;Anual;12;boxcox→sdiff12→diff;3;171;True;True;True;True;4;True;True;0.8908782934765059;1.2308192077892042
inadimplencia_livres_PJ_arrendamento_mercantil_total;Monthly;Mensal;13;mom_pct;1;183;True;True;True;True;4;True;True;0.9173667044509126;2.1139091234992677
inadimplencia_livres_PJ_arrendamento_mercantil_total;Monthly;Anual;14;mom_pct_annual_rate;1;183;True;True;True;True;4;True;True;0.9173667044509126;2.1139091234992677
inadimplencia_livres_PJ_arrendamento_mercantil_total;Monthly;Anual;15;yoy_pct_monthly;1;172;False;True;True;True;3;True;True;1.2148272084441076;5.773700280652625
inadimplencia_livres_PJ_cartao_de_credito_total;Monthly;Mensal;0;nível;0;184;False;False;False;False;0;False;True;1.0819046771821488;2.187395645609474
inadimplencia_livres_PJ_cartao_de_credito_total;Monthly;Mensal;1;diff;1;183;True;True;True;False;3;True;True;1.2201202407252707;1.460501371574232
inadimplencia_livres_PJ_cartao_de_credito_total;Monthly;Mensal;2;log;1;184;False;False;False;False;0;False;True;0.7183206525247063;1.4106440092031323
inadimplencia_livres_PJ_cartao_de_credito_total;Monthly;Mensal;3;log→diff;3;183;True;True;True;False;3;True;True;0.8102957800774763;1.831686536273269
inadimplencia_livres_PJ_cartao_de_credito_total;Monthly;Mensal;4;boxcox;1;184;False;False;False;False;0;False;True;0.751636029161395;1.680911581388601
inadimplencia_livres_PJ_cartao_de_credito_total;Monthly;Mensal;5;boxcox→diff;2;183;True;True;True;False;3;True;True;0.9716390857014567;1.0205767608342327
inadimplencia_livres_PJ_cartao_de_credito_total;Monthly;Mensal;6;yeojohnson;1;184;False;False;False;False;0;False;True;0.7490759932752353;1.6495531275048505
inadimplencia_livres_PJ_cartao_de_credito_total;Monthly;Mensal;7;yeojohnson→diff;2;183;True;True;True;False;3;True;True;0.9530475917131102;1.0112885391005757
inadimplencia_livres_PJ_cartao_de_credito_total;Monthly;Anual;8;sdiff12;1;172;False;True;False;True;2;False;True;1.1557684966809458;1.1877818791004535
inadimplencia_livres_PJ_cartao_de_credito_total;Monthly;Anual;9;sdiff12→diff;2;171;True;True;True;False;3;True;True;1.0126965994750545;1.6298867073750742
inadimplencia_livres_PJ_cartao_de_credito_total;Monthly;Anual;10;log→sdiff12;3;172;False;True;True;True;3;True;True;0.6935092703125775;1.2195462130953123
inadimplencia_livres_PJ_cartao_de_credito_total;Monthly;Anual;11;log→sdiff12→diff;4;171;True;True;True;False;3;True;True;0.6898824581814121;0.8707657207637106
inadimplencia_livres_PJ_cartao_de_credito_total;Monthly;Anual;12;boxcox→sdiff12→diff;3;171;True;True;True;False;3;True;True;0.8592398140940437;1.2097608143200809
inadimplencia_livres_PJ_cartao_de_credito_total;Monthly;Mensal;13;mom_pct;1;183;True;True;True;False;3;True;True;0.8206562815057055;1.9130918481628971
inadimplencia_livres_PJ_cartao_de_credito_total;Monthly;Anual;14;mom_pct_annual_rate;1;183;True;True;True;False;3;True;True;0.8206562815057055;1.9130918481628971
inadimplencia_livres_PJ_cartao_de_credito_total;Monthly;Anual;15;yoy_pct_monthly;1;172;False;True;True;True;3;True;True;0.8230245019543337;1.0350756279649835
inadimplencia_livres_PF_total;Monthly;Mensal;0;nível;0;184;False;True;False;True;2;False;True;0.7422622769478566;1.0988528953490186
inadimplencia_livres_PF_total;Monthly;Mensal;1;diff;1;183;True;True;True;True;4;True;True;0.5831511570405261;0.9334212256548357
inadimplencia_livres_PF_total;Monthly;Mensal;2;log;1;184;False;True;False;True;2;False;True;0.8453537471934435;1.081361653364049
inadimplencia_livres_PF_total;Monthly;Mensal;3;log→diff;3;183;True;True;True;True;4;True;True;0.7053108933394534;1.0046180588961136
inadimplencia_livres_PF_total;Monthly;Mensal;4;boxcox;1;184;False;True;False;True;2;False;True;0.7461733914820844;1.110891843115303
inadimplencia_livres_PF_total;Monthly;Mensal;5;boxcox→diff;2;183;True;True;True;True;4;True;True;0.5902056147213556;0.9278824240736178
inadimplencia_livres_PF_total;Monthly;Mensal;6;yeojohnson;1;184;False;True;False;True;2;False;True;0.7456987632356343;1.1159439794878174
inadimplencia_livres_PF_total;Monthly;Mensal;7;yeojohnson→diff;2;183;True;True;True;True;4;True;True;0.5894483720744456;0.9282225208594133
inadimplencia_livres_PF_total;Monthly;Anual;8;sdiff12;1;172;True;True;False;False;2;False;True;0.6953932265513358;1.2348599363684114
inadimplencia_livres_PF_total;Monthly;Anual;9;sdiff12→diff;2;171;True;True;True;True;4;True;True;0.5935571061745882;0.9564758993680748
inadimplencia_livres_PF_total;Monthly;Anual;10;log→sdiff12;3;172;True;True;True;False;3;True;True;0.8329473176314114;1.3109615530545906
inadimplencia_livres_PF_total;Monthly;Anual;11;log→sdiff12→diff;4;171;True;True;True;True;4;True;True;0.7534006623459415;1.2332574662002342
inadimplencia_livres_PF_total;Monthly;Anual;12;boxcox→sdiff12→diff;3;171;True;True;True;True;4;True;True;0.6039538087329797;0.9907505537001796
inadimplencia_livres_PF_total;Monthly;Mensal;13;mom_pct;1;183;True;True;True;True;4;True;True;0.6979648538107917;1.0107405599136459
inadimplencia_livres_PF_total;Monthly;Anual;14;mom_pct_annual_rate;1;183;True;True;True;True;4;True;True;0.6979648538107917;1.0107405599136459
inadimplencia_livres_PF_total;Monthly;Anual;15;yoy_pct_monthly;1;172;True;True;True;False;3;True;True;0.8516203232602477;1.2182160582001142
inadimplencia_livres_PF_cheque_especial;Monthly;Mensal;0;nível;0;184;True;True;False;False;2;False;True;1.206722866199059;0.9124612157445311
inadimplencia_livres_PF_cheque_especial;Monthly;Mensal;1;diff;1;183;True;True;True;False;3;True;True;0.759803172330463;1.260780284236382
inadimplencia_livres_PF_cheque_especial;Monthly;Mensal;2;log;1;184;False;True;True;False;2;False;True;1.2490167309080917;1.0472409045000477
inadimplencia_livres_PF_cheque_especial;Monthly;Mensal;3;log→diff;3;183;True;True;True;False;3;True;True;0.7756082178742503;1.4583570161023898
inadimplencia_livres_PF_cheque_especial;Monthly;Mensal;4;boxcox;1;184;True;True;False;False;2;False;True;1.1849834746812415;0.8299655183357908
inadimplencia_livres_PF_cheque_especial;Monthly;Mensal;5;boxcox→diff;2;183;True;True;True;False;3;True;True;0.7482675206901287;1.1338079216304242
inadimplencia_livres_PF_cheque_especial;Monthly;Mensal;6;yeojohnson;1;184;True;True;False;False;2;False;True;1.1850401051213102;0.8266224411276256
inadimplencia_livres_PF_cheque_especial;Monthly;Mensal;7;yeojohnson→diff;2;183;True;True;True;False;3;True;True;0.7478063938905197;1.129686892492532
inadimplencia_livres_PF_cheque_especial;Monthly;Anual;8;sdiff12;1;172;True;True;True;False;3;True;True;1.079499373075364;1.1568638760985916
inadimplencia_livres_PF_cheque_especial;Monthly;Anual;9;sdiff12→diff;2;171;True;True;True;True;4;True;True;0.6856711272007174;1.2216337830444899
inadimplencia_livres_PF_cheque_especial;Monthly;Anual;10;log→sdiff12;3;172;True;True;True;False;3;True;True;1.1277959484452353;1.2742874641349198
inadimplencia_livres_PF_cheque_especial;Monthly;Anual;11;log→sdiff12→diff;4;171;True;True;True;True;4;True;True;0.724247275671612;1.3068467274882656
inadimplencia_livres_PF_cheque_especial;Monthly;Anual;12;boxcox→sdiff12→diff;3;171;True;True;True;True;4;True;True;0.6609022839031905;1.1845367459720286
inadimplencia_livres_PF_cheque_especial;Monthly;Mensal;13;mom_pct;1;183;True;True;True;False;3;True;True;0.77518059848449;1.469095929063212
inadimplencia_livres_PF_cheque_especial;Monthly;Anual;14;mom_pct_annual_rate;1;183;True;True;True;False;3;True;True;0.77518059848449;1.469095929063212
inadimplencia_livres_PF_cheque_especial;Monthly;Anual;15;yoy_pct_monthly;1;172;True;True;True;False;3;True;True;0.9472824229456657;1.204534310296653
inadimplencia_livres_PF_credito_pessoal_nao_consignado_total;Monthly;Mensal;0;nível;0;184;True;True;False;True;3;True;True;0.7799292967863735;1.491676575592183
inadimplencia_livres_PF_credito_pessoal_nao_consignado_total;Monthly;Mensal;1;diff;1;183;True;True;True;True;4;True;True;0.6317660131650387;1.10624108161802
inadimplencia_livres_PF_credito_pessoal_nao_consignado_total;Monthly;Mensal;2;log;1;184;True;True;False;True;3;True;True;0.9168169522547188;1.537604484133574
inadimplencia_livres_PF_credito_pessoal_nao_consignado_total;Monthly;Mensal;3;log→diff;3;183;True;True;True;True;4;True;True;0.5897323788048594;1.136742114437938
inadimplencia_livres_PF_credito_pessoal_nao_consignado_total;Monthly;Mensal;4;boxcox;1;184;True;True;False;True;3;True;True;0.7612480484365903;1.4255328739640798
inadimplencia_livres_PF_credito_pessoal_nao_consignado_total;Monthly;Mensal;5;boxcox→diff;2;183;True;True;True;True;4;True;True;0.6774939490781344;1.0442530769562475
inadimplencia_livres_PF_credito_pessoal_nao_consignado_total;Monthly;Mensal;6;yeojohnson;1;184;True;True;False;True;3;True;True;0.7613461870346268;1.42573635555
inadimplencia_livres_PF_credito_pessoal_nao_consignado_total;Monthly;Mensal;7;yeojohnson→diff;2;183;True;True;True;True;4;True;True;0.6783706139303538;1.0441304650278767
inadimplencia_livres_PF_credito_pessoal_nao_consignado_total;Monthly;Anual;8;sdiff12;1;172;True;True;False;True;3;True;True;0.6739510406974648;1.1261728324969227
inadimplencia_livres_PF_credito_pessoal_nao_consignado_total;Monthly;Anual;9;sdiff12→diff;2;171;True;True;True;True;4;True;True;0.46580648694081783;0.6698034894245454
inadimplencia_livres_PF_credito_pessoal_nao_consignado_total;Monthly;Anual;10;log→sdiff12;3;172;True;True;False;True;3;True;True;0.8371914055111823;1.3936475456996964
inadimplencia_livres_PF_credito_pessoal_nao_consignado_total;Monthly;Anual;11;log→sdiff12→diff;4;171;True;True;True;True;4;True;True;0.5384927109755809;0.8037601268543267
inadimplencia_livres_PF_credito_pessoal_nao_consignado_total;Monthly;Anual;12;boxcox→sdiff12→diff;3;171;True;True;True;True;4;True;True;0.4850951821182725;0.7056939109019026
inadimplencia_livres_PF_credito_pessoal_nao_consignado_total;Monthly;Mensal;13;mom_pct;1;183;True;True;True;True;4;True;True;0.5788386682472108;1.1354255143605343
inadimplencia_livres_PF_credito_pessoal_nao_consignado_total;Monthly;Anual;14;mom_pct_annual_rate;1;183;True;True;True;True;4;True;True;0.5788386682472108;1.1354255143605343
inadimplencia_livres_PF_credito_pessoal_nao_consignado_total;Monthly;Anual;15;yoy_pct_monthly;1;172;True;True;False;True;3;True;True;0.8747218471011807;1.3858538423625342
inadimplencia_livres_PF_credito_pessoal_consignado_total;Monthly;Mensal;0;nível;0;184;False;True;False;False;1;False;True;1.1648282248420145;3.8806005861830895
inadimplencia_livres_PF_credito_pessoal_consignado_total;Monthly;Mensal;1;diff;1;183;True;True;True;True;4;True;True;0.7375543652452364;1.2507724413695642
inadimplencia_livres_PF_credito_pessoal_consignado_total;Monthly;Mensal;2;log;1;184;False;True;False;False;1;False;True;1.1328226074595953;3.732165289546612
inadimplencia_livres_PF_credito_pessoal_consignado_total;Monthly;Mensal;3;log→diff;3;183;True;True;True;True;4;True;True;0.6774700021121133;1.367924519399011
inadimplencia_livres_PF_credito_pessoal_consignado_total;Monthly;Mensal;4;boxcox;1;184;False;True;False;False;1;False;True;1.052862673450369;2.819118049498425
inadimplencia_livres_PF_credito_pessoal_consignado_total;Monthly;Mensal;5;boxcox→diff;2;183;True;True;True;True;4;True;True;0.6741530717228258;1.42794248397755
inadimplencia_livres_PF_credito_pessoal_consignado_total;Monthly;Mensal;6;yeojohnson;1;184;False;True;False;False;1;False;True;1.0546076439796517;2.820056606994545
inadimplencia_livres_PF_credito_pessoal_consignado_total;Monthly;Mensal;7;yeojohnson→diff;2;183;True;True;True;True;4;True;True;0.6684042497445719;1.4178385550862211
inadimplencia_livres_PF_credito_pessoal_consignado_total;Monthly;Anual;8;sdiff12;1;172;False;True;False;False;1;False;True;1.0526057503423603;3.3052047780346987
inadimplencia_livres_PF_credito_pessoal_consignado_total;Monthly;Anual;9;sdiff12→diff;2;171;True;True;True;True;4;True;True;0.6792625241279352;0.7893648825485731
inadimplencia_livres_PF_credito_pessoal_consignado_total;Monthly;Anual;10;log→sdiff12;3;172;False;True;False;False;1;False;True;1.0112437806347867;3.065002314349172
inadimplencia_livres_PF_credito_pessoal_consignado_total;Monthly;Anual;11;log→sdiff12→diff;4;171;True;True;True;True;4;True;True;0.6152715476745927;0.9992173554474383
inadimplencia_livres_PF_credito_pessoal_consignado_total;Monthly;Anual;12;boxcox→sdiff12→diff;3;171;True;True;True;True;4;True;True;0.6446475465357968;1.3883989949772688
inadimplencia_livres_PF_credito_pessoal_consignado_total;Monthly;Mensal;13;mom_pct;1;183;True;True;True;True;4;True;True;0.6930626852233926;1.4116824753880346
inadimplencia_livres_PF_credito_pessoal_consignado_total;Monthly;Anual;14;mom_pct_annual_rate;1;183;True;True;True;True;4;True;True;0.6930626852233926;1.4116824753880346
inadimplencia_livres_PF_credito_pessoal_consignado_total;Monthly;Anual;15;yoy_pct_monthly;1;172;False;True;False;False;1;False;True;1.1008053128071893;3.0446777274013748
inadimplencia_livres_PF_aquisicao_de_bens_total;Monthly;Mensal;0;nível;0;184;False;True;False;True;2;False;True;0.9510902131988135;1.6495025797403884
inadimplencia_livres_PF_aquisicao_de_bens_total;Monthly;Mensal;1;diff;1;183;True;True;True;False;3;True;True;0.663527731963979;1.6384807763776588
inadimplencia_livres_PF_aquisicao_de_bens_total;Monthly;Mensal;2;log;1;184;False;True;False;False;1;False;True;0.8103076444117457;0.9389222921839365
inadimplencia_livres_PF_aquisicao_de_bens_total;Monthly;Mensal;3;log→diff;3;183;True;True;True;True;4;True;True;0.7534520647405525;1.3697557840044683
inadimplencia_livres_PF_aquisicao_de_bens_total;Monthly;Mensal;4;boxcox;1;184;False;True;False;False;1;False;True;0.7948753863305722;0.923171077239672
inadimplencia_livres_PF_aquisicao_de_bens_total;Monthly;Mensal;5;boxcox→diff;2;183;True;True;True;True;4;True;True;0.7920502170355033;1.2038866833655724
inadimplencia_livres_PF_aquisicao_de_bens_total;Monthly;Mensal;6;yeojohnson;1;184;False;True;False;False;1;False;True;0.7951292284593374;0.9332212731899557
inadimplencia_livres_PF_aquisicao_de_bens_total;Monthly;Mensal;7;yeojohnson→diff;2;183;True;True;True;True;4;True;True;0.7868929190006833;1.1942083860697121
inadimplencia_livres_PF_aquisicao_de_bens_total;Monthly;Anual;8;sdiff12;1;172;True;True;True;False;3;True;True;0.9983090207335341;1.2120975974158814
inadimplencia_livres_PF_aquisicao_de_bens_total;Monthly;Anual;9;sdiff12→diff;2;171;True;True;True;True;4;True;True;0.5986971236350069;0.9477534626219147
inadimplencia_livres_PF_aquisicao_de_bens_total;Monthly;Anual;10;log→sdiff12;3;172;True;True;True;False;3;True;True;0.7719654477743514;1.1361393629677718
inadimplencia_livres_PF_aquisicao_de_bens_total;Monthly;Anual;11;log→sdiff12→diff;4;171;True;True;True;True;4;True;True;0.7946986650346142;1.2708250116357696
inadimplencia_livres_PF_aquisicao_de_bens_total;Monthly;Anual;12;boxcox→sdiff12→diff;3;171;True;True;True;True;4;True;True;0.8468147610208225;1.3826341556992718
inadimplencia_livres_PF_aquisicao_de_bens_total;Monthly;Mensal;13;mom_pct;1;183;True;True;True;True;4;True;True;0.7499507168487944;1.4167264028970192
inadimplencia_livres_PF_aquisicao_de_bens_total;Monthly;Anual;14;mom_pct_annual_rate;1;183;True;True;True;True;4;True;True;0.7499507168487944;1.4167264028970192
inadimplencia_livres_PF_aquisicao_de_bens_total;Monthly;Anual;15;yoy_pct_monthly;1;172;True;True;True;False;3;True;True;0.8970704332951713;1.3004755171368405
inadimplencia_livres_PF_arrendamento_mercantil_total;Monthly;Mensal;0;nível;0;184;False;False;False;False;0;False;True;1.0874087952426046;1.329416845953731
inadimplencia_livres_PF_arrendamento_mercantil_total;Monthly;Mensal;1;diff;1;183;False;True;True;True;3;True;True;2.2544710722075227;7.500202532867033
inadimplencia_livres_PF_arrendamento_mercantil_total;Monthly;Mensal;2;log;1;0;;;;;0;False;False;;
inadimplencia_livres_PF_arrendamento_mercantil_total;Monthly;Mensal;3;log→diff;3;0;;;;;0;False;False;;
inadimplencia_livres_PF_arrendamento_mercantil_total;Monthly;Mensal;4;boxcox;1;0;;;;;0;False;False;;
inadimplencia_livres_PF_arrendamento_mercantil_total;Monthly;Mensal;5;boxcox→diff;2;0;;;;;0;False;False;;
inadimplencia_livres_PF_arrendamento_mercantil_total;Monthly;Mensal;6;yeojohnson;1;184;False;False;False;False;0;False;True;1.21078775041038;1.5748244643222675
inadimplencia_livres_PF_arrendamento_mercantil_total;Monthly;Mensal;7;yeojohnson→diff;2;183;True;True;True;True;4;True;True;1.772763159610831;20.21104054546994
inadimplencia_livres_PF_arrendamento_mercantil_total;Monthly;Anual;8;sdiff12;1;172;False;True;True;False;2;False;True;1.3099244451973833;2.3587501539735376
inadimplencia_livres_PF_arrendamento_mercantil_total;Monthly;Anual;9;sdiff12→diff;2;171;True;True;True;True;4;True;True;2.765919898918936;0.867957473597445
inadimplencia_livres_PF_arrendamento_mercantil_total;Monthly;Anual;10;log→sdiff12;3;0;;;;;0;False;False;;
inadimplencia_livres_PF_arrendamento_mercantil_total;Monthly;Anual;11;log→sdiff12→diff;4;0;;;;;0;False;False;;
inadimplencia_livres_PF_arrendamento_mercantil_total;Monthly;Anual;12;boxcox→sdiff12→diff;3;0;;;;;0;False;False;;
inadimplencia_livres_PF_arrendamento_mercantil_total;Monthly;Mensal;13;mom_pct;1;183;True;True;True;True;4;True;True;1.6961877733124993;129.31921046843865
inadimplencia_livres_PF_arrendamento_mercantil_total;Monthly;Anual;14;mom_pct_annual_rate;1;183;True;True;True;True;4;True;True;1.6961877733124993;129.31921046843865
inadimplencia_livres_PF_arrendamento_mercantil_total;Monthly;Anual;15;yoy_pct_monthly;1;172;True;True;True;True;4;True;True;2.995634216827717;10.730887263549144
inadimplencia_livres_PF_cartao_de_credito_total;Monthly;Mensal;0;nível;0;184;False;True;False;True;2;False;True;1.0525378364391076;1.3330903767947693
inadimplencia_livres_PF_cartao_de_credito_total;Monthly;Mensal;1;diff;1;183;True;True;True;True;4;True;True;0.9311553986923053;0.9377795029103729
inadimplencia_livres_PF_cartao_de_credito_total;Monthly;Mensal;2;log;1;184;True;True;False;True;3;True;True;1.3199002579558927;1.3265973670501872
inadimplencia_livres_PF_cartao_de_credito_total;Monthly;Mensal;3;log→diff;3;183;True;True;True;True;4;True;True;1.2435720436707192;1.1602444848792268
inadimplencia_livres_PF_cartao_de_credito_total;Monthly;Mensal;4;boxcox;1;184;False;True;False;True;2;False;True;0.8577473626996821;1.1410097888992035
inadimplencia_livres_PF_cartao_de_credito_total;Monthly;Mensal;5;boxcox→diff;2;183;True;True;True;True;4;True;True;0.6872869270486499;1.0092313303700855
inadimplencia_livres_PF_cartao_de_credito_total;Monthly;Mensal;6;yeojohnson;1;184;False;True;False;True;2;False;True;0.8564549488386806;1.1370908215781776
inadimplencia_livres_PF_cartao_de_credito_total;Monthly;Mensal;7;yeojohnson→diff;2;183;True;True;True;True;4;True;True;0.6837081258977337;1.0088553241703306
inadimplencia_livres_PF_cartao_de_credito_total;Monthly;Anual;8;sdiff12;1;172;True;True;False;True;3;True;True;1.098699543764517;1.7940978362487767
inadimplencia_livres_PF_cartao_de_credito_total;Monthly;Anual;9;sdiff12→diff;2;171;True;True;True;True;4;True;True;1.0615192532517392;1.3655653989162837
inadimplencia_livres_PF_cartao_de_credito_total;Monthly;Anual;10;log→sdiff12;3;172;True;True;True;True;4;True;True;1.3990360762765113;2.4659426198612495
inadimplencia_livres_PF_cartao_de_credito_total;Monthly;Anual;11;log→sdiff12→diff;4;171;True;True;True;True;4;True;True;1.3430325299832915;2.5801461724967525
inadimplencia_livres_PF_cartao_de_credito_total;Monthly;Anual;12;boxcox→sdiff12→diff;3;171;True;True;True;True;4;True;True;0.7454550612017998;0.822423541444864
inadimplencia_livres_PF_cartao_de_credito_total;Monthly;Mensal;13;mom_pct;1;183;True;True;True;True;4;True;True;1.2288710542271122;1.2806618587830183
inadimplencia_livres_PF_cartao_de_credito_total;Monthly;Anual;14;mom_pct_annual_rate;1;183;True;True;True;True;4;True;True;1.2288710542271122;1.2806618587830183
inadimplencia_livres_PF_cartao_de_credito_total;Monthly;Anual;15;yoy_pct_monthly;1;172;False;True;False;True;2;False;True;1.375131927384249;3.8900160736295457
concessoes_livres_total;Monthly;Mensal;0;nível;0;184;False;False;False;False;0;False;True;0.7122062558810963;1.2391490666627276
concessoes_livres_total;Monthly;Mensal;1;diff;1;183;True;True;True;True;4;True;True;0.4157488278826217;0.36595375249404966
concessoes_livres_total;Monthly;Mensal;2;log;1;184;False;False;False;False;0;False;True;0.7103326315362339;1.2981574381636958
concessoes_livres_total;Monthly;Mensal;3;log→diff;3;183;True;True;True;True;4;True;True;0.45891298872711733;0.35658920253079546
concessoes_livres_total;Monthly;Mensal;4;boxcox;1;184;False;False;False;False;0;False;True;0.7227111787602909;1.4161052955931015
concessoes_livres_total;Monthly;Mensal;5;boxcox→diff;2;183;True;True;True;True;4;True;True;0.4898944783500817;0.5560891341659119
concessoes_livres_total;Monthly;Mensal;6;yeojohnson;1;184;False;False;False;False;0;False;True;0.7227111920064803;1.4161052557140268
concessoes_livres_total;Monthly;Mensal;7;yeojohnson→diff;2;183;True;True;True;True;4;True;True;0.489894472936904;0.5560889220857917
concessoes_livres_total;Monthly;Anual;8;sdiff12;1;172;False;False;True;False;1;False;True;0.7370281932575523;1.59325320545729
concessoes_livres_total;Monthly;Anual;9;sdiff12→diff;2;171;True;True;True;True;4;True;True;0.48118926177979926;0.3677461114163746
concessoes_livres_total;Monthly;Anual;10;log→sdiff12;3;172;False;False;True;False;1;False;True;0.7356886201976384;1.3819423255759882
concessoes_livres_total;Monthly;Anual;11;log→sdiff12→diff;4;171;True;True;True;False;3;True;True;0.518426794745818;0.43718499960434826
concessoes_livres_total;Monthly;Anual;12;boxcox→sdiff12→diff;3;171;True;True;True;False;3;True;True;0.5413391248477014;0.5689463928245344
concessoes_livres_total;Monthly;Mensal;13;mom_pct;1;183;True;True;True;True;4;True;True;0.41699477819654973;0.3709231409964432
concessoes_livres_total;Monthly;Anual;14;mom_pct_annual_rate;1;183;True;True;True;True;4;True;True;0.41699477819654973;0.3709231409964432
concessoes_livres_total;Monthly;Anual;15;yoy_pct_monthly;1;172;False;False;True;False;1;False;True;0.7838180504245847;1.3564794149074668
concessoes_livres_PJ_desconto_de_duplicatas_e_recebveis;Monthly;Mensal;0;nível;0;184;False;False;False;False;0;False;True;1.328093102149737;2.5209911552458855
concessoes_livres_PJ_desconto_de_duplicatas_e_recebveis;Monthly;Mensal;1;diff;1;183;True;True;True;True;4;True;True;1.7169296239194196;4.189928103507745
concessoes_livres_PJ_desconto_de_duplicatas_e_recebveis;Monthly;Mensal;2;log;1;184;False;False;False;False;0;False;True;0.9837533233452408;1.0510787117933993
concessoes_livres_PJ_desconto_de_duplicatas_e_recebveis;Monthly;Mensal;3;log→diff;3;183;True;True;True;True;4;True;True;0.6299370727884807;1.1620583941855616
concessoes_livres_PJ_desconto_de_duplicatas_e_recebveis;Monthly;Mensal;4;boxcox;1;184;False;False;False;False;0;False;True;0.9536929390384392;0.9966133416051853
concessoes_livres_PJ_desconto_de_duplicatas_e_recebveis;Monthly;Mensal;5;boxcox→diff;2;183;True;True;True;True;4;True;True;0.5583462307339493;1.1586735599998144
concessoes_livres_PJ_desconto_de_duplicatas_e_recebveis;Monthly;Mensal;6;yeojohnson;1;184;False;False;False;False;0;False;True;0.95370043357023;0.9965393398044758
concessoes_livres_PJ_desconto_de_duplicatas_e_recebveis;Monthly;Mensal;7;yeojohnson→diff;2;183;True;True;True;True;4;True;True;0.5583465845657334;1.1587440831557507
concessoes_livres_PJ_desconto_de_duplicatas_e_recebveis;Monthly;Anual;8;sdiff12;1;172;True;True;True;True;4;True;True;1.216140219593237;7.929628613873767
concessoes_livres_PJ_desconto_de_duplicatas_e_recebveis;Monthly;Anual;9;sdiff12→diff;2;171;True;True;True;False;3;True;True;1.8029630177757978;2.8920342335584097
concessoes_livres_PJ_desconto_de_duplicatas_e_recebveis;Monthly;Anual;10;log→sdiff12;3;172;False;True;True;True;3;True;True;0.7458721824119426;1.5066211909759173
concessoes_livres_PJ_desconto_de_duplicatas_e_recebveis;Monthly;Anual;11;log→sdiff12→diff;4;171;True;True;True;True;4;True;True;0.535769713052994;0.6852925089979208
concessoes_livres_PJ_desconto_de_duplicatas_e_recebveis;Monthly;Anual;12;boxcox→sdiff12→diff;3;171;True;True;True;True;4;True;True;0.4620968248750126;0.8602310656193621
concessoes_livres_PJ_desconto_de_duplicatas_e_recebveis;Monthly;Mensal;13;mom_pct;1;183;True;True;True;True;4;True;True;0.5678283645655708;1.101804421152346
concessoes_livres_PJ_desconto_de_duplicatas_e_recebveis;Monthly;Anual;14;mom_pct_annual_rate;1;183;True;True;True;True;4;True;True;0.5678283645655708;1.101804421152346
concessoes_livres_PJ_desconto_de_duplicatas_e_recebveis;Monthly;Anual;15;yoy_pct_monthly;1;172;False;True;True;True;3;True;True;0.9185744754917379;1.5815341877829743
concessoes_livres_PJ_capital_de_giro_total;Monthly;Mensal;0;nível;0;184;False;False;True;False;1;False;True;1.0875907980318509;1.3284601329543861
concessoes_livres_PJ_capital_de_giro_total;Monthly;Mensal;1;diff;1;183;True;True;True;True;4;True;True;1.0112220534552825;1.819873971938257
concessoes_livres_PJ_capital_de_giro_total;Monthly;Mensal;2;log;1;184;False;False;True;False;1;False;True;0.976396226156229;1.483505076420648
concessoes_livres_PJ_capital_de_giro_total;Monthly;Mensal;3;log→diff;3;183;True;True;True;True;4;True;True;0.807787680384173;0.9646991450248097
concessoes_livres_PJ_capital_de_giro_total;Monthly;Mensal;4;boxcox;1;184;False;False;True;False;1;False;True;0.9203280160749054;1.3443081824506307
concessoes_livres_PJ_capital_de_giro_total;Monthly;Mensal;5;boxcox→diff;2;183;True;True;True;True;4;True;True;0.7689836522379866;1.322858624255616
concessoes_livres_PJ_capital_de_giro_total;Monthly;Mensal;6;yeojohnson;1;184;False;False;True;False;1;False;True;0.9203294404822939;1.3443204023207087
concessoes_livres_PJ_capital_de_giro_total;Monthly;Mensal;7;yeojohnson→diff;2;183;True;True;True;True;4;True;True;0.7689845898503883;1.3228322620971131
concessoes_livres_PJ_capital_de_giro_total;Monthly;Anual;8;sdiff12;1;172;False;True;True;False;2;False;True;1.3109457916680987;1.7799337601780798
concessoes_livres_PJ_capital_de_giro_total;Monthly;Anual;9;sdiff12→diff;2;171;True;True;True;True;4;True;True;0.913901096662692;0.960085116684573
concessoes_livres_PJ_capital_de_giro_total;Monthly;Anual;10;log→sdiff12;3;172;False;True;True;False;2;False;True;1.197165799375944;1.5942934047705206
concessoes_livres_PJ_capital_de_giro_total;Monthly;Anual;11;log→sdiff12→diff;4;171;True;True;True;True;4;True;True;0.7681341388483381;1.2185462383432768
concessoes_livres_PJ_capital_de_giro_total;Monthly;Anual;12;boxcox→sdiff12→diff;3;171;True;True;True;True;4;True;True;0.7433448123606208;1.276820765737061
concessoes_livres_PJ_capital_de_giro_total;Monthly;Mensal;13;mom_pct;1;183;True;True;True;True;4;True;True;0.7704592588697539;1.1016694031912715
concessoes_livres_PJ_capital_de_giro_total;Monthly;Anual;14;mom_pct_annual_rate;1;183;True;True;True;True;4;True;True;0.7704592588697539;1.1016694031912715
concessoes_livres_PJ_capital_de_giro_total;Monthly;Anual;15;yoy_pct_monthly;1;172;False;True;True;False;2;False;True;1.3205898935137868;2.1067375841942617
concessoes_livres_PJ_aquisicao_de_bens_total;Monthly;Mensal;0;nível;0;184;False;False;False;False;0;False;True;1.023681633976456;1.3377070933015671
concessoes_livres_PJ_aquisicao_de_bens_total;Monthly;Mensal;1;diff;1;183;True;True;True;True;4;True;True;0.8414565706783393;1.2859228742737951
concessoes_livres_PJ_aquisicao_de_bens_total;Monthly;Mensal;2;log;1;184;False;False;False;False;0;False;True;0.8427907406363423;2.361162449416022
concessoes_livres_PJ_aquisicao_de_bens_total;Monthly;Mensal;3;log→diff;3;183;True;True;True;True;4;True;True;0.5805925096821748;0.874343502436559
concessoes_livres_PJ_aquisicao_de_bens_total;Monthly;Mensal;4;boxcox;1;184;False;False;False;False;0;False;True;0.8719746371580801;1.8458257377010099
concessoes_livres_PJ_aquisicao_de_bens_total;Monthly;Mensal;5;boxcox→diff;2;183;True;True;True;True;4;True;True;0.6611194568771319;0.935095975478721
concessoes_livres_PJ_aquisicao_de_bens_total;Monthly;Mensal;6;yeojohnson;1;184;False;False;False;False;0;False;True;0.8720013741531042;1.8456946324589407
concessoes_livres_PJ_aquisicao_de_bens_total;Monthly;Mensal;7;yeojohnson→diff;2;183;True;True;True;True;4;True;True;0.6611645635730649;0.9351229530476247
concessoes_livres_PJ_aquisicao_de_bens_total;Monthly;Anual;8;sdiff12;1;172;False;True;True;False;2;False;True;0.9601883788491663;1.1911986135519386
concessoes_livres_PJ_aquisicao_de_bens_total;Monthly;Anual;9;sdiff12→diff;2;171;True;True;True;False;3;True;True;0.6509550269422638;0.8621731397906636
concessoes_livres_PJ_aquisicao_de_bens_total;Monthly;Anual;10;log→sdiff12;3;172;False;True;True;False;2;False;True;0.6868827833429393;1.2436395269913176
concessoes_livres_PJ_aquisicao_de_bens_total;Monthly;Anual;11;log→sdiff12→diff;4;171;True;True;True;False;3;True;True;0.45955953833416735;0.6080707423056252
concessoes_livres_PJ_aquisicao_de_bens_total;Monthly;Anual;12;boxcox→sdiff12→diff;3;171;True;True;True;False;3;True;True;0.4748142461973181;0.6382461699771852
concessoes_livres_PJ_aquisicao_de_bens_total;Monthly;Mensal;13;mom_pct;1;183;True;True;True;True;4;True;True;0.5494631481101392;0.8438723080143862
concessoes_livres_PJ_aquisicao_de_bens_total;Monthly;Anual;14;mom_pct_annual_rate;1;183;True;True;True;True;4;True;True;0.5494631481101392;0.8438723080143862
concessoes_livres_PJ_aquisicao_de_bens_total;Monthly;Anual;15;yoy_pct_monthly;1;172;False;True;True;False;2;False;True;0.9393015779063112;1.3371614844299506
concessoes_livres_PJ_arrendamento_mercantil_total;Monthly;Mensal;0;nível;0;184;True;False;True;False;2;False;True;0.319333474605256;0.37231800333131426
concessoes_livres_PJ_arrendamento_mercantil_total;Monthly;Mensal;1;diff;1;183;True;True;True;True;4;True;True;0.3200063921530223;0.47442904031788125
concessoes_livres_PJ_arrendamento_mercantil_total;Monthly;Mensal;2;log;1;184;False;False;True;False;1;False;True;0.4077382837544605;0.6476979426768867
concessoes_livres_PJ_arrendamento_mercantil_total;Monthly;Mensal;3;log→diff;3;183;True;True;True;True;4;True;True;0.47557906891857477;0.8034314281424568
concessoes_livres_PJ_arrendamento_mercantil_total;Monthly;Mensal;4;boxcox;1;184;False;False;True;False;1;False;True;0.5290908932648561;0.7833154131878216
concessoes_livres_PJ_arrendamento_mercantil_total;Monthly;Mensal;5;boxcox→diff;2;183;True;True;True;True;4;True;True;0.5708438847678468;0.8450408107350349
concessoes_livres_PJ_arrendamento_mercantil_total;Monthly;Mensal;6;yeojohnson;1;184;False;False;True;False;1;False;True;0.5290148001753349;0.7835397971660789
concessoes_livres_PJ_arrendamento_mercantil_total;Monthly;Mensal;7;yeojohnson→diff;2;183;True;True;True;True;4;True;True;0.5707862051594099;0.8451037668371119
concessoes_livres_PJ_arrendamento_mercantil_total;Monthly;Anual;8;sdiff12;1;172;True;False;True;False;2;False;True;0.3261971522336464;0.38802089809129003
concessoes_livres_PJ_arrendamento_mercantil_total;Monthly;Anual;9;sdiff12→diff;2;171;True;True;True;True;4;True;True;0.4526785872207463;0.5852723691035966
concessoes_livres_PJ_arrendamento_mercantil_total;Monthly;Anual;10;log→sdiff12;3;172;True;False;True;True;3;True;True;0.5154106051070317;0.9768492423451574
concessoes_livres_PJ_arrendamento_mercantil_total;Monthly;Anual;11;log→sdiff12→diff;4;171;True;True;True;True;4;True;True;0.56203061491405;1.1518320363470094
concessoes_livres_PJ_arrendamento_mercantil_total;Monthly;Anual;12;boxcox→sdiff12→diff;3;171;True;True;True;True;4;True;True;0.6000891621451097;1.2944732789849736
concessoes_livres_PJ_arrendamento_mercantil_total;Monthly;Mensal;13;mom_pct;1;183;True;True;True;True;4;True;True;0.7241095601223773;1.2004649737128013
concessoes_livres_PJ_arrendamento_mercantil_total;Monthly;Anual;14;mom_pct_annual_rate;1;183;True;True;True;True;4;True;True;0.7241095601223773;1.2004649737128013
concessoes_livres_PJ_arrendamento_mercantil_total;Monthly;Anual;15;yoy_pct_monthly;1;172;True;False;True;True;3;True;True;0.6914554005809879;1.299018825926866
concessoes_livres_PJ_cartao_de_credito_total;Monthly;Mensal;0;nível;0;184;False;False;False;False;0;False;True;1.0144416994133583;2.3669939500837662
concessoes_livres_PJ_cartao_de_credito_total;Monthly;Mensal;1;diff;1;183;True;True;True;True;4;True;True;0.7595424344895065;1.5160276958894794
concessoes_livres_PJ_cartao_de_credito_total;Monthly;Mensal;2;log;1;184;False;False;False;False;0;False;True;0.7044733674733695;1.0917740117766788
concessoes_livres_PJ_cartao_de_credito_total;Monthly;Mensal;3;log→diff;3;183;True;True;True;True;4;True;True;0.58554808160526;1.1581841582578072
concessoes_livres_PJ_cartao_de_credito_total;Monthly;Mensal;4;boxcox;1;184;False;False;False;False;0;False;True;0.7141128430420266;1.2012745124170618
concessoes_livres_PJ_cartao_de_credito_total;Monthly;Mensal;5;boxcox→diff;2;183;True;True;True;True;4;True;True;0.7237731485743468;1.3627428876867451
concessoes_livres_PJ_cartao_de_credito_total;Monthly;Mensal;6;yeojohnson;1;184;False;False;False;False;0;False;True;0.7141137455709774;1.2011857118778977
concessoes_livres_PJ_cartao_de_credito_total;Monthly;Mensal;7;yeojohnson→diff;2;183;True;True;True;True;4;True;True;0.7237719502519385;1.362677957596729
concessoes_livres_PJ_cartao_de_credito_total;Monthly;Anual;8;sdiff12;1;172;False;False;True;False;1;False;True;0.7396851595923922;1.3502157605673504
concessoes_livres_PJ_cartao_de_credito_total;Monthly;Anual;9;sdiff12→diff;2;171;True;True;True;True;4;True;True;0.7257887054831557;1.4994001904001275
concessoes_livres_PJ_cartao_de_credito_total;Monthly;Anual;10;log→sdiff12;3;172;False;True;True;False;2;False;True;0.8876057439911461;1.082251647812437
concessoes_livres_PJ_cartao_de_credito_total;Monthly;Anual;11;log→sdiff12→diff;4;171;True;True;True;True;4;True;True;0.4974051214537087;0.8938325875699015
concessoes_livres_PJ_cartao_de_credito_total;Monthly;Anual;12;boxcox→sdiff12→diff;3;171;True;True;True;False;3;True;True;0.6373694650313294;1.3113853863942198
concessoes_livres_PJ_cartao_de_credito_total;Monthly;Mensal;13;mom_pct;1;183;True;True;True;True;4;True;True;0.592451396731376;1.1700341519123723
concessoes_livres_PJ_cartao_de_credito_total;Monthly;Anual;14;mom_pct_annual_rate;1;183;True;True;True;True;4;True;True;0.592451396731376;1.1700341519123723
concessoes_livres_PJ_cartao_de_credito_total;Monthly;Anual;15;yoy_pct_monthly;1;172;False;True;True;False;2;False;True;0.97342528201882;0.7742616740567575
concessoes_livres_PF_cheque_especial;Monthly;Mensal;0;nível;0;184;False;False;True;False;1;False;True;1.122594023918131;1.1330422289052975
concessoes_livres_PF_cheque_especial;Monthly;Mensal;1;diff;1;183;True;True;True;False;3;True;True;0.44072258332450415;0.48797727520032746
concessoes_livres_PF_cheque_especial;Monthly;Mensal;2;log;1;184;False;False;False;False;0;False;True;1.3636368239247765;1.123305377991804
concessoes_livres_PF_cheque_especial;Monthly;Mensal;3;log→diff;3;183;True;True;True;False;3;True;True;0.42608571563527503;0.602724257880168
concessoes_livres_PF_cheque_especial;Monthly;Mensal;4;boxcox;1;184;False;False;True;False;1;False;True;0.8794859976602968;0.7414052705590313
concessoes_livres_PF_cheque_especial;Monthly;Mensal;5;boxcox→diff;2;183;True;True;True;False;3;True;True;0.523945498732669;0.6338906841100387
concessoes_livres_PF_cheque_especial;Monthly;Mensal;6;yeojohnson;1;184;False;False;True;False;1;False;True;0.8794856672392449;0.7414047862227289
concessoes_livres_PF_cheque_especial;Monthly;Mensal;7;yeojohnson→diff;2;183;True;True;True;False;3;True;True;0.5239457426688245;0.6338917165663724
concessoes_livres_PF_cheque_especial;Monthly;Anual;8;sdiff12;1;172;False;True;True;False;2;False;True;1.1888862443324928;0.5545652844780956
concessoes_livres_PF_cheque_especial;Monthly;Anual;9;sdiff12→diff;2;171;True;True;True;False;3;True;True;0.43164174486958756;0.4916852589157936
concessoes_livres_PF_cheque_especial;Monthly;Anual;10;log→sdiff12;3;172;False;True;True;True;3;True;True;1.4140184612375175;0.5760823968873018
concessoes_livres_PF_cheque_especial;Monthly;Anual;11;log→sdiff12→diff;4;171;True;True;True;False;3;True;True;0.44192507449821183;0.6651062093476191
concessoes_livres_PF_cheque_especial;Monthly;Anual;12;boxcox→sdiff12→diff;3;171;True;True;True;False;3;True;True;0.48179629586380895;0.7192756849771181
concessoes_livres_PF_cheque_especial;Monthly;Mensal;13;mom_pct;1;183;True;True;True;False;3;True;True;0.4326396557172091;0.5952251177329237
concessoes_livres_PF_cheque_especial;Monthly;Anual;14;mom_pct_annual_rate;1;183;True;True;True;False;3;True;True;0.4326396557172091;0.5952251177329237
concessoes_livres_PF_cheque_especial;Monthly;Anual;15;yoy_pct_monthly;1;172;False;True;True;True;3;True;True;1.3302721756615339;0.6772214894380898
concessoes_livres_PF_credito_pessoal_nao_consignado_total;Monthly;Mensal;0;nível;0;184;False;False;False;False;0;False;True;0.7847096146682186;1.1899419423058475
concessoes_livres_PF_credito_pessoal_nao_consignado_total;Monthly;Mensal;1;diff;1;183;True;True;True;False;3;True;True;0.7115589716746638;1.978891828940326
concessoes_livres_PF_credito_pessoal_nao_consignado_total;Monthly;Mensal;2;log;1;184;False;False;False;False;0;False;True;0.5706384919454329;0.927663436016529
concessoes_livres_PF_credito_pessoal_nao_consignado_total;Monthly;Mensal;3;log→diff;3;183;True;True;True;True;4;True;True;0.5881701197558121;0.7520245219877749
concessoes_livres_PF_credito_pessoal_nao_consignado_total;Monthly;Mensal;4;boxcox;1;184;False;False;False;False;0;False;True;0.5494102313502843;1.0013402187394786
concessoes_livres_PF_credito_pessoal_nao_consignado_total;Monthly;Mensal;5;boxcox→diff;2;183;True;True;True;True;4;True;True;0.573127659470721;0.6741792143218936
concessoes_livres_PF_credito_pessoal_nao_consignado_total;Monthly;Mensal;6;yeojohnson;1;184;False;False;False;False;0;False;True;0.5494115536582611;1.001347406820651
concessoes_livres_PF_credito_pessoal_nao_consignado_total;Monthly;Mensal;7;yeojohnson→diff;2;183;True;True;True;True;4;True;True;0.5731303357561384;0.6741867410046292
concessoes_livres_PF_credito_pessoal_nao_consignado_total;Monthly;Anual;8;sdiff12;1;172;False;True;True;True;3;True;True;0.8641143109000824;2.268489317937177
concessoes_livres_PF_credito_pessoal_nao_consignado_total;Monthly;Anual;9;sdiff12→diff;2;171;True;True;True;True;4;True;True;0.6889664880377884;1.7751232183671788
concessoes_livres_PF_credito_pessoal_nao_consignado_total;Monthly;Anual;10;log→sdiff12;3;172;False;True;True;False;2;False;True;0.6659810160818507;1.234821164804462
concessoes_livres_PF_credito_pessoal_nao_consignado_total;Monthly;Anual;11;log→sdiff12→diff;4;171;True;True;True;True;4;True;True;0.5739404695717751;0.7530001343279779
concessoes_livres_PF_credito_pessoal_nao_consignado_total;Monthly;Anual;12;boxcox→sdiff12→diff;3;171;True;True;True;True;4;True;True;0.5547557586615567;0.726840949211289
concessoes_livres_PF_credito_pessoal_nao_consignado_total;Monthly;Mensal;13;mom_pct;1;183;True;True;True;True;4;True;True;0.5619008999175535;0.7585583054028908
concessoes_livres_PF_credito_pessoal_nao_consignado_total;Monthly;Anual;14;mom_pct_annual_rate;1;183;True;True;True;True;4;True;True;0.5619008999175535;0.7585583054028908
concessoes_livres_PF_credito_pessoal_nao_consignado_total;Monthly;Anual;15;yoy_pct_monthly;1;172;False;True;True;True;3;True;True;0.7607040795246093;1.2751960411673429
concessoes_livres_PF_credito_pessoal_consignado_total;Monthly;Mensal;0;nível;0;184;True;True;True;True;4;True;True;0.8926004289218323;1.2819672744161477
concessoes_livres_PF_credito_pessoal_consignado_total;Monthly;Mensal;1;diff;1;183;True;True;True;True;4;True;True;0.7319261153001565;1.6142739753722577
concessoes_livres_PF_credito_pessoal_consignado_total;Monthly;Mensal;2;log;1;184;True;True;True;True;4;True;True;0.9671329130753459;1.0894725388146456
concessoes_livres_PF_credito_pessoal_consignado_total;Monthly;Mensal;3;log→diff;3;183;True;True;True;True;4;True;True;0.8541686255103066;1.1737568557499087
concessoes_livres_PF_credito_pessoal_consignado_total;Monthly;Mensal;4;boxcox;1;184;True;True;True;True;4;True;True;0.9407952070033044;1.0687363182791574
concessoes_livres_PF_credito_pessoal_consignado_total;Monthly;Mensal;5;boxcox→diff;2;183;True;True;True;True;4;True;True;0.8063758953286624;1.3798668002566796
concessoes_livres_PF_credito_pessoal_consignado_total;Monthly;Mensal;6;yeojohnson;1;184;True;True;True;True;4;True;True;0.940794500584402;1.0687345464484115
concessoes_livres_PF_credito_pessoal_consignado_total;Monthly;Mensal;7;yeojohnson→diff;2;183;True;True;True;True;4;True;True;0.8063754423665119;1.379855526577543
concessoes_livres_PF_credito_pessoal_consignado_total;Monthly;Anual;8;sdiff12;1;172;False;True;True;True;3;True;True;0.6591262907906624;1.249806455699405
concessoes_livres_PF_credito_pessoal_consignado_total;Monthly;Anual;9;sdiff12→diff;2;171;True;True;True;False;3;True;True;0.6406673042131934;1.3128955683410646
concessoes_livres_PF_credito_pessoal_consignado_total;Monthly;Anual;10;log→sdiff12;3;172;False;True;True;True;3;True;True;0.7260997385981298;1.1809669418803108
concessoes_livres_PF_credito_pessoal_consignado_total;Monthly;Anual;11;log→sdiff12→diff;4;171;True;True;True;False;3;True;True;0.7607910168826332;1.1919056185537924
concessoes_livres_PF_credito_pessoal_consignado_total;Monthly;Anual;12;boxcox→sdiff12→diff;3;171;True;True;True;False;3;True;True;0.7190200024727169;1.2775603414037915
concessoes_livres_PF_credito_pessoal_consignado_total;Monthly;Mensal;13;mom_pct;1;183;True;True;True;True;4;True;True;0.7918942377549881;1.3171927313309735
concessoes_livres_PF_credito_pessoal_consignado_total;Monthly;Anual;14;mom_pct_annual_rate;1;183;True;True;True;True;4;True;True;0.7918942377549881;1.3171927313309735
concessoes_livres_PF_credito_pessoal_consignado_total;Monthly;Anual;15;yoy_pct_monthly;1;172;False;True;True;True;3;True;True;0.8129071070884629;0.9031858193746236
concessoes_livres_PF_aquisicao_de_bens_total;Monthly;Mensal;0;nível;0;184;False;False;False;False;0;False;True;0.6628936556657143;1.7852922700631704
concessoes_livres_PF_aquisicao_de_bens_total;Monthly;Mensal;1;diff;1;183;True;True;True;True;4;True;True;0.5163567184153113;1.1080091772620713
concessoes_livres_PF_aquisicao_de_bens_total;Monthly;Mensal;2;log;1;184;False;False;True;False;1;False;True;0.8343291099094718;1.633891622948235
concessoes_livres_PF_aquisicao_de_bens_total;Monthly;Mensal;3;log→diff;3;183;True;True;True;True;4;True;True;0.7183421669268736;0.7355785770875569
concessoes_livres_PF_aquisicao_de_bens_total;Monthly;Mensal;4;boxcox;1;184;False;False;False;False;0;False;True;0.6638557862419895;1.800641779332304
concessoes_livres_PF_aquisicao_de_bens_total;Monthly;Mensal;5;boxcox→diff;2;183;True;True;True;True;4;True;True;0.5169293808868795;1.1051571453541986
concessoes_livres_PF_aquisicao_de_bens_total;Monthly;Mensal;6;yeojohnson;1;184;False;False;False;False;0;False;True;0.6638549845697034;1.80062902759671
concessoes_livres_PF_aquisicao_de_bens_total;Monthly;Mensal;7;yeojohnson→diff;2;183;True;True;True;True;4;True;True;0.5169288889213679;1.105159510487836
concessoes_livres_PF_aquisicao_de_bens_total;Monthly;Anual;8;sdiff12;1;172;False;False;True;False;1;False;True;0.5996529493618861;1.0200497536506812
concessoes_livres_PF_aquisicao_de_bens_total;Monthly;Anual;9;sdiff12→diff;2;171;True;True;True;False;3;True;True;0.5525708933565413;1.0157150605346728
concessoes_livres_PF_aquisicao_de_bens_total;Monthly;Anual;10;log→sdiff12;3;172;False;False;True;True;2;False;True;0.7899609764746737;1.5167846656136914
concessoes_livres_PF_aquisicao_de_bens_total;Monthly;Anual;11;log→sdiff12→diff;4;171;True;True;True;False;3;True;True;0.7205234241283162;1.0648192642766416
concessoes_livres_PF_aquisicao_de_bens_total;Monthly;Anual;12;boxcox→sdiff12→diff;3;171;True;True;True;False;3;True;True;0.5528458863101435;1.0255888557686597
concessoes_livres_PF_aquisicao_de_bens_total;Monthly;Mensal;13;mom_pct;1;183;True;True;True;True;4;True;True;0.7146251798338568;0.6101215366415511
concessoes_livres_PF_aquisicao_de_bens_total;Monthly;Anual;14;mom_pct_annual_rate;1;183;True;True;True;True;4;True;True;0.7146251798338568;0.6101215366415511
concessoes_livres_PF_aquisicao_de_bens_total;Monthly;Anual;15;yoy_pct_monthly;1;172;True;False;True;True;3;True;True;0.9920243482832847;1.1965924454237302
concessoes_livres_PF_arrendamento_mercantil_total;Monthly;Mensal;0;nível;0;184;False;False;True;False;1;False;True;2.9035719751916127;2.4500778108233146
concessoes_livres_PF_arrendamento_mercantil_total;Monthly;Mensal;1;diff;1;183;True;True;True;False;3;True;True;2.655042236206686;2.202447484322674
concessoes_livres_PF_arrendamento_mercantil_total;Monthly;Mensal;2;log;1;0;;;;;0;False;False;;
concessoes_livres_PF_arrendamento_mercantil_total;Monthly;Mensal;3;log→diff;3;0;;;;;0;False;False;;
concessoes_livres_PF_arrendamento_mercantil_total;Monthly;Mensal;4;boxcox;1;0;;;;;0;False;False;;
concessoes_livres_PF_arrendamento_mercantil_total;Monthly;Mensal;5;boxcox→diff;2;0;;;;;0;False;False;;
concessoes_livres_PF_arrendamento_mercantil_total;Monthly;Mensal;6;yeojohnson;1;184;True;False;True;False;2;False;True;1.3880730950598723;1.358554333234656
concessoes_livres_PF_arrendamento_mercantil_total;Monthly;Mensal;7;yeojohnson→diff;2;183;True;False;True;True;3;True;True;1.8768143350997932;1.9302506831080675
concessoes_livres_PF_arrendamento_mercantil_total;Monthly;Anual;8;sdiff12;1;172;True;False;True;False;2;False;True;2.551564321050484;1.5652547209168401
concessoes_livres_PF_arrendamento_mercantil_total;Monthly;Anual;9;sdiff12→diff;2;171;True;True;True;False;3;True;True;2.3054006860724052;1.4039715865484244
concessoes_livres_PF_arrendamento_mercantil_total;Monthly;Anual;10;log→sdiff12;3;0;;;;;0;False;False;;
concessoes_livres_PF_arrendamento_mercantil_total;Monthly;Anual;11;log→sdiff12→diff;4;0;;;;;0;False;False;;
concessoes_livres_PF_arrendamento_mercantil_total;Monthly;Anual;12;boxcox→sdiff12→diff;3;0;;;;;0;False;False;;
concessoes_livres_PF_arrendamento_mercantil_total;Monthly;Mensal;13;mom_pct;1;183;True;True;True;True;4;True;True;1.695575649832135;459.19388709004244
concessoes_livres_PF_arrendamento_mercantil_total;Monthly;Anual;14;mom_pct_annual_rate;1;183;True;True;True;True;4;True;True;1.695575649832135;459.19388709004244
concessoes_livres_PF_arrendamento_mercantil_total;Monthly;Anual;15;yoy_pct_monthly;1;172;True;True;True;True;4;True;True;1.5101091533420723;474.048040957131
concessoes_livres_PF_cartao_de_credito_total;Monthly;Mensal;0;nível;0;184;False;False;False;False;0;False;True;1.3623055644572655;1.0768599499411604
concessoes_livres_PF_cartao_de_credito_total;Monthly;Mensal;1;diff;1;183;True;True;True;True;4;True;True;0.5549152789184761;1.0738376621609869
concessoes_livres_PF_cartao_de_credito_total;Monthly;Mensal;2;log;1;184;False;False;False;False;0;False;True;1.084660753642295;1.0831904702890742
concessoes_livres_PF_cartao_de_credito_total;Monthly;Mensal;3;log→diff;3;183;True;True;True;True;4;True;True;0.4291619172788678;0.7917192075055173
concessoes_livres_PF_cartao_de_credito_total;Monthly;Mensal;4;boxcox;1;184;False;False;False;False;0;False;True;0.7760019127753455;0.8732565287398678
concessoes_livres_PF_cartao_de_credito_total;Monthly;Mensal;5;boxcox→diff;2;183;True;True;True;True;4;True;True;0.5951776881738035;1.0437744002337743
concessoes_livres_PF_cartao_de_credito_total;Monthly;Mensal;6;yeojohnson;1;184;False;False;False;False;0;False;True;0.7760026646269024;0.8732590210019359
concessoes_livres_PF_cartao_de_credito_total;Monthly;Mensal;7;yeojohnson→diff;2;183;True;True;True;True;4;True;True;0.595177487751534;1.043775762423025
concessoes_livres_PF_cartao_de_credito_total;Monthly;Anual;8;sdiff12;1;172;True;True;True;True;4;True;True;1.0700533849026004;2.4895916426293057
concessoes_livres_PF_cartao_de_credito_total;Monthly;Anual;9;sdiff12→diff;2;171;True;True;True;False;3;True;True;0.500491467931966;1.0129661933581027
concessoes_livres_PF_cartao_de_credito_total;Monthly;Anual;10;log→sdiff12;3;172;True;True;True;True;4;True;True;0.8971466204582883;1.8002771257477996
concessoes_livres_PF_cartao_de_credito_total;Monthly;Anual;11;log→sdiff12→diff;4;171;True;True;True;False;3;True;True;0.43008444223521325;0.7061436169124035
concessoes_livres_PF_cartao_de_credito_total;Monthly;Anual;12;boxcox→sdiff12→diff;3;171;True;True;True;False;3;True;True;0.5725669557519679;0.9301153143769848
concessoes_livres_PF_cartao_de_credito_total;Monthly;Mensal;13;mom_pct;1;183;True;True;True;True;4;True;True;0.42057453422044;0.809106326898114
concessoes_livres_PF_cartao_de_credito_total;Monthly;Anual;14;mom_pct_annual_rate;1;183;True;True;True;True;4;True;True;0.42057453422044;0.809106326898114
concessoes_livres_PF_cartao_de_credito_total;Monthly;Anual;15;yoy_pct_monthly;1;172;True;True;True;True;4;True;True;0.9584602713939719;1.9319489491578226
icc_fgv;Monthly;Mensal;0;nível;0;193;False;True;False;False;1;False;True;1.1594183279035932;2.360239248785111
icc_fgv;Monthly;Mensal;1;diff;1;192;True;True;True;True;4;True;True;1.8780053251616058;1.0122287575183697
icc_fgv;Monthly;Mensal;2;log;1;193;False;True;False;False;1;False;True;1.2336950705869012;3.0295151413529515
icc_fgv;Monthly;Mensal;3;log→diff;3;192;True;True;True;True;4;True;True;1.9843960469714919;1.4657406088817
icc_fgv;Monthly;Mensal;4;boxcox;1;193;False;True;False;False;1;False;True;1.0777075721110179;2.0285483056894518
icc_fgv;Monthly;Mensal;5;boxcox→diff;2;192;True;True;True;True;4;True;True;1.7522258576084213;0.850204574471912
icc_fgv;Monthly;Mensal;6;yeojohnson;1;193;False;True;False;False;1;False;True;1.0775597125187837;2.0289453126399883
icc_fgv;Monthly;Mensal;7;yeojohnson→diff;2;192;True;True;True;True;4;True;True;1.7521084479211486;0.849715106764133
icc_fgv;Monthly;Anual;8;sdiff12;1;181;False;False;True;False;1;False;True;1.0784283164132824;2.4109971022209225
icc_fgv;Monthly;Anual;9;sdiff12→diff;2;180;True;True;True;True;4;True;True;1.4209058981416691;1.596834882691459
icc_fgv;Monthly;Anual;10;log→sdiff12;3;181;False;False;True;False;1;False;True;1.155993280264662;3.2985767485240682
icc_fgv;Monthly;Anual;11;log→sdiff12→diff;4;180;True;True;True;True;4;True;True;1.516013062585175;1.46118375205993
icc_fgv;Monthly;Anual;12;boxcox→sdiff12→diff;3;180;True;True;True;True;4;True;True;1.3103791049786795;1.9960260980092555
icc_fgv;Monthly;Mensal;13;mom_pct;1;192;True;True;True;True;4;True;True;1.8788965478062556;1.4407656859188067
icc_fgv;Monthly;Anual;14;mom_pct_annual_rate;1;192;True;True;True;True;4;True;True;1.8788965478062556;1.4407656859188067
icc_fgv;Monthly;Anual;15;yoy_pct_monthly;1;181;False;False;True;False;1;False;True;1.1437643878477775;3.1317995772259204
icc_fgv_expectativas;Monthly;Mensal;0;nível;0;193;False;True;True;False;2;False;True;1.0736578562724053;2.14109916888137
icc_fgv_expectativas;Monthly;Mensal;1;diff;1;192;True;True;True;True;4;True;True;1.819160280763715;0.8951147649365129
icc_fgv_expectativas;Monthly;Mensal;2;log;1;193;False;True;True;False;2;False;True;1.1921071189852561;2.955537602587448
icc_fgv_expectativas;Monthly;Mensal;3;log→diff;3;192;True;True;True;True;4;True;True;1.9858417511330078;1.1828797364350627
icc_fgv_expectativas;Monthly;Mensal;4;boxcox;1;193;False;True;True;False;2;False;True;0.8622240501189191;0.9496692118231925
icc_fgv_expectativas;Monthly;Mensal;5;boxcox→diff;2;192;False;True;True;False;2;False;True;1.4433271130538716;1.318024648871479
icc_fgv_expectativas;Monthly;Mensal;6;yeojohnson;1;193;False;True;True;False;2;False;True;0.8622532271732356;0.9495516840311015
icc_fgv_expectativas;Monthly;Mensal;7;yeojohnson→diff;2;192;False;True;True;False;2;False;True;1.4435307202103957;1.317445641570069
icc_fgv_expectativas;Monthly;Anual;8;sdiff12;1;181;False;True;True;True;3;True;True;1.054165943055581;3.368936546396099
icc_fgv_expectativas;Monthly;Anual;9;sdiff12→diff;2;180;True;True;True;True;4;True;True;1.3331703249260518;1.4188860875544365
icc_fgv_expectativas;Monthly;Anual;10;log→sdiff12;3;181;False;True;True;True;3;True;True;1.1502076496941749;3.4491612514894863
icc_fgv_expectativas;Monthly;Anual;11;log→sdiff12→diff;4;180;True;True;True;True;4;True;True;1.4983901127662325;1.0935070068882253
icc_fgv_expectativas;Monthly;Anual;12;boxcox→sdiff12→diff;3;180;True;True;True;True;4;True;True;0.9942591970329655;1.9313120028979887
icc_fgv_expectativas;Monthly;Mensal;13;mom_pct;1;192;True;True;True;True;4;True;True;1.849613224916453;1.168054897043906
icc_fgv_expectativas;Monthly;Anual;14;mom_pct_annual_rate;1;192;True;True;True;True;4;True;True;1.849613224916453;1.168054897043906
icc_fgv_expectativas;Monthly;Anual;15;yoy_pct_monthly;1;181;True;True;True;True;4;True;True;1.1501848517502504;3.5091961252331734
icc_fgv_sit_atual;Monthly;Mensal;0;nível;0;193;False;True;False;False;1;False;True;1.3575573688701585;1.7977896134601798
icc_fgv_sit_atual;Monthly;Mensal;1;diff;1;192;True;False;True;True;3;True;True;1.4168885106329263;0.9605502232715728
icc_fgv_sit_atual;Monthly;Mensal;2;log;1;193;False;True;False;False;1;False;True;1.4307500633031915;2.440381500214425
icc_fgv_sit_atual;Monthly;Mensal;3;log→diff;3;192;True;True;True;True;4;True;True;1.5348433338962375;1.1365094684215369
icc_fgv_sit_atual;Monthly;Mensal;4;boxcox;1;193;False;False;False;False;0;False;True;1.2797394410494909;2.2364808058964636
icc_fgv_sit_atual;Monthly;Mensal;5;boxcox→diff;2;192;False;False;True;True;2;False;True;1.2816468602620537;0.9244876902307883
icc_fgv_sit_atual;Monthly;Mensal;6;yeojohnson;1;193;False;False;False;False;0;False;True;1.2793967515888927;2.236786995037946
icc_fgv_sit_atual;Monthly;Mensal;7;yeojohnson→diff;2;192;False;False;True;True;2;False;True;1.2811150767582211;0.9244863749248845
icc_fgv_sit_atual;Monthly;Anual;8;sdiff12;1;181;False;False;False;False;0;False;True;0.9990209714782865;2.6895804057310486
icc_fgv_sit_atual;Monthly;Anual;9;sdiff12→diff;2;180;True;True;True;True;4;True;True;1.11493417423627;0.954498168811365
icc_fgv_sit_atual;Monthly;Anual;10;log→sdiff12;3;181;False;False;False;False;0;False;True;1.0726140434908993;3.5389480659059434
icc_fgv_sit_atual;Monthly;Anual;11;log→sdiff12→diff;4;180;True;True;True;True;4;True;True;1.2201014983522376;1.099600314059097
icc_fgv_sit_atual;Monthly;Anual;12;boxcox→sdiff12→diff;3;180;True;True;True;True;4;True;True;1.0017905226573203;0.9007203116670252
icc_fgv_sit_atual;Monthly;Mensal;13;mom_pct;1;192;True;True;True;True;4;True;True;1.4768442100655006;1.1082812457389155
icc_fgv_sit_atual;Monthly;Anual;14;mom_pct_annual_rate;1;192;True;True;True;True;4;True;True;1.4768442100655006;1.1082812457389155
icc_fgv_sit_atual;Monthly;Anual;15;yoy_pct_monthly;1;181;False;False;False;False;0;False;True;0.9665349477687645;3.332974958249498
papelao_expedicao;Monthly;Mensal;0;nível;0;366;False;False;False;False;0;False;True;0.8075932150993023;1.7003015319151975
papelao_expedicao;Monthly;Mensal;1;diff;1;365;True;True;True;True;4;True;True;1.12054629115062;0.8311701133360989
papelao_expedicao;Monthly;Mensal;2;log;1;366;False;False;False;False;0;False;True;0.8879066379086777;1.6593157316518605
papelao_expedicao;Monthly;Mensal;3;log→diff;3;365;True;True;True;True;4;True;True;0.938307841096918;0.55078974826145
papelao_expedicao;Monthly;Mensal;4;boxcox;1;366;False;False;False;False;0;False;True;0.8204041906681124;1.588447523958816
papelao_expedicao;Monthly;Mensal;5;boxcox→diff;2;365;True;True;True;True;4;True;True;1.1378759960603482;0.9380507935451439
papelao_expedicao;Monthly;Mensal;6;yeojohnson;1;366;False;False;False;False;0;False;True;0.8204042834953292;1.5884468520683692
papelao_expedicao;Monthly;Mensal;7;yeojohnson→diff;2;365;True;True;True;True;4;True;True;1.1378760927219902;0.9380517810362008
papelao_expedicao;Monthly;Anual;8;sdiff12;1;354;True;True;True;True;4;True;True;0.7454790118091033;1.5914346594734754
papelao_expedicao;Monthly;Anual;9;sdiff12→diff;2;353;True;True;True;False;3;True;True;1.2844206767926225;0.7620256639262594
papelao_expedicao;Monthly;Anual;10;log→sdiff12;3;354;True;True;True;False;3;True;True;0.7905079159377506;1.3465668683985281
papelao_expedicao;Monthly;Anual;11;log→sdiff12→diff;4;353;True;True;True;False;3;True;True;1.0678482133870464;0.6008319378272486
papelao_expedicao;Monthly;Anual;12;boxcox→sdiff12→diff;3;353;True;True;True;False;3;True;True;1.3046356801289019;0.8926843545743938
papelao_expedicao;Monthly;Mensal;13;mom_pct;1;365;True;True;True;True;4;True;True;1.0291579513079563;0.5325251763554932
papelao_expedicao;Monthly;Anual;14;mom_pct_annual_rate;1;365;True;True;True;True;4;True;True;1.0291579513079563;0.5325251763554932
papelao_expedicao;Monthly;Anual;15;yoy_pct_monthly;1;354;True;True;True;False;3;True;True;0.7852263328473796;1.3503592298972302
pib;Quarterly;Mensal;0;nível;0;121;False;False;False;False;0;False;True;0.9747020340844066;1.3534083018647662
pib;Quarterly;Mensal;1;diff;1;120;True;True;True;True;4;True;True;2.3236702174977246;1.391738110993627
pib;Quarterly;Mensal;2;log;1;121;False;False;False;False;0;False;True;0.880821612852026;1.4456926922477547
pib;Quarterly;Mensal;3;log→diff;3;120;True;True;True;True;4;True;True;2.096331459031317;1.1807466441381305
pib;Quarterly;Anual;16;qoq_pct;1;120;True;True;True;True;4;True;True;2.07574574471188;1.1682677398200783
pib;Quarterly;Anual;17;yoy_pct;1;117;False;True;True;False;2;False;True;1.292604020098849;1.2525402713386582
pib;Quarterly;Anual;18;sdiff4;1;117;False;True;True;True;3;True;True;1.500706095324954;2.2414352706582594
pib;Quarterly;Anual;19;sdiff4→diff;2;116;True;True;True;True;4;True;True;1.8301274607690754;1.0789266864396576
pib;Quarterly;Anual;20;log→sdiff4;3;117;False;True;True;False;2;False;True;1.3099107611115923;1.2731162912220746
pib;Quarterly;Anual;21;log→sdiff4→diff;4;116;True;True;True;True;4;True;True;1.6300562747740506;1.1859166240699388
pib;Quarterly;Anual;22;qoq_annualized;1;120;True;True;True;True;4;True;True;2.048215715877786;1.1112466336417397
