Date,pim_industria_extrativa,pim_industria_transformacao,pim_bens_capital,pim_bens_intermediarios,pim_bens_consumo,pim_bens_duraveis,pim_bens_semi_e_nao_duraveis,pim_insumo_constr_civil,cons_energ_comercial,cons_energ_residencial,cons_energ_industrial,cons_energ_outros,pmc_combustiveis,pmc_hiper_supermercados,pmc_vestuário,pmc_moveis_eletrodomesticos,pmc_automoveis,pmc_farmaceuticos,pmc_livros_jornais,pmc_eqp_material_escritorio,pmc_outros_pessoal,pmc_material_construcao,pmc_comercio_ampliado,ibcbr_agro,ibcbr_ind,ibcbr_servicos,icc_fecomercio,icea_fecomercio,ief_fecomercio,ics_fgv,isas_fgv,ies_fgv,caged_estoque_agro,caged_estoque_ind_extrativa,caged_estoque_ind_transformacao,caged_estoque_SIUP,caged_estoque_EG,caged_estoque_AER,caged_estoque_construcao,caged_estoque_comercio,caged_estoque_servicos,pnadc_salario_real_efetivo,pnadc_salario_real_com_carteira,pnadc_salario_real_sem_carteira,pnadc_salario_real_setor_privado,pnadc_salario_real_setor_publico,pnadc_salario_real_conta_propria,pnadc_salario_real_empregadores,pnadc_massa_salarial_efetiva,pnadc_massa_salarial_habitual,renda_disponivel_familias_restrita,tx_desemprego,ipca_alimentacao,ipca_habitacao,ipca_artigos_resid,ipca_vestuario,ipca_transportes,ipca_saude,ipca_despesas_pess,ipca_educacao,ipca_comunicacao,ipca_alim_domicilio,ipca_industriais,ipca_servicos,ipca_administrados,ipca_livres,ipca_nao_duraveis,ipca_semi_duraveis,ipca_duraveis,ipca_comercializaveis,ipca_nao_comercializaveis,ipca_EX0,ipca_EX1,ipca_EX2,ipca_EX3,ipca_MA,ipca_MS,ipca_DP,ipca_EXFE,ipca_P55,ipca_difusao,ipca_industriais_subjacentes,ipca_servicos_subjacentes,ipca15,igpm,igpdi,ipcbr,incc,ipc_fipe,igp10,ipam,abras,prod_total_autoveiculos,vendas_total_autoveiculos,vendas_autoveiculos_interno,vendas_autoveiculos_externo,prod_automoveis_e_comerciais_leves,prod_caminhoes,prod_onibus,prod_oleo_bruto,prod_LGN,prod_gas_natural,consumo_gasolina,consumo_GLP,consumo_oleo_combustivel,consumo_diesel,consumo_demais_derivados,consumo_alcool_hidratado,consumo_alcool_anidro,prod_aco_bruto,desembolso_BNDES_ind_transformacao,desembolso_BNDES_comercio_servicos,desembolso_BNDES_agro,desembolso_BNDES_ind_extrativa,cni_nuci_transformacao,cni_vendas_industriais,cni_horas_trabalhadas,cni_salario_industria,cni_massa_salarial,fenabrave_automoveis,fenabrave_comerciais_leves,fenabrave_caminhoes,fenabrave_onibus,fgv_nuci,concessoes_PJ_total,concessoes_PF_total,concessoes_livres_PJ_total,concessoes_livres_PJ_capital_giro,concessoes_livres_PF_total,concessoes_direcionados_PJ_total,concessoes_direcionados_PF_total,concessoes_direcionados_credito_rural,selic_mensal,abcr_trafego_veiculos_pesados,inadimplencia_livres_total,inadimplencia_livres_PJ_total,inadimplencia_livres_PJ_desconto_de_duplicatas_e_recebiveis,inadimplencia_livres_PJ_capital_de_giro_total,inadimplencia_livres_PJ_aquisicao_de_bens_total,inadimplencia_livres_PJ_cartao_de_credito_total,inadimplencia_livres_PF_total,inadimplencia_livres_PF_cheque_especial,inadimplencia_livres_PF_credito_pessoal_nao_consignado_total,inadimplencia_livres_PF_credito_pessoal_consignado_total,inadimplencia_livres_PF_aquisicao_de_bens_total,inadimplencia_livres_PF_cartao_de_credito_total,concessoes_livres_total,concessoes_livres_PJ_desconto_de_duplicatas_e_recebveis,concessoes_livres_PJ_capital_de_giro_total,concessoes_livres_PJ_aquisicao_de_bens_total,concessoes_livres_PJ_cartao_de_credito_total,concessoes_livres_PF_cheque_especial,concessoes_livres_PF_credito_pessoal_nao_consignado_total,concessoes_livres_PF_credito_pessoal_consignado_total,concessoes_livres_PF_aquisicao_de_bens_total,concessoes_livres_PF_cartao_de_credito_total,icc_fgv_expectativas,icc_fgv,icc_fgv_sit_atual,papelao_expedicao,pib
1996-01-01,,,,,,,,,2951.0,5851.0,8753.0,3107.0,,,,,,,,,,,,,,,,,,,,,1255718.43,122568.35,5314207.68,437504.95,,,1290522.46,2998145.19,9101846.94,,,,,,,,,,,,1.28,2.16,0.61,-0.28,,2.08,2.15,,,1.64,0.87,1.85,0.59,1.45,1.7,0.13,1.17,0.58,2.37,1.4,1.35,1.25,1.3,1.18,1.51,1.24,1.42,1.19,70.27,0.88,1.62,,1.73,1.79,2.7,1.52,1.82,1.14,1.49,,,,,,96271.0,3552.0,1123.0,771.0,26.0,0.149,259.0,174.0,204.0,462.0,74.0,171.0,72.0,104.15,196.0,346.0,43.0,10.0,,,,,,92387.0,16487.0,3341.0,1396.0,,,,,,,,,,33.83,,,,,,,,,,,,,,,,,,,,,,,,,,,139712.790564986,
1996-02-01,,,,,,,,,3007.0,5742.0,9278.0,3066.0,,,,,,,,,,,,,,,,,,,,,1254574.5,122091.27,5286528.47,437699.46,,,1290332.17,2996206.16,9100903.78,,,,,,,,,,,,0.11,1.98,0.28,-3.28,,1.29,2.07,,,-0.2,-0.83,2.1,4.23,0.55,0.03,-2.39,0.44,-0.66,1.78,0.76,1.37,0.36,0.37,0.58,1.04,0.92,1.42,0.88,55.86,-1.2,1.58,,0.97,0.76,1.46,0.11,0.4,1.55,0.48,,,,,,115677.0,4434.0,1137.0,781.0,26.0,0.15,276.0,172.0,201.0,470.0,72.0,175.0,75.0,103.52,582.0,641.0,77.0,13.0,,,,,,105129.0,19698.0,3442.0,1288.0,,,,,,,,,,36.11,,,,,,,,,,,,,,,,,,,,,,,,,,,136276.789759633,
1996-03-01,,,,,,,,,2956.0,5845.0,9204.0,3022.0,,,,,,,,,,,,,,,,,,,,,1252389.92,121361.9,5251958.16,436295.42,,,1290237.7,2984062.6,9084812.24,,,,,,,,,,,,-0.02,1.96,0.0,-2.5,,1.19,0.33,,,-0.15,-0.58,1.4,0.24,0.37,0.13,-2.31,0.92,-0.58,1.31,0.51,0.49,0.31,0.3,0.54,1.07,0.45,0.5,0.6,55.56,-1.05,1.32,,0.4,0.22,0.43,0.98,0.23,0.41,0.13,,,,,,130533.0,4355.0,1131.0,753.0,25.0,0.15,280.0,170.0,195.0,515.0,70.0,179.0,75.0,100.61,1017.0,832.0,165.0,21.0,,,,,,107542.0,22331.0,4031.0,1340.0,,,,,,,,,,30.16,,,,,,,,,,,,,,,,,,,,,,,,,,,149212.395700657,99.41
1996-04-01,,,,,,,,,3041.0,5876.0,9539.0,3090.0,,,,,,,,,,,,,,,,,,,,,1248609.48,120479.27,5236075.27,434853.05,,,1290762.53,2982884.83,9083179.87,,,,,,,,,,,,0.5,1.81,0.26,0.9,,0.82,0.43,,,0.68,0.61,1.14,3.87,0.85,0.56,0.7,0.76,0.43,1.27,0.9,0.8,0.87,0.91,0.7,1.25,1.15,0.84,0.74,57.06,0.59,1.14,,0.32,0.7,1.31,0.25,1.62,0.25,-0.05,,,,,,124332.0,4991.0,1375.0,772.0,22.0,0.153,265.0,190.0,204.0,512.0,71.0,167.0,74.0,97.68,1296.0,961.0,211.0,75.0,,,,,,103020.0,20512.0,3761.0,1700.0,,,,,,,,,,29.42,,,,,,,,,,,,,,,,,,,,,,,,,,,148611.40792343,
1996-05-01,,,,,,,,,2885.0,5676.0,9623.0,3022.0,,,,,,,,,,,,,,,,,,,,,1247977.27,120264.03,5232103.07,433599.3,,,1293356.01,2982874.02,9084663.9,,,,,,,,,,,,0.67,1.94,0.03,1.42,,1.03,2.57,,,0.91,0.98,1.85,0.44,1.34,1.11,1.05,0.28,1.04,1.64,1.46,1.32,1.07,1.12,0.91,1.28,0.95,1.36,0.89,54.95,0.61,1.48,,1.55,1.68,2.08,2.16,1.34,1.35,1.41,,,,,,136930.0,3835.0,1544.0,770.0,25.0,0.152,286.0,197.0,227.0,513.0,70.0,173.0,76.0,96.57,1655.0,1871.0,260.0,80.0,,,,,,118411.0,23276.0,3927.0,1552.0,,,,,,,,,,25.64,,,,,,,,,,,,,,,,,,,,,,,,,,,154701.250805353,
1996-06-01,,,,,,,,,2797.0,5628.0,9833.0,3087.0,,,,,,,,,,,,,,,,,,,,,1244873.55,119764.49,5227713.87,432860.23,,,1291509.08,2989826.57,9073387.63,,,,,,,,,,,,0.67,2.19,-0.27,1.09,,1.21,0.5,,,0.81,0.49,1.26,3.02,0.9,0.7,0.62,0.31,0.68,1.1,0.92,1.31,1.01,1.0,0.87,1.25,1.17,1.33,0.82,52.25,0.42,1.41,,1.02,1.22,1.57,1.54,1.41,1.08,0.41,,,,,,116101.0,3480.0,1562.0,758.0,26.0,0.154,262.0,192.0,226.0,525.0,72.0,157.0,72.0,104.83,2046.0,1993.0,359.0,88.0,,,,,,103635.0,20877.0,3074.0,1484.0,,,,,,,,,,29.65,,,,,,,,,,,,,,,,,,,,,,,,,,,148175.348184859,100.6
1996-07-01,,,,,,,,,2647.0,5547.0,9655.0,3033.0,,,,,,,,,,,,,,,,,,,,,1241643.92,119319.34,5230199.77,433070.36,,,1291806.84,2990082.29,9080009.39,,,,,,,,,,,,0.52,1.89,-0.02,0.29,,2.12,0.3,,,0.63,0.63,1.17,2.58,0.87,0.88,0.11,0.62,0.63,1.09,0.93,1.24,1.0,1.02,0.77,1.16,1.1,1.28,0.83,61.56,0.66,1.28,,1.35,1.09,0.76,0.75,1.31,1.21,1.59,,,,,,148804.0,3568.0,1559.0,754.0,26.0,0.154,295.0,208.0,225.0,525.0,77.0,169.0,79.0,109.9,2368.0,2353.0,451.0,107.0,,,,,,124362.0,24088.0,3441.0,1825.0,,,,,,,,,,23.28,,,,,,,,,,,,,,,,,,,,,,,,,,,154312.670350638,
1996-08-01,,,,,,,,,2796.0,5679.0,10390.0,3141.0,,,,,,,,,,,,,,,,,,,,,1236777.07,118823.02,5225280.35,428584.17,,,1290258.63,2991232.5,9083477.05,,,,,,,,,,,,-0.68,2.24,-0.04,-0.66,,1.18,0.48,,,-0.9,-0.01,1.14,1.25,0.31,-0.45,-0.5,0.24,-0.13,0.73,0.63,0.61,0.69,0.77,0.45,0.91,0.54,0.72,0.58,49.25,-0.01,1.33,,0.28,0.0,0.01,0.23,0.34,0.7,0.22,,,,,,156130.0,4099.0,1677.0,747.0,24.0,0.152,266.0,195.0,238.0,546.0,72.0,162.0,79.0,108.56,2700.0,2838.0,523.0,108.0,,,,,,121240.0,24917.0,4024.0,1471.0,,,,,,,,,,25.01,,,,,,,,,,,,,,,,,,,,,,,,,,,159502.905748978,
1996-09-01,,,,,,,,,2813.0,5769.0,10187.0,3184.0,,,,,,,,,,,,,,,,,,,,,1232029.97,118299.16,5216307.2,427974.64,,,1286639.94,2989627.12,9078138.58,,,,,,,,,,,,-0.58,1.54,-0.13,-0.48,,0.56,0.13,,,-0.99,-0.22,0.93,0.24,0.13,-0.7,-0.4,-0.1,-0.45,0.68,0.43,0.28,0.41,0.51,0.2,0.59,0.13,0.41,0.32,49.85,-0.25,1.05,,0.1,0.13,-0.35,0.22,0.07,0.09,0.35,,,,,,141503.0,3389.0,1168.0,785.0,26.0,0.162,294.0,195.0,218.0,589.0,72.0,163.0,80.0,109.38,3071.0,3301.0,582.0,124.0,,,,,,135062.0,25171.0,3686.0,1201.0,,,,,,,,,,25.4,,,,,,,,,,,,,,,,,,,,,,,,,,,159231.774049065,104.31
1996-10-01,,,,,,,,,2881.0,5836.0,10031.0,3198.0,,,,,,,,,,,,,,,,,,,,,1227772.91,118026.62,5213151.74,425242.0,,,1282319.02,2987188.9,9073653.26,,,,,,,,,,,,0.11,1.47,-0.09,0.82,,0.27,-0.54,,,0.39,0.16,0.39,0.19,0.32,0.28,0.3,0.07,0.35,0.28,0.3,0.22,0.27,0.33,0.07,0.6,0.14,0.28,0.16,48.65,0.2,0.42,,0.19,0.22,0.18,0.26,0.58,0.17,0.37,,,,,,141467.0,4978.0,1774.0,799.0,26.0,0.169,305.0,197.0,247.0,515.0,73.0,165.0,82.0,111.57,3319.0,3613.0,625.0,129.0,,,,,,133768.0,25049.0,3758.0,848.0,,,,,,,,,,23.48,,,,,,,,,,,,,,,,,,,,,,,,,,,170356.919929377,
1996-11-01,,,,,,,,,2997.0,5838.0,10076.0,3176.0,,,,,,,,,,,,,,,,,,,,,1228205.18,118386.4,5204888.67,424196.46,,,1279700.85,2986099.37,9062801.1,,,,,,,,,,,,-0.37,1.36,0.42,0.27,,0.48,0.11,,,-0.53,0.27,0.69,0.53,0.29,-0.31,0.21,0.48,0.11,0.46,0.51,0.45,0.53,0.58,0.32,0.6,0.31,0.51,0.52,53.75,0.26,0.81,,0.2,0.28,0.25,0.58,0.34,0.15,0.02,,,,,,136525.0,4014.0,1135.0,813.0,26.0,0.171,292.0,195.0,212.0,555.0,74.0,160.0,80.0,111.85,3610.0,3993.0,678.0,143.0,,,,,,129053.0,24953.0,3586.0,1007.0,,,,,,,,,,25.27,,,,,,,,,,,,,,,,,,,,,,,,,,,173687.966528311,
1996-12-01,,,,,,,,,2993.0,5764.0,9947.0,3154.0,,,,,,,,,,,,,,,,,,,,,1232058.13,118290.11,5190514.86,423347.45,,,1279276.4,2984959.0,9054657.88,,,,,,,,,,,,-0.48,1.22,0.89,0.88,,0.8,-0.04,,,-0.8,0.5,0.66,1.49,0.3,-0.27,0.4,0.3,0.19,0.41,0.59,0.5,0.64,0.7,0.36,0.62,0.46,0.56,0.33,59.16,0.64,0.74,,0.73,0.88,0.44,0.59,0.17,0.38,1.23,,,,,,115122.0,3327.0,533.0,860.0,25.0,0.168,312.0,190.0,231.0,531.0,77.0,177.0,88.0,111.72,4242.0,4833.0,730.0,147.0,,,,,,126420.0,21635.0,3464.0,888.0,,,,,,,,,,23.94,,,,,,,,,,,,,,,,,,,,,,,,,,,148950.010184612,103.32
1997-01-01,,,,,,,,,3309.0,6522.0,9455.0,3281.0,,,,,,,,,,,,,,,,,,,,,1234678.27,117428.82,5184933.68,421268.8,,,1281586.7,2983440.23,9053662.92,,,,,,,,,,,,0.97,1.06,0.73,0.21,,1.08,0.82,,,0.94,0.53,1.09,3.01,0.87,0.84,0.22,0.91,0.54,1.18,0.85,0.76,0.8,0.78,0.67,0.81,1.03,0.79,0.78,63.66,0.46,1.01,,1.77,1.58,1.85,0.32,1.23,1.73,1.93,,,,,,119922.0,3552.0,1415.0,836.0,25.0,0.168,301.0,181.0,226.0,492.0,75.0,146.0,77.0,104.13,317.0,430.0,33.0,16.0,,,,,,123816.0,21320.0,3856.0,1160.0,,,,,,,,,,21.73,,,,,,,,,,,,,,,,,,,,,,,,,,,158590.803717012,
1997-02-01,,,,,,,,,3219.0,6176.0,9840.0,3097.0,,,,,,,,,,,,,,,,,,,,,1237470.88,117404.39,5185859.97,418929.73,,,1282702.71,2985818.56,9051065.76,,,,,,,,,,,,0.72,0.94,0.18,-0.83,,0.6,0.58,,,0.92,-0.2,0.92,0.26,0.54,0.64,-0.79,0.47,0.03,1.02,0.44,0.44,0.2,0.14,0.35,0.57,0.38,0.43,0.39,51.95,-0.4,0.51,,0.43,0.42,0.53,0.48,0.01,0.73,0.27,,,,,,131345.0,3940.0,1038.0,826.0,27.0,0.166,296.0,185.0,216.0,506.0,74.0,148.0,81.0,110.83,547.0,610.0,94.0,26.0,,,,,,112550.0,20185.0,3671.0,1117.0,,,,,,,,,,26.14,,,,,,,,,,,,,,,,,,,,,,,,,,,146814.69186594,
1997-03-01,,,,,,,,,3121.0,5993.0,9488.0,3215.0,,,,,,,,,,,,,,,,,,,,,1241669.97,117690.21,5181723.57,418615.93,,,1285903.94,2990187.03,9057733.55,,,,,,,,,,,,1.22,1.13,-0.7,-0.5,,0.35,-0.29,,,1.61,-0.06,0.41,0.62,0.49,1.25,-0.58,0.2,0.11,0.85,0.21,0.32,0.3,0.2,0.39,0.56,0.29,0.26,0.27,53.15,-0.2,0.47,,1.15,1.16,0.63,0.73,0.21,0.93,1.62,,,,,,147478.0,4283.0,1403.0,854.0,27.0,0.172,293.0,189.0,221.0,538.0,78.0,144.0,79.0,109.45,760.0,1023.0,173.0,32.0,,,,,,130645.0,22625.0,4587.0,1170.0,,,,,,,,,,24.11,,,,,,,,,,,,,,,,,,,,,,,,,,,157749.920610829,104.43
1997-04-01,,,,,,,,,3134.0,6050.0,9945.0,3177.0,,,,,,,,,,,,,,,,,,,,,1241079.07,118075.37,5178672.53,417469.98,,,1293345.23,3007507.88,9066127.8,,,,,,,,,,,,-0.16,1.6,-0.39,0.1,,0.52,0.2,,,0.05,0.19,0.48,4.27,0.29,0.14,0.15,0.1,0.11,0.46,0.35,1.03,0.37,0.36,0.37,0.64,0.45,0.99,0.36,50.15,0.14,0.51,,0.68,0.59,0.8,0.23,0.64,0.77,0.61,,,,,,166059.0,4779.0,1553.0,847.0,29.0,0.166,297.0,201.0,244.0,561.0,79.0,151.0,84.0,112.92,1116.0,1404.0,281.0,42.0,,,,,,144626.0,25662.0,5026.0,1392.0,,,,,,,,,,21.84,,,,,,,,,,,,,,,,,,,,,,,,,,,163643.599083137,
1997-05-01,,,,,,,,,3100.0,6059.0,10304.0,3235.0,,,,,,,,,,,,,,,,,,,,,1242805.07,118282.52,5178553.82,416696.65,,,1293040.78,3016838.48,9066531.77,,,,,,,,,,,,-0.92,0.92,-0.85,1.28,,0.79,0.58,,,-1.41,0.37,0.78,1.66,0.18,-0.71,0.78,-0.7,0.04,0.32,0.6,0.78,0.51,0.6,0.34,0.49,0.25,0.82,0.3,46.85,0.69,0.54,,0.21,0.3,0.39,0.86,0.55,0.3,0.2,,,,,,156073.0,4741.0,1496.0,864.0,31.0,0.172,293.0,202.0,226.0,577.0,78.0,139.0,81.0,110.88,1429.0,1685.0,411.0,706.0,,,,,,137537.0,24368.0,4113.0,1326.0,,,,,,,,,,21.91,,,,,,,,,,,,,,,,,,,,,,,,,,,166678.524885392,
1997-06-01,,,,,,,,,2970.0,6069.0,10045.0,3171.0,,,,,,,,,,,,,,,,,,,,,1240284.7,118741.38,5169479.87,415370.58,,,1291630.87,3028278.02,9064362.81,,,,,,,,,,,,-0.34,0.6,-0.4,-0.1,,0.6,0.36,,,-0.29,-0.09,0.41,2.97,0.1,-0.11,-0.13,-0.41,0.09,0.1,0.2,0.72,0.29,0.28,0.31,0.46,0.4,0.76,0.35,46.55,0.05,0.43,,0.74,0.7,1.3,1.11,1.42,0.59,0.32,,,,,,163533.0,5382.0,1770.0,856.0,29.0,0.175,313.0,205.0,254.0,551.0,81.0,137.0,81.0,115.13,1884.0,2723.0,590.0,722.0,,,,,,135316.0,26482.0,4724.0,1437.0,,,,,,,,,,21.08,,,,,,,,,,,,,,,,,,,,,,,,,,,170554.33379383,104.93
1997-07-01,,,,,,,,,2956.0,5981.0,10285.0,3220.0,,,,,,,,,,,,,,,,,,,,,1236665.4,119062.82,5165099.84,412912.46,,,1290701.64,3034348.68,9065767.27,,,,,,,,,,,,-0.52,0.41,-0.39,0.08,,0.51,0.55,,,-0.64,0.02,0.43,0.97,0.07,-0.33,0.14,-0.48,0.18,-0.03,0.26,0.44,0.37,0.36,0.27,0.46,0.34,0.45,0.37,51.35,0.25,0.43,,0.09,0.09,0.24,0.51,0.11,0.11,-0.28,,,,,,151990.0,6198.0,2212.0,855.0,31.0,0.169,312.0,214.0,248.0,582.0,87.0,138.0,85.0,110.52,2795.0,3047.0,726.0,727.0,,,,,,141959.0,27125.0,5097.0,1202.0,,,,,,,,,,19.04,,,,,,,,,,,,,,,,,,,,,,,,,,,173228.167147813,
1997-08-01,,,,,,,,,3072.0,6025.0,10685.0,3327.0,,,,,,,,,,,,,,,,,,,,,1232783.97,118823.61,5149831.97,410959.73,,,1290382.12,3038528.12,9070402.86,,,,,,,,,,,,-0.57,0.42,-0.2,-0.98,,0.38,0.14,,,-0.74,-0.36,0.3,0.59,-0.14,-0.45,-0.9,-0.03,-0.37,0.08,0.02,0.08,-0.04,0.04,0.14,0.26,-0.01,0.15,0.29,50.45,-0.42,0.34,,0.09,-0.04,-0.27,1.18,-0.76,0.28,0.09,,,,,,165805.0,5810.0,2248.0,836.0,30.0,0.168,316.0,204.0,245.0,577.0,81.0,132.0,76.0,109.43,3306.0,3877.0,770.0,730.0,,,,,,141165.0,26024.0,5410.0,1223.0,,,,,,,,,,20.78,,,,,,,,,,,,,,,,,,,,,,,,,,,171562.643848346,
1997-09-01,,,,,,,,,3151.0,6151.0,10441.0,3417.0,,,,,,,,,,,,,,,,,,,,,1232853.78,118936.67,5139431.57,409501.75,,,1294745.34,3042960.5,9077356.25,,,,,,,,,,,,-0.21,0.25,-0.42,0.05,,0.41,0.14,,,-0.27,0.11,0.08,0.3,0.02,0.07,-0.12,-0.22,0.12,-0.07,0.09,0.1,0.02,0.04,0.06,0.19,0.01,0.13,0.2,50.75,-0.04,0.09,,0.48,0.59,0.17,0.27,0.01,0.27,0.73,,,,,,173614.0,6819.0,2519.0,826.0,26.0,0.17,304.0,201.0,254.0,618.0,85.0,132.0,84.0,111.84,3841.0,5276.0,993.0,737.0,,,,,,146148.0,27736.0,5559.0,1422.0,,,,,,,,,,19.81,,,,,,,,,,,,,,,,,,,,,,,,,,,175237.290527816,106.27
1997-10-01,,,,,,,,,3303.0,6335.0,10567.0,3410.0,,,,,,,,,,,,,,,,,,,,,1235409.0,118373.22,5126404.95,407306.9,,,1298644.53,3049887.54,9102110.3,,,,,,,,,,,,0.27,0.27,-0.53,0.56,,0.18,0.44,,,0.32,0.36,0.18,0.05,0.27,0.51,0.37,-0.23,0.3,0.24,0.25,0.2,0.2,0.22,0.16,0.33,0.14,0.24,0.2,53.15,0.29,0.17,,0.37,0.34,0.29,0.15,0.22,0.35,0.44,,,,,,182927.0,7629.0,2273.0,736.0,25.0,0.157,331.0,202.0,240.0,649.0,84.0,134.0,87.0,106.66,4511.0,6082.0,1119.0,740.0,,,,,,148693.0,29935.0,5775.0,1294.0,,,,,,,,,,19.93,,,,,,,,,,,,,,,,,,,,,,,,,,,187298.278082022,
1997-11-01,,,,,,,,,3434.0,6398.0,10727.0,3395.0,,,,,,,,,,,,,,,,,,,,,1238476.2,117828.89,5100119.3,404254.91,,,1301543.06,3045256.81,9104619.59,,,,,,,,,,,,0.17,0.29,-0.28,-0.34,,0.02,-0.17,,,0.32,-0.2,0.0,1.06,0.0,0.25,-0.41,-0.2,0.01,-0.01,-0.08,-0.05,-0.08,-0.05,0.03,0.16,0.06,-0.03,0.22,45.35,-0.18,0.04,,0.64,0.83,0.53,0.54,0.53,0.49,0.91,,,,,,122201.0,6524.0,1415.0,804.0,26.0,0.165,321.0,200.0,255.0,601.0,82.0,116.0,81.0,106.27,5130.0,7867.0,1249.0,742.0,,,,,,112484.0,23274.0,4071.0,1141.0,,,,,,,,,,45.9,,,,,,,,,,,,,,,,,,,,,,,,,,,170374.412297113,
1997-12-01,,,,,,,,,3428.0,6330.0,9935.0,3332.0,,,,,,,,,,,,,,,,,,,,,1236567.81,117313.22,5060269.08,401556.62,,,1295161.0,3045824.28,9112503.5,,,,,,,,,,,,0.59,0.31,0.35,0.38,,0.34,0.31,,,0.81,0.25,0.05,1.28,0.27,0.67,0.37,-0.08,0.31,0.24,0.13,0.19,0.15,0.17,0.29,0.33,0.24,0.21,0.24,63.06,0.41,0.0,,0.84,0.69,0.56,0.23,0.57,0.72,0.97,,,,,,96752.0,3757.0,746.0,917.0,28.0,0.18,342.0,195.0,228.0,551.0,85.0,132.0,94.0,113.08,6041.0,9710.0,1391.0,752.0,,,,,,92909.0,18779.0,3068.0,812.0,,,,,,,,,,39.87,,,,,,,,,,,,,,,,,,,,,,,,,,,144094.628682939,107.16
1998-01-01,,,,,,,,,3735.0,7178.0,9545.0,3461.0,,,,,,,,,,,,,,,,,,,,,1242314.18,117963.07,5015950.94,397804.29,,,1297616.82,3040363.93,9099153.46,,,,,,,,,,,,1.24,0.3,0.35,-0.79,,0.57,1.59,,,1.81,0.48,0.33,0.86,0.68,1.74,-0.21,0.37,0.58,0.77,0.39,0.49,0.16,0.09,0.39,0.4,0.5,0.45,0.31,62.76,0.08,0.09,,0.96,0.88,1.26,0.33,0.24,0.86,0.99,,,,,,104159.0,4658.0,1426.0,886.0,28.0,0.177,307.0,183.0,176.0,513.0,88.0,113.0,86.0,109.1,481.0,468.0,59.0,3.0,,,,,,100316.0,20282.0,4119.0,1071.0,,,,,,,,,,37.19,,,,,,,,,,,,,,,,,,,,,,,,,,,156341.785008054,
1998-02-01,,,,,,,,,3486.0,6518.0,9722.0,3339.0,,,,,,,,,,,,,,,,,,,,,1244313.64,117741.48,4989286.85,395110.07,,,1300050.91,3037380.48,9099929.92,,,,,,,,,,,,0.62,0.26,0.36,-0.64,,0.39,1.02,,,0.76,0.13,0.48,0.65,0.42,0.62,-0.18,0.4,0.22,0.6,0.33,0.44,0.23,0.2,0.3,0.4,0.42,0.45,0.18,55.26,0.14,0.24,,0.18,0.02,0.14,0.48,-0.16,0.49,-0.05,,,,,,100123.0,4480.0,1361.0,918.0,27.0,0.186,304.0,191.0,179.0,493.0,86.0,105.0,85.0,109.75,962.0,1198.0,203.0,5.0,,,,,,92375.0,18568.0,3568.0,1391.0,,,,,,,,,,34.32,,,,,,,,,,,,,,,,,,,,,,,,,,,177582.517259324,
1998-03-01,,,,,,,,,3468.0,6650.0,9609.0,3355.0,,,,,,,,,,,,,,,,,,,,,1241129.18,117499.16,4968143.04,392062.11,,,1303800.56,3034475.7,9097893.88,,,,,,,,,,,,0.79,0.38,1.15,-0.68,,0.57,-0.04,,,1.11,0.3,0.12,0.11,0.39,0.88,-0.23,1.02,0.28,0.48,0.2,0.13,0.14,0.17,0.18,0.41,0.34,0.16,0.18,57.66,0.1,0.21,,0.19,0.23,0.33,0.47,-0.23,0.13,0.12,,,,,,134201.0,5406.0,2142.0,931.0,28.0,0.181,303.0,194.0,184.0,574.0,88.0,106.0,85.0,106.7,1622.0,1643.0,342.0,8.0,,,,,,101607.0,20354.0,5206.0,1462.0,,,,,,,,,,28.32,,,,,,,,,,,,,,,,,,,,,,,,,,,177582.517259324,105.04
1998-04-01,,,,,,,,,3608.0,6675.0,10400.0,3494.0,,,,,,,,,,,,,,,,,,,,,1238432.9,117572.53,4949857.28,391375.05,,,1305832.0,3039126.64,9098889.49,,,,,,,,,,,,0.85,0.29,-0.2,-0.24,,0.45,-0.05,,,0.97,-0.1,0.1,0.39,0.21,0.82,-0.52,-0.13,0.11,0.31,0.02,0.04,0.05,0.05,0.02,0.18,0.11,0.03,0.01,53.45,-0.12,0.15,,0.13,-0.13,0.23,-0.5,0.62,0.16,0.2,,,,,,129541.0,5920.0,2324.0,921.0,29.0,0.184,327.0,203.0,192.0,597.0,84.0,116.0,91.0,110.11,2077.0,3323.0,415.0,18.0,,,,,,109486.0,22650.0,4920.0,1535.0,,,,,,,,,,25.16,,,,,,,,,,,,,,,,,,,,,,,,,,,167053.361336885,
1998-05-01,,,,,,,,,3422.0,6591.0,10367.0,3449.0,,,,,,,,,,,,,,,,,,,,,1224025.63,117232.46,4925281.74,390965.49,,,1306456.01,3036667.72,9100199.23,,,,,,,,,,,,1.38,0.13,-0.06,0.58,,0.5,0.4,,,2.03,-0.18,0.42,0.2,0.55,1.13,0.47,-0.58,0.34,0.75,0.17,0.21,0.18,0.17,0.13,0.23,0.27,0.18,0.09,53.15,0.42,0.01,,0.14,0.23,0.14,0.98,0.52,0.12,-0.01,,,,,,151137.0,6671.0,2423.0,959.0,30.0,0.19,296.0,204.0,181.0,572.0,85.0,102.0,83.0,111.31,2636.0,3809.0,490.0,20.0,,,,,,118436.0,24928.0,9798.0,1418.0,,,,,,,,,,22.6,,,,,,,,,,,,,,,,,,,,,,,,,,,168878.814855656,
1998-06-01,,,,,,,,,3193.0,6227.0,10168.0,3363.0,,,,,,,,,,,,,,,,,,,,,1209425.79,116161.58,4906682.98,389253.19,,,1307107.58,3035319.02,9093452.62,,,,,,,,,,,,0.13,0.05,0.37,0.38,,0.03,-0.41,,,0.17,0.21,-0.15,-0.07,0.04,0.18,-0.09,0.71,0.28,-0.18,0.0,0.0,-0.11,-0.07,0.0,0.14,0.02,0.04,0.0,48.05,0.03,-0.14,,0.38,0.28,0.41,0.39,0.19,0.36,0.38,,,,,,137382.0,6370.0,2399.0,956.0,28.0,0.181,307.0,217.0,202.0,606.0,89.0,105.0,91.0,111.42,3276.0,5021.0,563.0,23.0,,,,,,99928.0,23607.0,4620.0,1456.0,,,,,,,,,,21.02,,,,,,,,,,,,,,,,,,,,,,,,,,,164726.876427952,106.85
1998-07-01,,,,,,,,,3161.0,6320.0,10351.0,3432.0,,,,,,,,,,,,,,,,,,,,,1196540.37,116053.03,4875888.5,389123.44,,,1305859.57,3036747.33,9108231.01,,,,,,,,,,,,-0.99,0.0,-0.52,-0.15,,0.52,0.35,,,-1.29,0.0,0.16,0.26,-0.2,-0.74,-0.19,-0.15,-0.02,-0.36,0.09,0.13,0.01,0.06,0.11,0.19,0.07,0.14,0.04,44.44,0.0,0.1,,-0.17,-0.38,-0.25,0.34,-0.77,0.0,-0.34,,,,,,118016.0,6550.0,2259.0,974.0,29.0,0.19,307.0,219.0,202.0,629.0,94.0,105.0,96.0,117.08,3827.0,6099.0,672.0,31.0,,,,,,103576.0,25420.0,4833.0,1508.0,,,,,,,,,,20.33,,,,,,,,,,,,,,,,,,,,,,,,,,,165692.705017966,
1998-08-01,,,,,,,,,3352.0,6443.0,10723.0,3564.0,,,,,,,,,,,,,,,,,,,,,1195018.8,116047.65,4863716.91,385594.8,,,1306023.64,3038832.95,9109339.9,,,,,,,,,,,,-1.2,-0.06,-0.36,-0.81,,0.25,0.11,,,-1.57,-0.33,-0.03,-0.8,-0.45,-1.0,-0.56,-0.52,-0.5,-0.4,-0.15,-0.16,-0.18,-0.09,-0.22,-0.07,-0.34,-0.11,-0.01,41.74,-0.23,0.0,,-0.16,-0.17,-0.52,0.22,-1.0,-0.2,-0.06,,,,,,126461.0,5906.0,1857.0,990.0,31.0,0.183,298.0,211.0,187.0,606.0,91.0,97.0,93.0,113.51,4687.0,7207.0,740.0,36.0,,,,,,116702.0,23554.0,4872.0,1245.0,,,,,,,,,,19.23,,,,,,,,,,,,,,,,,,,,,,,,,,,170568.077797051,
1998-09-01,,,,,,,,,3481.0,6679.0,10510.0,3596.0,,,,,,,,,,,,,,,,,,,,,1196289.3,116132.03,4838634.66,384061.66,,,1294043.73,3037658.82,9109726.14,,,,,,,,,,,,-0.47,-0.02,-0.37,-0.07,,0.26,-0.55,,,-0.6,-0.15,-0.15,-0.1,-0.25,-0.36,-0.24,-0.31,-0.12,-0.36,-0.15,-0.12,-0.14,-0.13,-0.1,0.05,-0.17,-0.13,0.0,50.75,-0.09,-0.15,,-0.08,-0.02,-0.17,0.01,-0.66,-0.29,0.07,,,,,,127071.0,5974.0,1495.0,964.0,31.0,0.185,317.0,216.0,190.0,646.0,93.0,103.0,99.0,106.54,5520.0,8168.0,905.0,39.0,,,,,,98040.0,20207.0,4374.0,1917.0,,,,,,,,,,34.29,,,,,,,,,,,,,,,,,,,,,,,,,,,174658.792937678,106.81
1998-10-01,,,,,,,,,3478.0,6711.0,10425.0,3568.0,,,,,,,,,,,,,,,,,,,,,1199499.15,115588.13,4819756.43,382763.66,,,1274807.9,3032478.88,9094385.24,,,,,,,,,,,,-0.02,-0.09,0.05,0.8,,0.23,-0.09,,,0.03,0.3,-0.12,-0.15,0.05,0.11,0.61,-0.16,0.1,0.01,0.05,0.04,0.08,0.12,-0.03,0.06,-0.02,0.06,0.0,54.05,0.52,-0.14,,0.08,-0.03,0.2,0.01,0.02,0.17,0.09,,,,,,86228.0,5193.0,1434.0,991.0,29.0,0.192,330.0,213.0,191.0,656.0,91.0,108.0,103.0,106.03,5988.0,8883.0,1011.0,43.0,,,,,,87403.0,16483.0,3628.0,1014.0,,,,,,,,,,41.6,,,,,,,,,,,,,,,,,,,,,,,,,,,179347.996945856,
1998-11-01,,,,,,,,,3538.0,6642.0,10343.0,3535.0,,,,,,,,,,,,,,,,,,,,,1209051.78,114793.63,4789074.33,380397.89,,,1256821.18,3011087.17,9068434.21,,,,,,,,,,,,-0.46,-0.2,-0.55,0.17,,0.16,0.43,,,-0.76,-0.01,0.03,-0.03,-0.14,-0.39,0.22,-0.77,-0.11,-0.17,0.02,0.04,0.04,0.05,-0.01,0.0,-0.08,0.05,0.0,51.05,0.2,-0.05,,-0.32,-0.18,-0.19,-0.05,-0.44,-0.08,-0.52,,,,,,74360.0,4281.0,1002.0,1069.0,28.0,0.194,298.0,205.0,174.0,599.0,89.0,96.0,93.0,102.01,6741.0,9421.0,1204.0,44.0,,,,,,89552.0,17788.0,3313.0,722.0,,,,,,,,,,38.73,,,,,,,,,,,,,,,,,,,,,,,,,,,173493.051573535,
1998-12-01,,,,,,,,,3622.0,6705.0,9815.0,3503.0,,,,,,,,,,,,,,,,,,,,,1193337.18,113943.29,4759964.5,377372.58,,,1233241.93,2995136.93,9033523.6,,,,,,,,,,,,0.1,0.44,-0.9,0.35,,0.47,0.31,,,0.13,-0.03,0.03,1.9,0.03,0.29,0.0,-0.79,0.03,0.02,0.0,0.17,0.0,-0.02,0.13,0.05,0.07,0.15,0.05,53.15,0.17,-0.15,,0.45,0.98,0.09,0.05,-0.12,-0.07,0.94,,,,,,57627.0,1855.0,168.0,1138.0,32.0,0.197,359.0,210.0,169.0,580.0,91.0,113.0,112.0,97.91,7281.0,10080.0,1349.0,282.0,,,,,,105328.0,17808.0,3471.0,759.0,,,,,,,,,,31.24,,,,,,,,,,,,,,,,,,,,,,,,,,,160911.041351753,105.59
1999-01-01,,,,,,,,,3806.0,7190.0,9257.0,3648.0,,,,,,,,,,,,,,,,,,,,,1185442.39,113109.5,4743579.47,376462.65,,,1220986.21,3001724.63,9038521.76,,,,,,,,,,,,0.9,0.06,0.27,-0.25,,0.43,1.63,,,1.04,0.46,0.5,1.2,0.6,0.84,0.19,0.92,0.44,0.74,0.48,0.56,0.17,0.16,0.43,0.31,0.56,0.6,0.44,66.67,0.31,0.05,,0.84,1.15,0.64,0.55,0.5,0.89,1.05,,,,,,76130.0,4463.0,1309.0,1128.0,30.0,0.203,314.0,191.0,155.0,534.0,90.0,104.0,99.0,103.58,425.0,256.0,89.0,63.0,,,,,,73983.0,15288.0,3726.0,864.0,,,,,,,,,,31.19,,,,,,,,,,,,,,,,,,,,,,,,,,,161353.348364515,
1999-02-01,,,,,,,,,3661.0,6745.0,9441.0,3524.0,,,,,,,,,,,,,,,,,,,,,1179868.75,112713.4,4716051.13,375522.17,,,1199215.33,2990630.21,9020652.78,,,,,,,,,,,,2.71,0.41,1.5,-1.23,,0.48,-0.57,,,3.57,0.93,-0.23,1.63,0.93,2.82,-0.39,2.55,2.18,-0.19,0.25,0.66,0.73,0.36,0.85,0.63,1.13,0.37,0.72,66.97,0.59,0.2,,3.61,4.44,1.41,0.98,1.41,2.64,5.82,,,,,,72574.0,4234.0,1295.0,1085.0,29.0,0.2,302.0,197.0,174.0,524.0,87.0,96.0,95.0,104.58,1122.0,532.0,160.0,63.0,,,,,,44579.0,9068.0,2884.0,644.0,,,,,,,,,,38.97,102.41,,,,,,,,,,,,,,,,,,,,,,,,,,156368.023559658,
1999-03-01,,,,,,,,,3687.0,6841.0,9762.0,3525.0,,,,,,,,,,,,,,,,,,,,,1186138.92,112674.38,4692529.63,372917.02,,,1179249.44,2972270.35,8996051.85,,,,,,,,,,,,2.01,0.79,1.63,-0.07,,1.32,0.55,,,2.66,1.1,0.25,1.41,1.04,2.6,0.12,1.07,1.72,0.41,0.61,0.83,0.9,0.62,0.57,0.45,0.98,0.61,0.68,71.17,1.29,0.17,,2.83,1.98,0.95,0.55,0.56,3.51,4.16,,,,,,108144.0,4862.0,1867.0,1077.0,27.0,0.203,328.0,214.0,184.0,619.0,87.0,105.0,103.0,105.33,1809.0,1333.0,297.0,65.0,,,,,,85474.0,15914.0,3421.0,914.0,,,,,,,,,,43.25,101.95,,,,,,,,,,,,,,,,,,,,,,,,,,178825.724823442,105.78
1999-04-01,,,,,,,,,3929.0,7115.0,10512.0,3691.0,,,,,,,,,,,,,,,75.86,49.01,93.76,,,,1195366.82,112435.42,4684377.37,371042.12,,,1163482.99,2965071.99,8985723.28,,,,,,,,,,,,-0.23,0.66,1.13,1.12,,1.48,0.02,,,-0.5,1.26,0.14,1.49,0.38,0.32,0.95,0.88,0.78,0.0,0.62,0.61,0.71,0.7,0.43,0.44,0.68,0.56,0.49,66.97,1.45,0.19,,0.71,0.03,0.52,0.52,0.47,1.19,0.76,,,,,,103885.0,4165.0,1098.0,1090.0,29.0,0.204,317.0,213.0,171.0,581.0,83.0,107.0,100.0,109.16,2386.0,1696.0,389.0,66.0,,,,,,106913.0,17698.0,3812.0,1137.0,,,,,,,,,,36.12,95.98,,,,,,,,,,,,,,,,,,,,,,,,,,167763.051685045,
1999-05-01,,,,,,,,,3521.0,6587.0,10215.0,3558.0,,,,,,,,,,,,,,,77.29,50.86,94.91,,,,1168759.5,112536.45,4683053.67,369060.84,,,1155316.94,2965715.87,8986100.01,,,,,,,,,,,,-0.95,0.18,0.68,0.76,,1.27,0.33,,,-1.21,1.27,0.12,0.68,0.22,-0.34,0.65,2.07,0.48,-0.02,0.61,0.51,0.25,0.31,0.29,0.24,0.49,0.57,0.41,57.36,0.95,-0.14,,-0.29,-0.34,0.08,0.86,-0.37,-0.22,-0.7,,,,,,108230.0,4752.0,1065.0,1070.0,30.0,0.203,304.0,212.0,183.0,573.0,82.0,105.0,95.0,107.38,2939.0,2063.0,496.0,67.0,,,,,,81458.0,15503.0,3753.0,934.0,,,,,,,,,,27.11,104.39,,,,,,,,,,,,,,,,,,,,,,,,,,180632.436519638,
1999-06-01,,,,,,,,,3449.0,6642.0,10411.0,3564.0,,,,,,,,,,,,,,,91.51,60.45,112.22,,,,1144360.16,112329.24,4693959.32,367561.85,,,1150079.52,2975207.22,8998541.14,,,,,,,,,,,,-1.28,0.75,0.45,0.74,,0.5,0.31,,,-1.42,0.59,-0.01,1.62,-0.1,-0.74,0.47,0.79,-0.1,-0.1,0.25,0.41,0.04,0.17,0.27,0.25,0.08,0.38,0.24,51.65,0.52,-0.08,,0.36,1.02,0.65,0.41,-0.08,-0.06,0.33,,,,,,110777.0,5107.0,1106.0,1060.0,31.0,0.207,315.0,232.0,185.0,594.0,82.0,105.0,99.0,104.78,3876.0,2651.0,599.0,76.0,,,,,,83286.0,15213.0,4058.0,1242.0,,,,,,,,,,22.01,98.23,,,,,,,,,,,,,,,,,,,,,,,,,,179466.695155495,106.34
1999-07-01,,,,,,,,,3413.0,6611.0,10467.0,3537.0,,,,,,,,,,,,,,,99.11,66.07,121.14,,,,1134008.68,111857.75,4703367.54,365725.33,,,1138881.49,2978048.83,8998216.99,,,,,,,,,,,,-0.24,1.21,0.08,0.47,,0.42,0.16,,,-0.32,0.46,0.02,5.83,0.1,0.06,0.28,0.35,0.33,-0.11,0.21,0.64,0.18,0.2,0.33,0.31,0.51,0.56,0.3,55.26,0.49,-0.01,,1.55,1.59,1.2,0.46,1.09,1.39,2.01,,,,,,109826.0,4437.0,1049.0,1081.0,31.0,0.202,317.0,223.0,192.0,588.0,87.0,103.0,100.0,99.94,4436.0,3003.0,731.0,112.0,,,,,,95450.0,15730.0,3731.0,1032.0,,,,,,,,,,20.74,91.95,,,,,,,,,,,,,,,,,,,,,,,,,,170987.894622723,
1999-08-01,,,,,,,,,3483.0,6581.0,10804.0,3622.0,,,,,,,,,,,,,,,98.17,64.59,120.56,,,,1121567.01,111683.6,4701717.59,363542.97,,,1130320.5,2977010.36,8999404.36,,,,,,,,,,,,0.13,0.84,0.08,-0.12,1.41,0.93,-0.13,0.4,0.0,0.17,0.43,0.08,1.55,0.24,0.36,0.04,0.46,0.32,0.15,0.26,0.43,0.23,0.28,0.41,0.43,0.46,0.44,0.25,53.13,0.56,0.04,,1.56,1.45,0.48,0.69,0.74,1.58,2.24,,,,,,123126.0,4735.0,1426.0,1095.0,31.0,0.205,291.0,223.0,199.0,625.0,85.0,105.0,91.0,103.37,5121.0,3668.0,850.0,150.0,,,,,,98557.0,17579.0,4587.0,992.0,,,,,,,,,,19.51,100.27,,,,,,,,,,,,,,,,,,,,,,,,,,181435.835980672,
1999-09-01,,,,,,,,,3618.0,6795.0,10750.0,3723.0,,,,,,,,,,,,,,,99.03,64.57,122.0,,,,1105066.93,111565.66,4708141.9,362220.39,,,1125912.35,2978408.23,9001676.09,,,,,,,,,,,,0.34,0.2,0.13,0.35,0.55,0.69,-0.09,0.07,-0.24,0.42,0.43,-0.07,0.55,0.24,0.43,0.39,0.45,0.34,0.12,0.18,0.24,0.11,0.17,0.24,0.4,0.34,0.26,0.21,58.4,0.47,-0.1,,1.45,1.47,0.19,0.86,0.91,1.49,2.16,,,,,,124331.0,4658.0,1455.0,1110.0,30.0,0.209,302.0,217.0,187.0,634.0,72.0,107.0,95.0,104.68,5703.0,4208.0,943.0,176.0,,,,,,86731.0,15470.0,4278.0,892.0,,,,,,,,,,19.38,97.97,,,,,,,,,,,,,,,,,,,,,,,,,,181776.93715153,106.34
1999-10-01,,,,,,,,,3590.0,6674.0,10742.0,3699.0,,,,,,,,,,,,,,,95.52,61.94,117.91,,,,1090006.74,111829.82,4736040.76,361621.25,,,1121054.81,2982083.93,9008258.19,,,,,,,,,,,,1.77,0.02,0.34,1.04,3.24,0.4,0.18,0.0,-0.06,2.3,2.09,0.0,0.75,1.34,1.59,0.85,4.4,2.43,0.13,1.06,0.9,0.38,0.32,0.48,0.68,1.32,0.95,0.39,66.41,0.7,-0.01,,1.7,1.89,0.92,1.01,1.13,1.54,2.5,,,,,,104168.0,4689.0,1133.0,1097.0,32.0,0.206,295.0,214.0,191.0,623.0,74.0,111.0,92.0,101.05,6451.0,4965.0,1042.0,178.0,,,,,,65483.0,11680.0,3484.0,692.0,,,,,,,,,,18.91,100.39,,,,,,,,,,,,,,,,,,,,,,,,,,182063.062309503,
1999-11-01,,,,,,,,,3683.0,6715.0,10864.0,3696.0,,,,,,,,,,,,,,,93.87,64.52,113.43,,,,1083362.09,112234.16,4753763.39,361924.86,,,1119066.96,2986010.4,9025079.05,,,,,,,,,,,,1.35,0.43,0.91,0.61,2.15,0.29,0.04,0.16,-0.07,1.66,0.55,0.13,1.86,0.65,1.21,0.54,0.67,1.05,0.19,0.34,0.42,0.37,0.33,0.32,0.46,0.64,0.33,0.34,64.06,0.48,0.19,,2.39,2.53,1.12,0.91,1.48,2.21,3.26,,,,,,102213.0,5485.0,972.0,1139.0,32.0,0.207,293.0,219.0,200.0,662.0,76.0,90.0,92.0,109.81,7083.0,6144.0,1151.0,180.0,,,,,,64201.0,11406.0,4135.0,659.0,,,,,,,,,,18.95,100.52,,,,,,,,,,,,,,,,,,,,,,,,,,183363.744796184,
1999-12-01,,,,,,,,,3749.0,6797.0,10667.0,3631.0,,,,,,,,,,,,,,,94.62,64.17,114.92,,,,1083302.8,112695.97,4774160.37,361340.08,,,1120762.29,3001668.76,9058610.74,,,,,,,,,,,,1.41,0.41,0.62,0.69,0.33,0.15,0.33,0.46,-0.04,1.55,0.17,0.39,0.67,0.57,1.06,0.67,-0.18,0.86,0.24,0.28,0.45,0.64,0.43,0.46,0.58,0.52,0.32,0.46,67.77,0.45,0.4,,1.81,1.23,0.6,1.04,0.49,2.35,2.6,,,,,,77064.0,3607.0,540.0,1185.0,33.0,0.211,339.0,221.0,194.0,610.0,77.0,105.0,106.0,109.23,8166.0,8341.0,1286.0,258.0,,,,,,62917.0,11178.0,3750.0,501.0,,,,,,,,,,18.99,103.28,,,,,,,,,,,,,,,,,,,,,,,,,,170276.954819725,107.85
2000-01-01,,,,,,,,,4083.0,7230.0,10024.0,3724.0,,,,,,,,,,,,,,,100.91,71.17,120.73,,,,1085747.84,113088.94,4783661.13,359988.04,,,1121418.1,3017150.92,9058845.66,,,,,,,,,,,,0.84,0.19,0.43,0.21,0.39,0.59,0.12,3.05,1.82,0.94,0.47,0.66,0.54,0.65,0.81,0.28,0.5,0.46,0.87,0.56,0.64,0.43,0.34,0.4,0.47,0.49,0.62,0.34,68.75,0.49,0.21,,1.24,1.02,1.01,1.07,0.57,1.22,1.29,,,,,,88435.0,3413.0,856.0,1155.0,32.0,0.217,279.0,193.0,174.0,520.0,79.0,86.0,88.0,120.4,383.0,427.0,104.0,2.0,,,,,,69984.0,9414.0,3666.0,934.0,,,,,,,,,,18.94,103.94,,,,,,,,,,,,,,,,,,,,,,,,,,188855.098810556,
2000-02-01,,,,,,,,,4016.0,7001.0,10388.0,3652.0,98.19,53.25,86.02,33.52,62.75,,,,,,,,,,107.34,86.37,121.31,,,,1097850.91,113341.66,4810607.88,358557.07,,,1122776.75,3028608.49,9087086.62,,,,,,,,,,,,-0.25,0.01,0.29,-0.67,0.4,0.22,0.36,1.32,0.04,-0.5,0.47,0.43,-0.15,0.23,-0.22,-0.08,1.0,0.1,0.38,0.45,0.33,0.18,0.23,0.19,0.43,0.28,0.37,0.13,53.52,0.19,0.26,,0.35,0.19,0.05,0.77,-0.23,0.55,0.41,,,,,,120251.0,5078.0,1266.0,1121.0,31.0,0.213,324.0,212.0,181.0,618.0,79.0,91.0,102.0,113.54,989.0,776.0,193.0,4.0,,,,,,82262.0,10790.0,4675.0,1209.0,,,,,,,,,,18.87,100.76,,,,,,,,,,,,,,,,,,,,,,,,,,195638.389127741,
2000-03-01,,,,,,,,,4099.0,7099.0,10769.0,3695.0,97.43,53.46,87.46,34.29,61.85,,,,,,,,,,100.09,79.93,113.53,,,,1102189.47,113128.92,4828458.58,356404.87,,,1119394.57,3056899.62,9106645.71,,,,,,,,,,,,-0.46,0.17,0.28,-1.44,1.68,0.27,-0.07,-0.26,0.07,-0.63,0.17,-0.07,1.22,-0.11,-0.29,-1.13,0.88,-0.33,0.15,0.06,0.16,-0.1,-0.03,0.21,0.37,0.2,0.23,0.1,51.17,-0.06,0.0,,0.15,0.18,0.51,0.56,0.23,0.13,-0.06,,,,,,123461.0,5635.0,1634.0,1189.0,37.0,0.221,278.0,218.0,185.0,567.0,74.0,82.0,88.0,122.49,1924.0,1215.0,293.0,8.0,,,,,,76748.0,10062.0,4449.0,1457.0,,,,,,,,,,18.85,101.2,,,,,,,,,,,,,,,,,,,,,,,,,,213088.275399579,108.98
2000-04-01,,,,,,,,,4065.0,6962.0,10942.0,3628.0,97.9,53.72,89.23,34.46,62.33,,,,,,,,,,93.93,70.42,109.61,,,,1083302.43,113232.95,4822943.75,355774.09,,,1117067.41,3067640.6,9128404.64,,,,,,,,,,,,-0.36,0.0,0.19,0.72,0.51,0.07,3.55,0.01,-0.29,-0.54,0.47,1.27,0.06,0.54,-0.29,0.56,0.69,0.04,1.11,0.86,0.62,0.15,0.2,0.17,0.45,0.59,0.7,0.18,56.84,0.32,0.1,,0.23,0.13,0.25,0.6,0.09,0.35,0.04,,,,,,121388.0,5612.0,2116.0,1161.0,38.0,0.222,297.0,216.0,161.0,598.0,74.0,87.0,94.0,118.3,2314.0,1573.0,406.0,11.0,,,,,,91613.0,15544.0,4445.0,1707.0,,,,,,,,,,18.62,103.8,,,,,,,,,,,,,,,,,,,,,,,,,,206125.063585677,
2000-05-01,,,,,,,,,3931.0,6910.0,10882.0,3725.0,95.22,53.95,87.65,34.89,64.01,,,,,,,,,,89.44,69.29,102.87,,,,1112385.16,113222.92,4836588.22,353557.95,,,1114569.63,3076227.42,9137422.34,,,,,,,,,,,,-0.67,0.45,0.25,0.35,0.13,0.03,0.13,0.07,0.18,-0.98,0.37,0.02,0.26,-0.07,-0.56,0.53,0.45,-0.03,-0.12,0.2,0.19,0.11,0.16,0.11,0.35,0.17,0.16,0.01,51.76,0.33,0.01,0.09,0.31,0.67,0.4,1.35,0.03,0.18,0.2,,,,,,135402.0,6784.0,2552.0,1159.0,40.0,0.225,288.0,226.0,165.0,592.0,75.0,88.0,91.0,122.15,2859.0,1944.0,568.0,13.0,,,,,,98154.0,17776.0,5276.0,1883.0,,,,,,,,,,18.51,99.64,,,,,,,,,,,,,,,,,,,,,,,,,,215740.868021311,
2000-06-01,,,,,,,,,3736.0,6737.0,11216.0,3756.0,95.19,54.83,89.04,35.4,63.09,,,,,,,,,,94.54,74.58,107.86,,,,1133448.67,113813.36,4841880.28,351469.97,,,1114613.91,3090166.36,9167004.22,,,,,,,,,,,,0.11,-0.03,0.42,0.92,0.03,0.44,0.04,-0.19,2.68,0.07,0.51,0.09,0.19,0.25,0.26,0.61,0.38,0.6,-0.15,0.3,0.31,0.34,0.36,0.13,0.42,0.27,0.35,0.1,53.52,0.62,0.12,0.08,0.85,0.93,-0.01,0.73,0.18,0.76,1.25,,,,,,136157.0,6339.0,2676.0,1209.0,37.0,0.232,320.0,236.0,178.0,644.0,74.0,79.0,101.0,117.66,3571.0,2356.0,744.0,17.0,,,,,,88517.0,20647.0,5220.0,1538.0,,,,,,,,,,18.04,101.3,,,,,,,,,,,,,,,,,,,,,,,,,,209701.00333292,110.53
2000-07-01,,,,,,,,,3756.0,6731.0,11049.0,3751.0,93.16,54.9,88.98,36.18,66.74,,,,,,,,,,98.31,74.01,114.5,,,,1138376.61,114370.36,4866007.17,349669.98,,,1114894.14,3102758.68,9195819.23,,,,,,,,,,,,1.78,1.29,0.33,0.79,2.98,0.48,0.2,-0.25,7.61,2.38,0.51,-0.01,4.23,0.74,1.56,0.59,0.75,1.38,0.0,0.26,0.82,0.19,0.13,0.57,0.58,0.82,0.66,0.58,66.02,0.37,-0.1,0.78,1.57,2.26,1.91,0.3,1.4,1.22,1.98,,,,,,132860.0,6462.0,2429.0,1187.0,35.0,0.23,275.0,230.0,174.0,579.0,82.0,82.0,87.0,112.32,4247.0,4336.0,927.0,19.0,,,,,,97353.0,17754.0,5092.0,1501.0,,,,,,,,,,16.85,101.01,,,,,,,,,,,,,,,,,,,,,,,,,,213410.634747863,
2000-08-01,,,,,,,,,3650.0,6759.0,11271.0,3790.0,88.2,54.57,86.92,36.83,67.34,,,,,,,,,,91.2,68.83,106.11,,,,1139416.8,114965.2,4884353.47,348877.7,,,1117702.97,3118580.75,9229866.76,,,,,,,,,,,,2.07,0.43,0.82,0.42,2.7,0.89,0.32,0.2,-0.04,2.58,0.42,0.25,2.63,0.86,1.66,0.51,0.69,1.1,0.57,0.34,0.43,0.37,0.38,0.44,0.58,0.82,0.45,0.35,65.43,0.38,0.39,1.99,2.39,1.82,0.86,0.39,1.55,2.52,3.1,,,,,,151584.0,7657.0,2262.0,1192.0,35.0,0.224,291.0,231.0,196.0,646.0,72.0,71.0,84.0,106.5,4882.0,4867.0,1118.0,56.0,,,,,,107994.0,19109.0,5711.0,1445.0,,,,,,,,,,16.52,98.25,,,,,,,,,,,,,,,,,,,,,,,,,,229612.315636229,
2000-09-01,,,,,,,,,3886.0,6985.0,11094.0,3812.0,90.14,55.08,88.28,36.22,65.01,,,,,,,,,,92.02,72.96,104.73,,,,1134658.67,115309.29,4900427.75,347837.06,,,1118310.79,3130904.44,9260759.16,,,,,,,,,,,,0.53,0.14,0.61,0.57,-0.01,-0.11,0.18,0.26,0.19,0.61,0.3,0.15,-0.03,0.32,0.41,0.5,0.38,0.25,0.4,0.23,0.26,0.27,0.26,0.18,0.4,0.23,0.23,0.13,59.38,0.34,0.19,0.45,1.16,0.69,0.04,0.26,0.27,1.52,1.81,,,,,,132418.0,7081.0,1975.0,1299.0,34.0,0.235,316.0,228.0,174.0,631.0,76.0,71.0,79.0,118.86,5507.0,5339.0,1305.0,58.0,,,,,,94587.0,19897.0,5205.0,991.0,,,,,,,,,,16.56,100.47,,,,,,,,,,,,,,,,,,,,,,,,,,217909.921620617,111.83
2000-10-01,,,,,,,,,4014.0,7126.0,11350.0,3824.0,90.5,54.14,85.02,36.14,65.95,,,,,,,,,,98.51,79.11,111.45,,,,1094657.34,115614.3,4916710.07,346659.58,,,1119442.93,3140588.25,9281283.87,,,,,,,,,,,,0.16,0.04,0.39,0.63,0.13,-0.06,0.17,0.1,0.05,0.1,0.32,0.15,-0.04,0.21,0.04,0.57,0.49,0.02,0.43,0.24,0.22,0.25,0.23,0.17,0.4,0.18,0.2,0.1,57.62,0.28,0.18,0.18,0.38,0.37,0.02,0.33,0.01,0.51,0.59,,,,,,131719.0,7054.0,1522.0,1314.0,39.0,0.233,312.0,215.0,170.0,639.0,76.0,70.0,78.0,113.45,7411.0,5886.0,1502.0,96.0,,,,,,102438.0,21104.0,5723.0,1228.0,,,,,,,,,,16.6,100.49,,,,,,,,,,,,,,,,,,,,,,,,,,228595.259397844,
2000-11-01,,,,,,,,,4190.0,7053.0,11422.0,3914.0,89.85,54.58,87.44,36.91,67.2,,,,,,,,,,99.37,73.14,116.86,,,,1091234.75,115866.53,4947164.19,346575.15,,,1118518.15,3154764.6,9311206.78,,,,,,,,,,,,-0.07,0.74,0.53,0.51,0.71,-0.11,0.07,0.2,0.1,-0.16,0.15,0.11,1.07,0.06,-0.13,0.43,0.15,-0.04,0.19,0.13,0.3,0.22,0.19,0.21,0.3,0.24,0.16,0.19,56.84,0.22,0.16,0.17,0.29,0.39,0.4,0.41,-0.05,0.35,0.36,,,,,,122081.0,5654.0,1185.0,1366.0,34.0,0.241,315.0,221.0,171.0,647.0,91.0,71.0,79.0,118.14,8999.0,8253.0,1596.0,102.0,,,,,,99997.0,18672.0,5344.0,1042.0,,,,,,,,,,16.51,102.16,,,,,,,,,,,,,,,,,,,,,,,,,,228718.955426837,
2000-12-01,,,,,,,,,4201.0,7021.0,10873.0,3740.0,90.15,55.45,87.0,37.04,66.9,,,,,,,,,,100.82,77.35,116.47,,,,1104152.45,116140.58,4967205.88,346086.51,,,1118020.29,3167598.63,9342294.38,,,,,,,,,,,,-0.48,0.96,0.55,1.07,1.87,-0.09,0.49,0.21,0.04,-0.73,0.21,0.19,2.32,-0.02,-0.5,0.79,0.09,0.07,-0.12,0.2,0.3,0.11,0.24,0.3,0.36,0.41,0.35,0.3,55.86,0.38,0.12,0.6,0.63,0.76,0.62,0.64,0.26,0.51,0.66,,,,,,117675.0,4345.0,830.0,1419.0,37.0,0.247,324.0,209.0,151.0,571.0,89.0,71.0,81.0,122.51,10283.0,10734.0,1908.0,121.0,,,,,,117834.0,26881.0,5281.0,1599.0,,,,,,,,,,16.19,107.94,,,,,,,,,,,,,,,,,,,,,,,,,,212658.4629352,113.2
2001-01-01,,,,,,,,,4288.0,7357.0,10426.0,3808.0,90.84,55.52,88.72,36.32,67.54,,,,,,,,,,111.34,104.53,115.88,,,,1114312.74,116584.59,4988595.55,345979.5,,,1118717.06,3178471.71,9360869.0,,,,,,,,,,,,0.63,0.65,0.6,-0.05,0.72,0.17,0.38,1.41,0.32,0.82,0.33,0.41,0.83,0.47,0.64,0.35,0.32,0.28,0.7,0.37,0.52,0.34,0.35,0.35,0.41,0.45,0.47,0.34,64.26,0.42,0.29,0.63,0.62,0.49,0.64,0.58,0.38,0.63,0.66,55.43,,,,,109553.0,5544.0,1262.0,1319.0,38.0,0.237,300.0,204.0,163.0,560.0,91.0,64.0,75.0,120.96,945.0,301.0,188.0,4.0,,,,,,95858.0,22305.0,4546.0,1168.0,82.8,,,,,,,,,15.49,104.11,,,,,,,,,,,,,,,,,,,,,,,,,,216398.081266262,
2001-02-01,,,,,,,,,4393.0,7266.0,10856.0,3894.0,91.09,55.71,89.19,36.42,67.06,,,,,,,,,,113.47,104.07,119.74,,,,1112138.9,117323.79,5006372.9,346246.17,,,1119289.84,3191868.0,9391460.09,,,,,,,,,,,,0.05,0.38,0.13,-0.56,0.77,0.72,0.18,2.88,0.14,-0.11,0.43,0.71,0.58,0.41,0.27,-0.26,0.46,0.1,0.77,0.57,0.63,0.35,0.38,0.35,0.52,0.53,0.67,0.45,58.01,0.45,0.32,0.5,0.23,0.34,0.4,0.34,0.11,0.4,0.08,55.83,,,,,127632.0,5921.0,1572.0,1341.0,36.0,0.245,308.0,206.0,153.0,576.0,89.0,63.0,77.0,122.4,1758.0,535.0,321.0,13.0,,,,,,92482.0,20609.0,4033.0,1179.0,82.6,,,,,,,,,15.2,105.14,,,,,,,,,,,,,,,,,,,,,,,,,,196642.950817743,
2001-03-01,,,,,,,,,4358.0,7423.0,10892.0,3813.0,89.86,55.49,88.92,36.07,67.79,,,,,,,,,,108.55,90.6,120.51,,,,1107690.59,117479.23,5007883.74,346458.39,,,1119690.33,3208581.88,9427418.63,,,,,,,,,,,,1.17,0.15,-0.06,-0.42,0.12,0.6,0.04,0.49,0.07,1.27,0.35,0.19,0.02,0.51,1.08,-0.21,0.4,0.41,0.62,0.28,0.27,0.3,0.3,0.29,0.57,0.34,0.28,0.29,60.55,0.43,0.19,0.36,0.56,0.8,0.56,0.27,0.51,0.36,0.65,53.04,,,,,162669.0,7941.0,1953.0,1260.0,40.0,0.24,306.0,214.0,156.0,642.0,93.0,65.0,77.0,122.21,3754.0,1032.0,519.0,18.0,,,,,,120790.0,26490.0,6125.0,1700.0,82.6,,,,,,,,,15.39,105.33,,,,,,,,,,,,,,,,,,,,,,,,,,224550.774086235,113.61
2001-04-01,,,,,,,,,4480.0,7382.0,11307.0,3927.0,91.9,55.0,87.16,35.4,68.24,,,,,,,,,,105.22,88.88,116.11,,,,1093702.73,116858.79,4994797.97,345472.91,,,1120695.47,3224692.34,9449063.74,,,,,,,,,,,,1.8,0.64,0.11,-0.11,-0.32,0.19,0.98,0.64,0.0,2.15,0.19,0.61,-0.06,0.8,1.5,0.1,0.15,0.6,1.04,0.39,0.44,0.4,0.32,0.32,0.46,0.42,0.32,0.39,60.94,0.28,0.35,0.5,1.0,1.13,0.86,0.36,0.61,0.94,1.24,54.4,,,,,151111.0,6575.0,2277.0,1269.0,39.0,0.234,312.0,208.0,152.0,617.0,87.0,61.0,78.0,118.71,4505.0,1379.0,696.0,20.0,,,,,,108687.0,24291.0,5621.0,1321.0,82.0,,,,,,,,,16.02,107.87,,,,,,,,,,,,,,,,,,,,,,,,,,215937.032430926,
2001-05-01,,,,,,,,,4149.0,6948.0,11338.0,3876.0,92.63,53.9,91.01,35.29,65.14,,,,,,,,,,102.4,83.55,114.97,,,,1114224.71,117324.11,5003676.11,344453.87,,,1118422.39,3244322.21,9473857.89,,,,,,,,,,,,0.58,1.06,-0.07,0.14,0.3,-0.05,0.5,0.07,0.05,0.51,0.3,0.46,0.42,0.41,0.34,0.27,0.54,0.45,0.36,0.38,0.51,0.49,0.42,0.48,0.6,0.49,0.39,0.42,57.03,0.26,0.57,0.49,0.86,0.44,0.41,2.11,0.17,1.1,0.79,53.77,,,,,170805.0,8059.0,2337.0,1201.0,38.0,0.234,309.0,226.0,158.0,626.0,88.0,61.0,77.0,113.08,5464.0,1810.0,895.0,23.0,,,,,,119188.0,26034.0,5865.0,1729.0,80.8,,,,,,,,,16.43,107.67,,,,,,,,,,,,,,,,,,,,,,,,,,219136.886271837,
2001-06-01,,,,,,,,,3537.0,5919.0,10662.0,3605.0,92.67,54.78,90.97,33.93,64.0,,,,,,,,,,79.44,64.82,89.18,,,,1123703.01,117235.49,5007776.34,344441.12,,,1112303.6,3256587.0,9489019.19,,,,,,,,,,,,0.1,1.02,0.04,1.04,1.34,-0.64,0.08,0.14,1.17,-0.17,0.12,0.42,1.51,0.17,-0.33,0.89,0.24,0.26,0.05,0.27,0.74,0.45,0.37,0.54,0.73,0.76,0.75,0.45,57.62,0.16,0.58,0.38,0.98,1.46,0.52,1.16,0.85,0.69,1.31,56.15,,,,,143908.0,7155.0,2057.0,1294.0,41.0,0.238,317.0,232.0,166.0,655.0,85.0,61.0,90.0,90.92,6364.0,2970.0,1158.0,26.0,,,,,,103780.0,23150.0,5031.0,1549.0,80.0,,,,,,,,,17.28,107.47,,,,,,,,,,,,,,,,,,,,,,,,,,207919.28073349,113.07
2001-07-01,,,,,,,,,2932.0,5076.0,9178.0,3261.0,91.18,54.49,83.89,34.51,63.68,,,,,,,,,,87.2,68.72,99.52,,,,1120696.8,117419.78,5008355.13,344625.55,,,1106411.38,3271035.46,9524991.64,,,,,,,,,,,,0.67,1.97,0.36,0.69,2.08,0.3,1.27,0.2,5.43,0.53,0.37,0.84,3.4,0.58,0.44,0.59,0.31,0.72,0.43,0.6,1.21,0.74,0.61,0.87,0.65,1.05,0.96,0.58,66.41,0.48,0.73,0.94,1.48,1.62,1.36,0.52,1.21,1.32,1.73,52.94,,,,,133595.0,6903.0,1913.0,1304.0,41.0,0.24,287.0,226.0,162.0,645.0,91.0,57.0,81.0,92.33,7011.0,3300.0,1439.0,48.0,,,,,,107953.0,23761.0,5578.0,1536.0,79.3,,,,,,,,,18.57,108.08,,,,,,,,,,,,,,,,,,,,,,,,,,211200.349138892,
2001-08-01,,,,,,,,,2945.0,5091.0,9520.0,3251.0,91.44,54.26,89.39,33.97,58.81,,,,,,,,,,86.38,68.8,98.1,,,,1118853.97,117207.45,5003468.32,345162.08,,,1099150.91,3289036.25,9555840.73,,,,,,,,,,,,0.83,0.78,0.25,0.43,0.64,0.73,1.05,0.45,0.39,0.89,0.46,0.58,0.96,0.61,0.88,0.44,0.17,0.63,0.59,0.52,0.73,0.69,0.56,0.6,0.56,0.71,0.61,0.57,65.82,0.81,0.34,1.18,1.38,0.9,0.54,0.62,1.15,1.67,1.75,52.72,,,,,130675.0,7123.0,2174.0,1286.0,39.0,0.237,302.0,228.0,159.0,701.0,90.0,58.0,85.0,106.34,8350.0,5151.0,1641.0,55.0,,,,,,107488.0,24333.0,5957.0,1569.0,78.8,,,,,,,,,19.0,107.99,,,,,,,,,,,,,,,,,,,,,,,,,,217420.135324,
2001-09-01,,,,,,,,,3172.0,5243.0,9586.0,3337.0,91.61,55.49,88.48,34.79,55.88,,,,,,,,,,90.74,70.18,104.44,,,,1122966.56,117159.88,4997167.88,344260.37,,,1090872.6,3306058.37,9571870.22,,,,,,,,,,,,0.39,0.55,0.17,0.24,0.07,0.37,0.16,0.4,-0.15,0.19,0.11,0.36,0.44,0.22,0.29,0.39,-0.37,0.29,0.14,0.23,0.4,0.46,0.47,0.3,0.57,0.41,0.36,0.34,63.67,0.44,0.49,0.38,0.31,0.38,0.12,0.55,0.32,0.63,0.34,53.43,,,,,119591.0,5975.0,1780.0,1305.0,42.0,0.241,294.0,221.0,164.0,673.0,84.0,55.0,83.0,114.36,9065.0,5874.0,1906.0,60.0,,,,,,82538.0,19380.0,5148.0,1237.0,78.2,,,,,,,,,19.06,107.16,,,,,,,,,,,,,,,,,,,,,,,,,,207107.135088589,112.47
2001-10-01,,,,,,,,,3266.0,5185.0,9566.0,3288.0,90.24,54.9,89.68,34.98,56.32,,,,,,,,,,80.65,62.66,92.65,,,,1131938.63,117457.47,5019329.29,345964.41,,,1085637.69,3328849.49,9605781.91,,,,,,,,,,,,1.15,0.67,1.09,0.61,0.98,0.3,1.31,0.01,0.07,1.37,0.67,0.34,1.15,0.71,1.25,0.51,0.47,1.03,0.35,0.51,0.48,0.41,0.39,0.43,0.57,0.56,0.49,0.39,65.43,0.49,0.31,0.37,1.18,1.45,0.71,0.93,0.74,0.87,1.53,53.11,,,,,108636.0,6469.0,2093.0,1178.0,42.0,0.234,296.0,225.0,162.0,701.0,87.0,60.0,83.0,113.52,10325.0,6653.0,2168.0,75.0,,,,,,95989.0,22789.0,5450.0,1436.0,77.7,,,,,,,,,19.06,107.02,,,,,,,,,,,,,,,,,,,,,,,,,,230894.256300335,
2001-11-01,,,,,,,,,3412.0,5391.0,9686.0,3335.0,91.37,54.66,88.7,34.53,54.8,,,,,,,,,,78.31,65.5,86.86,,,,1115414.02,118012.82,5042806.94,346655.8,,,1083128.87,3349889.04,9633806.59,,,,,,,,,,,,1.31,0.68,1.14,0.89,0.35,0.45,0.6,0.31,0.04,1.31,0.9,0.3,0.55,0.77,1.23,0.79,0.81,1.25,0.22,0.6,0.68,0.74,0.61,0.54,0.77,0.63,0.55,0.56,68.36,0.74,0.49,0.99,1.1,0.76,0.85,0.74,0.61,1.27,1.3,52.92,,,,,117170.0,5820.0,1750.0,1339.0,43.0,0.252,293.0,217.0,144.0,684.0,85.0,58.0,83.0,113.69,11532.0,7779.0,2454.0,80.0,,,,,,99826.0,20259.0,4737.0,1375.0,77.8,,,,,,,,,19.05,108.14,,,,,,,,,,,,,,,,,,,,,,,,,,226413.711250155,
2001-12-01,,,,,,,,,3501.0,5341.0,9521.0,3267.0,89.73,55.04,87.65,35.4,53.78,,,,,,,,,,86.28,71.36,96.22,,,,1095518.63,118551.55,5069880.37,347725.53,,,1082200.0,3367738.89,9663067.3,,,,,,,,,,,,0.56,0.48,1.25,1.91,0.69,0.99,0.17,0.12,-0.05,0.48,1.2,0.34,0.51,0.7,0.72,1.52,1.03,1.04,0.32,0.78,0.77,0.86,0.91,0.57,0.78,0.72,0.79,0.57,67.58,1.4,0.46,0.55,0.22,0.18,0.7,0.34,0.25,0.42,-0.08,52.85,,,,,99980.0,3766.0,778.0,1423.0,43.0,0.265,298.0,219.0,140.0,574.0,84.0,62.0,84.0,120.67,12760.0,9298.0,2762.0,396.0,,,,,,98282.0,20444.0,4938.0,1394.0,79.1,,,,,,,,,19.05,108.17,,,,,,,,,,,,,,,,,,,,,,,,,,201533.317054888,112.16
2002-01-01,74.9,91.8,63.9,94.2,93.3,84.1,95.4,,3639.0,5771.0,9431.0,3483.0,94.65,55.03,88.35,36.99,54.37,,,,,,,,,,87.04,70.7,97.93,,,,1098483.74,118470.73,5082902.84,348136.95,,,1079916.55,3394685.22,9688818.25,,,,,,,,,,,,0.85,2.81,1.05,0.55,-1.5,0.3,0.57,0.41,0.43,0.86,0.68,0.29,0.36,0.58,0.74,0.61,0.85,0.57,0.59,0.49,0.74,0.44,0.44,0.48,0.52,0.57,0.56,0.6,73.83,0.63,0.27,0.62,0.36,0.19,0.79,0.36,0.57,0.26,0.14,52.99,,,,,110194.0,4826.0,1810.0,1442.0,44.0,0.271,299.0,194.0,148.0,588.0,84.0,56.0,91.0,120.43,1024.0,509.0,249.0,20.0,,,,,,88892.0,19863.0,4879.0,1037.0,80.4,,,,,,,,,19.05,109.43,,,,,,,,,,,,,,,,,,,,,,,,,,217456.369514311,
2002-02-01,76.8,94.3,66.8,95.9,95.7,89.9,96.9,,3708.0,5703.0,9919.0,3365.0,96.53,54.68,87.07,36.01,52.83,,,,,,,,,,90.66,74.34,101.54,,,,1102901.79,118892.67,5099626.57,348257.26,,,1080451.85,3413676.88,9707898.89,,,,,,,,,,,,0.2,0.23,0.66,-0.67,-0.5,1.1,0.37,4.7,0.4,0.01,0.55,1.15,-0.38,0.64,0.41,-0.14,0.48,0.36,0.97,0.84,0.74,0.47,0.51,0.44,0.54,0.53,0.8,0.42,62.11,0.62,0.42,0.44,0.06,0.18,0.14,0.58,0.26,0.14,-0.09,51.72,132329.0,,,,108600.0,5345.0,2055.0,1435.0,41.0,0.278,308.0,210.0,126.0,614.0,84.0,55.0,97.0,123.5,1792.0,2046.0,501.0,22.0,,,,,,75704.0,16472.0,4165.0,1047.0,80.0,,,,,,,,,18.97,111.38,,,,,,,,,,,,,,,,,,,,,,,,,,201430.861758146,
2002-03-01,77.8,93.3,66.0,95.4,96.2,91.1,97.3,,3696.0,5818.0,10362.0,3375.0,96.27,55.08,86.37,36.56,53.86,,,,,,,,,,91.3,77.69,100.37,,,,1110840.88,119271.46,5119442.61,349503.24,,,1082103.29,3432242.72,9736282.15,,,,,,,,,,,,0.39,0.93,-0.13,0.0,1.04,1.29,-0.25,0.65,0.02,0.21,0.53,0.32,1.21,0.38,0.61,0.06,0.16,0.31,0.45,0.43,0.52,0.51,0.55,0.47,0.58,0.54,0.45,0.61,62.11,0.62,0.49,0.4,0.09,0.11,0.42,0.55,0.07,0.18,-0.14,54.08,136183.0,,,,135421.0,6350.0,2116.0,1457.0,44.0,0.28,289.0,219.0,123.0,660.0,81.0,54.0,91.0,118.77,2401.0,2791.0,822.0,55.0,,,,,,96402.0,20749.0,4874.0,1528.0,79.6,,,,,,,,,18.72,112.06,,,,,,,,,,,,,,,,,,,,,,,,,,228087.98073349,114.94
2002-04-01,77.9,93.5,66.1,95.8,95.6,94.3,95.9,,3959.0,6259.0,10762.0,3739.0,95.79,54.93,86.2,36.54,54.18,,,,,,,,,,96.0,74.39,110.41,,,,1124206.92,119693.06,5123761.64,348814.48,,,1081206.54,3455082.93,9771703.74,,,,,,,,,,,,-0.32,1.4,-0.02,1.05,2.02,0.76,0.54,0.38,0.01,-0.39,0.62,0.4,2.16,0.3,-0.01,0.92,0.39,0.11,0.52,0.51,0.5,0.51,0.53,0.49,0.56,0.54,0.47,0.52,57.81,0.8,0.29,0.78,0.56,0.7,0.71,0.33,0.06,0.36,0.52,52.94,136288.0,,,,143109.0,6792.0,2433.0,1469.0,41.0,0.279,302.0,200.0,142.0,645.0,85.0,65.0,95.0,114.05,3204.0,3379.0,1071.0,63.0,,,,,,109123.0,22981.0,4892.0,1642.0,78.7,,,,,,,,,18.38,110.43,,,,,,,,,,,,,,,,,,,,,,,,,,236295.649566349,
2002-05-01,76.4,93.4,64.1,96.0,94.3,90.3,95.3,,3903.0,6215.0,10920.0,3691.0,94.44,55.6,85.3,35.85,51.08,,,,,,,,,,96.15,74.99,110.25,,,,1140207.01,119996.75,5126701.69,349573.66,,,1074080.26,3474826.5,9801178.68,,,,,,,,,,,,-0.59,0.28,0.83,1.39,0.33,0.17,0.68,0.44,0.0,-0.94,0.57,0.48,0.3,0.18,-0.52,1.17,0.48,0.08,0.3,0.53,0.48,0.38,0.53,0.35,0.51,0.4,0.48,0.46,56.84,0.71,0.36,0.42,0.83,1.11,0.28,2.53,0.06,0.7,0.81,55.33,129910.0,,,,135906.0,6443.0,2177.0,1482.0,48.0,0.277,291.0,223.0,134.0,633.0,80.0,64.0,92.0,121.59,4903.0,4030.0,1367.0,69.0,,,,,,93805.0,21932.0,5758.0,1470.0,78.2,,,,,,,,,18.37,110.39,,,,,,,,,,,,,,,,,,,,,,,,,,232050.002025771,
2002-06-01,78.6,93.8,64.8,97.1,94.2,90.2,95.0,,3631.0,6003.0,10898.0,3702.0,91.61,54.5,84.75,34.9,49.79,,,,,,,,,,84.4,66.6,96.27,,,,1144775.03,120037.61,5134153.68,349855.14,,,1073642.34,3504834.25,9827644.59,,,,,,,,,,,,0.08,1.09,0.06,1.39,0.32,0.23,0.29,0.18,0.22,0.11,0.18,0.12,1.14,0.14,0.04,1.02,-0.13,0.21,0.06,0.15,0.36,0.27,0.29,0.2,0.4,0.39,0.38,0.16,59.38,0.57,0.02,0.33,1.54,1.74,0.55,0.57,0.31,1.35,2.31,52.42,131515.0,,,,122977.0,5536.0,1945.0,1503.0,46.0,0.273,280.0,199.0,137.0,635.0,78.0,65.0,88.0,123.4,7054.0,4426.0,1660.0,82.0,,,,,,82449.0,18748.0,4662.0,1418.0,78.1,,,,,,,,,18.1,112.7,,,,,,,,,,,,,,,,,,,,,,,,,,207082.145991823,115.19
2002-07-01,78.8,94.1,65.3,96.4,95.8,89.0,97.3,,3450.0,5820.0,10720.0,3705.0,97.07,54.57,88.9,33.52,50.07,,,,,,,,,,93.81,77.16,104.91,,,,1145878.4,120100.28,5142504.88,350383.53,,,1069459.6,3531558.87,9849951.73,,,,,,,,,,,,1.05,1.8,0.21,0.91,0.55,0.53,1.02,0.12,9.31,1.23,0.34,0.65,2.56,0.66,0.9,0.7,0.12,0.61,0.72,0.49,1.13,0.68,0.55,0.58,0.51,0.85,0.91,0.68,61.33,0.59,0.51,0.77,1.95,2.05,1.03,0.29,0.67,1.86,2.66,54.01,130946.0,,,,125704.0,5938.0,1598.0,1454.0,40.0,0.263,285.0,226.0,125.0,656.0,76.0,72.0,90.0,123.61,8448.0,5457.0,2099.0,98.0,,,,,,96199.0,21080.0,4676.0,1530.0,78.0,,,,,,,,,18.17,112.93,,,,,,,,,,,,,,,,,,,,,,,,,,220813.654664849,
2002-08-01,77.7,93.4,60.5,95.3,94.6,82.8,96.8,,3625.0,6035.0,11024.0,3759.0,101.21,54.64,91.2,34.53,50.91,,,,,,,,,,89.8,69.76,103.16,,,,1146432.42,120556.58,5151899.36,351210.07,,,1066102.41,3554852.43,9871248.42,,,,,,,,,,,,1.94,0.43,0.66,0.21,-0.15,0.5,0.53,0.29,0.47,2.28,0.33,0.46,0.15,0.84,1.6,0.35,0.28,1.25,0.36,0.4,0.73,0.77,0.45,0.57,0.65,0.69,0.51,0.52,63.87,0.43,0.48,1.0,2.32,2.36,0.76,1.0,1.01,2.26,3.2,54.4,118099.0,,,,119726.0,5581.0,1866.0,1504.0,48.0,0.268,286.0,207.0,129.0,670.0,79.0,68.0,90.0,125.31,10080.0,8277.0,2460.0,103.0,,,,,,100218.0,21040.0,4051.0,1445.0,77.9,,,,,,,,,17.84,114.23,,,,,,,,,,,,,,,,,,,,,,,,,,241565.85007434,
2002-09-01,77.8,93.6,64.3,96.9,94.5,91.6,95.5,,3692.0,6026.0,10893.0,3828.0,101.55,53.5,88.85,34.31,54.55,,,,,,,,,,99.22,76.92,114.09,,,,1147042.34,122038.92,5175885.48,351977.09,,,1064730.01,3584987.58,9895955.03,,,,,,,,,,,,1.96,-0.39,1.73,0.55,0.34,0.64,0.61,0.4,0.11,2.36,0.76,0.44,-0.07,1.03,1.74,0.73,0.91,1.49,0.48,0.61,0.67,0.87,0.68,0.57,0.78,0.66,0.54,0.57,70.9,0.89,0.48,0.62,2.4,2.64,0.66,0.71,0.76,2.4,3.43,55.33,141884.0,,,,133757.0,5353.0,1786.0,1486.0,46.0,0.262,293.0,213.0,128.0,685.0,87.0,79.0,93.0,128.75,11661.0,9927.0,2842.0,202.0,,,,,,102572.0,20667.0,4700.0,1489.0,77.7,,,,,,,,,17.89,117.16,,,,,,,,,,,,,,,,,,,,,,,,,,228638.990317185,116.8
2002-10-01,78.9,94.0,61.7,97.2,97.4,92.4,97.5,,3822.0,6179.0,11000.0,3923.0,98.27,54.46,89.57,35.2,50.95,,,,,,,,,,94.91,70.85,110.95,,,,1135161.44,122889.66,5190472.64,352582.14,,,1061923.07,3610499.98,9923131.33,,,,,,,,,,,,2.79,0.3,2.27,1.22,1.2,0.63,1.12,0.13,0.06,3.32,1.13,0.31,1.18,1.36,2.64,1.06,0.97,2.19,0.38,0.73,0.94,1.02,0.71,0.87,0.78,0.96,0.76,0.81,70.9,1.13,0.3,0.9,3.87,4.21,1.14,1.13,1.28,3.32,5.62,56.17,150373.0,,,,149769.0,5856.0,1602.0,1478.0,45.0,0.255,325.0,213.0,126.0,747.0,80.0,79.0,102.0,131.77,13933.0,11426.0,3434.0,208.0,,,,,,109216.0,21585.0,5667.0,1343.0,77.5,,,,,,,,,19.59,116.4,,,,,,,,,,,,,,,,,,,,,,,,,,240592.524755297,
2002-11-01,78.8,94.0,63.1,98.1,95.1,93.3,95.6,,4056.0,6449.0,11040.0,3923.0,95.24,53.46,89.38,33.77,47.23,,,,,,,,,,98.68,69.21,118.33,,,,1133070.22,123579.96,5205937.05,352755.28,,,1061906.15,3631798.34,9936561.73,,,,,,,,,,,,5.85,2.02,2.88,0.97,4.68,0.88,0.41,0.24,0.03,6.68,1.48,0.86,4.29,2.54,4.69,1.17,2.16,3.59,1.27,1.18,1.57,1.69,1.21,1.7,1.32,1.9,1.25,1.85,83.2,1.33,1.09,2.08,5.19,5.84,3.14,2.45,2.65,4.73,6.73,55.19,149287.0,,,,141276.0,6262.0,1422.0,1400.0,47.0,0.253,277.0,210.0,126.0,655.0,85.0,60.0,87.0,131.14,15441.0,13102.0,3561.0,219.0,,,,,,94638.0,16923.0,5350.0,1367.0,77.9,,,,,,,,,21.25,114.35,,,,,,,,,,,,,,,,,,,,,,,,,,232164.951870896,
2002-12-01,75.9,93.9,63.5,97.6,94.0,92.4,94.2,,4074.0,6383.0,10659.0,3833.0,94.36,51.95,84.03,32.83,46.04,,,,,,,,,,102.92,74.45,121.89,,,,1142389.78,124107.65,5234102.27,353076.1,,,1056740.28,3657146.94,9963785.29,,,,,,,,,,,,3.91,1.42,2.12,0.93,1.33,2.74,2.19,0.27,0.03,4.24,2.24,1.04,1.53,2.33,4.33,1.16,1.08,3.29,1.14,1.66,1.65,1.99,1.82,1.48,1.36,1.72,1.54,1.74,83.59,2.37,1.29,3.05,3.75,2.7,1.94,1.7,1.83,4.87,4.45,52.56,141513.0,,,,117547.0,4072.0,640.0,1342.0,48.0,0.251,321.0,201.0,120.0,598.0,74.0,66.0,101.0,132.59,17178.0,15482.0,4509.0,250.0,,,,,,101350.0,18594.0,4947.0,1348.0,79.5,,,,,,,,,23.03,112.85,,,,,,,,,,,,,,,,,,,,,,,,,,192793.380460909,118.0
2003-01-01,81.8,93.7,63.9,98.1,93.4,92.7,93.9,,4182.0,6786.0,10345.0,3839.0,90.17,52.2,87.18,32.78,47.31,25.66,204.14,19.02,23.72,62.52,47.19,55.0218,92.31093,66.07607,102.97,74.59,121.88,,,,1141906.99,124706.11,5256921.79,353509.29,,,1046615.09,3677383.26,9982618.99,,,,,,,,,,,,2.15,1.76,1.9,0.94,4.2,1.44,1.94,1.23,0.32,2.37,1.76,0.99,3.83,1.65,2.43,1.23,1.42,1.73,1.54,1.39,1.72,1.5,1.45,1.69,1.32,1.8,1.64,1.71,85.94,1.96,0.95,1.98,2.33,2.17,2.32,1.51,2.19,2.29,2.55,49.8,144414.0,,,,124160.0,6266.0,1782.0,1503.0,53.0,0.267,282.0,180.0,112.0,553.0,78.0,63.0,89.0,128.58,1235.0,400.0,154.0,14.0,81.1,,93.6,,,94946.0,17025.0,4363.0,888.0,81.2,,,,,,,,,25.06,110.69,,,,,,,,,,,,,,,,,,,,,,,,,,192570.97749969,
2003-02-01,82.3,93.4,63.2,98.6,91.5,85.6,92.4,,4153.0,6518.0,10471.0,3823.0,89.74,52.66,87.72,33.35,49.95,25.46,203.73,19.52,23.94,62.89,48.27,57.84106,94.20681,66.2077,103.53,75.49,122.22,,,,1149029.48,124892.15,5269402.2,353674.73,,,1039196.2,3700068.34,10009768.33,,,,,,,,,,,,1.22,0.18,1.57,0.11,3.0,0.67,0.64,5.64,3.24,1.47,0.63,1.38,2.71,1.12,1.28,0.39,0.56,0.8,1.52,0.99,1.46,0.81,0.66,1.0,0.93,1.32,1.48,0.69,73.05,0.85,0.47,2.19,2.28,1.59,1.37,1.39,1.61,2.42,2.64,50.14,131695.0,,,,132463.0,6838.0,1828.0,1544.0,54.0,0.271,272.0,196.0,112.0,618.0,76.0,55.0,86.0,128.47,1845.0,1670.0,310.0,18.0,80.7,101.2,94.2,,,94160.0,18164.0,4594.0,1002.0,80.8,,,,,,,,,25.68,108.66,,,,,,,,,,,,,,,,,,,,,,,,,,188701.415865444,
2003-03-01,81.9,93.4,63.7,98.4,91.6,89.1,92.3,,4221.0,6618.0,10565.0,3877.0,90.2,51.25,87.26,31.66,46.42,23.75,198.23,17.55,23.74,61.68,47.19,56.88412,91.64028,66.43827,101.89,71.92,121.87,,,,1160761.8,125265.78,5278990.5,353987.33,,,1020723.18,3714094.96,10013848.8,,,,,,,,,,255702.0,,1.66,1.09,1.19,0.6,0.7,2.39,0.72,0.92,1.58,1.74,1.55,0.66,1.08,1.29,2.14,0.92,0.77,1.45,1.09,1.12,1.21,1.37,1.35,0.97,1.23,1.19,1.23,0.89,76.56,2.07,0.63,1.14,1.53,1.66,1.06,1.38,0.67,1.58,1.72,49.54,137343.0,,,,118866.0,6763.0,1857.0,1512.0,56.0,0.267,243.0,185.0,112.0,567.0,70.0,48.0,77.0,130.75,2513.0,2396.0,561.0,38.0,79.9,94.7,92.4,,,80693.0,15856.0,4632.0,1397.0,80.6,,,,,,,,,26.32,112.7,,,,,,,,,,,,,,,,,,,,,,,,,,198670.81602032,117.47
2003-04-01,81.4,93.0,62.7,98.3,91.8,87.3,92.7,,3948.0,6228.0,10850.0,3761.0,90.36,51.42,85.55,31.52,46.62,24.97,198.3,17.99,24.42,60.76,47.27,56.1271,91.36421,65.82669,107.66,78.81,126.89,,,,1172663.85,125660.19,5285078.46,354175.28,,,1014217.2,3730713.96,10030755.6,,,,,,,,,,254508.0,,1.01,1.95,0.82,1.03,0.5,1.54,0.35,0.43,0.14,1.06,1.21,0.38,1.21,0.88,1.35,1.07,0.66,1.11,0.59,0.81,1.06,1.01,0.99,0.86,1.1,0.97,0.92,0.81,75.78,1.58,0.4,1.14,0.92,0.41,1.12,0.9,0.57,1.24,0.8,49.36,128259.0,,,,122653.0,6111.0,2019.0,1520.0,56.0,0.269,272.0,192.0,110.0,608.0,74.0,50.0,86.0,129.44,3153.0,2934.0,813.0,44.0,79.7,92.0,92.4,,,85496.0,17357.0,4836.0,1171.0,79.6,,,,,,,,,26.32,112.58,,,,,,,,,,,,,,,,,,,,,,,,,,197587.538675505,
2003-05-01,81.3,91.6,59.9,96.6,90.5,83.6,91.9,,3938.0,6354.0,10750.0,3847.0,92.09,51.4,73.45,31.6,45.04,24.84,196.71,17.71,24.36,59.78,46.6,54.95967,90.11576,65.52544,112.04,79.29,133.87,,,,1175338.81,126208.55,5290410.12,353939.05,,,1008186.98,3746673.75,10051721.09,,,,,,,,,,254724.0,,0.63,2.27,0.29,1.14,-0.32,0.71,0.11,0.22,0.03,0.45,0.61,0.51,0.81,0.53,0.53,1.25,0.12,0.94,0.01,0.56,0.99,0.89,0.89,0.64,1.0,0.84,0.67,0.63,66.02,0.91,0.88,0.85,-0.26,-0.67,0.69,2.84,0.31,0.02,-1.11,48.89,126863.0,,,,133391.0,6320.0,2146.0,1488.0,54.0,0.262,284.0,197.0,106.0,640.0,68.0,49.0,90.0,132.45,3866.0,3709.0,1127.0,52.0,79.7,91.7,93.3,,,82212.0,17837.0,5193.0,1339.0,78.7,,,,,,,,,26.31,114.14,,,,,,,,,,,,,,,,,,,,,,,,,,191781.322041878,
2003-06-01,76.6,92.3,62.9,96.1,91.5,87.3,92.8,,3711.0,6165.0,10788.0,3871.0,90.99,51.04,82.42,33.06,46.52,24.98,197.59,17.41,24.84,58.82,47.07,52.96497,89.5117,66.20737,116.81,82.37,139.77,,,,1179904.08,126700.35,5294124.18,353905.78,,,1003027.48,3763089.04,10066592.13,,,,,,,,,,254197.0,,-0.34,0.52,-0.03,1.89,-1.45,0.34,0.22,0.12,0.19,-0.68,0.45,0.58,-1.02,0.19,-0.44,1.45,0.19,0.38,-0.04,0.51,0.47,0.75,0.79,0.39,0.87,0.41,0.5,0.2,60.35,0.83,0.75,0.22,-1.0,-0.7,-0.16,1.05,-0.16,-0.59,-1.67,47.83,129933.0,,,,116584.0,5874.0,2053.0,1372.0,56.0,0.258,277.0,198.0,99.0,614.0,68.0,47.0,88.0,132.42,5791.0,4777.0,1582.0,62.0,79.4,89.7,92.1,,,76772.0,16991.0,4784.0,1350.0,78.2,,,,,,,,,26.09,113.48,,,,,,,,,,,,,,,,,,,,,,,,,,179963.978181142,116.48
2003-07-01,79.4,91.3,62.1,95.8,90.1,84.5,91.3,,3667.0,6058.0,10818.0,3900.0,94.77,51.27,83.69,33.38,45.28,25.57,201.61,18.2,25.42,57.54,47.76,51.73787,90.02253,65.17697,111.47,75.02,135.77,,,,1182196.24,127295.41,5294705.16,353926.39,,,1001990.39,3780401.38,10087581.27,,,,,,,,,,254069.0,,-0.67,0.8,-0.08,0.36,-0.68,0.4,0.17,0.51,8.33,-1.07,0.18,0.59,0.73,0.0,-0.66,0.32,0.12,-0.06,0.07,0.38,0.76,0.32,0.42,0.4,0.65,0.46,0.82,0.37,57.23,0.34,0.5,-0.18,-0.42,-0.2,0.34,0.99,-0.08,-0.73,-0.75,48.31,126614.0,,,,122716.0,6228.0,1986.0,1491.0,57.0,0.269,286.0,211.0,112.0,660.0,73.0,55.0,95.0,132.93,6385.0,6660.0,2267.0,74.0,78.8,91.5,92.4,,,87566.0,18456.0,5498.0,1651.0,77.7,,,,,,,,,25.36,112.72,,,,,,,,,,,,,,,,,,,,,,,,,,187304.525356214,
2003-08-01,81.9,92.5,64.2,96.4,91.0,86.2,91.6,,3720.0,6175.0,10793.0,3941.0,93.6,51.88,86.15,34.78,44.05,25.4,198.3,20.87,26.23,58.61,47.97,56.80815,89.32604,65.59371,109.37,74.55,132.59,,,,1182643.3,128140.33,5302239.82,353786.43,,,997853.99,3796581.38,10104863.38,,,,,,,,,,252669.0,,-0.27,1.0,0.1,0.09,0.12,0.25,1.2,0.35,1.39,-0.54,0.12,0.64,0.86,0.13,-0.25,0.24,-0.12,0.07,0.21,0.37,0.49,0.23,0.34,0.35,0.58,0.44,0.49,0.37,56.45,0.2,0.48,0.27,0.38,0.62,0.13,1.44,0.63,0.21,0.2,49.22,128169.0,,,,121775.0,6531.0,2047.0,1541.0,59.0,0.278,274.0,202.0,105.0,656.0,69.0,50.0,91.0,134.71,6914.0,7365.0,2611.0,82.0,78.8,92.6,91.7,,,76417.0,16585.0,4867.0,1383.0,78.4,,,,,,,,,23.5,113.11,,,,,,,,,,,,,,,,,,,,,,,,,,193521.812631644,
2003-09-01,81.8,95.4,67.4,100.4,93.4,93.2,93.7,,3686.0,6095.0,10855.0,3985.0,92.65,51.76,86.0,35.95,49.24,26.26,199.92,20.39,26.48,58.9,49.01,58.41445,92.43014,66.16239,106.41,75.49,127.03,,,,1189492.13,128413.62,5318906.3,353803.37,,,997564.77,3815073.01,10138511.82,,,,,,,,,,250356.0,,0.78,1.17,0.24,0.72,0.68,0.52,0.59,0.21,2.32,0.93,0.35,0.37,1.44,0.51,0.78,0.74,-0.04,0.67,0.3,0.36,0.67,0.45,0.46,0.6,0.86,0.71,0.69,0.75,63.48,0.56,0.35,0.57,1.18,1.05,0.76,0.22,0.84,0.95,1.54,48.14,149172.0,,,,147144.0,6518.0,2239.0,1523.0,58.0,0.284,289.0,211.0,107.0,702.0,74.0,53.0,96.0,129.86,7587.0,8274.0,3021.0,88.0,79.5,94.3,93.3,,,98472.0,20116.0,5573.0,1396.0,78.8,,,,,,,,,21.02,114.57,,,,,,,,,,,,,,,,,,,,,,,,,,206193.783601784,117.58
2003-10-01,81.3,95.8,71.1,100.0,94.4,95.9,93.3,,4001.0,6378.0,11215.0,4121.0,93.53,51.71,87.87,37.07,49.22,26.64,200.85,24.29,27.02,59.93,49.51,59.46751,92.63121,66.23737,104.72,76.84,123.31,,,,1196124.31,129261.61,5330181.6,354358.85,,,1001139.13,3835530.68,10175765.51,,,,,,,,,,247697.0,,0.46,0.44,0.47,0.92,-0.39,0.64,0.65,-0.03,-0.06,0.4,0.29,0.47,0.07,0.38,0.4,0.99,-0.26,0.54,0.19,0.38,0.34,0.51,0.58,0.29,0.77,0.38,0.32,0.35,61.13,0.67,0.49,0.66,0.38,0.44,0.21,0.65,0.63,0.67,0.36,48.49,152482.0,,,,151575.0,6932.0,2716.0,1499.0,57.0,0.285,302.0,202.0,102.0,723.0,75.0,61.0,101.0,124.69,9009.0,9472.0,3638.0,93.0,79.2,94.8,93.4,,,115884.0,17142.0,6411.0,1435.0,79.4,,,,,,,,,19.54,116.03,,,,,,,,,,,,,,,,,,,,,,,,,,221253.462767935,
2003-11-01,82.4,96.9,79.0,99.7,95.9,103.4,94.3,,4076.0,6385.0,11251.0,4074.0,96.56,52.47,87.25,37.81,52.1,26.8,203.6,25.38,27.67,59.49,50.24,58.02288,93.53683,66.57132,108.68,79.68,128.02,,,,1206586.17,130109.53,5348096.02,355045.33,,,1006340.39,3853188.94,10211810.1,,,,,,,,,,245886.0,,0.25,0.29,0.12,0.99,0.15,0.17,1.27,0.14,0.03,0.18,0.35,0.42,0.36,0.33,0.19,0.99,0.05,0.25,0.43,0.38,0.44,0.4,0.47,0.31,0.56,0.47,0.49,0.4,57.03,0.37,0.56,0.17,0.49,0.48,0.33,1.04,0.27,0.45,0.57,48.87,166606.0,,,,150970.0,7916.0,2642.0,1481.0,57.0,0.279,286.0,193.0,103.0,651.0,70.0,59.0,95.0,131.64,13480.0,10789.0,4145.0,142.0,79.2,94.3,92.8,,,106573.0,16783.0,5652.0,1390.0,79.4,,,,,,,,,18.31,117.64,,,,,,,,,,,,,,,,,,,,,,,,,,214009.123615413,
2003-12-01,81.9,95.5,69.1,99.7,94.5,102.1,92.4,,4219.0,6407.0,11531.0,4032.0,92.81,52.7,82.56,39.15,50.51,26.66,180.46,22.4,27.37,59.78,50.3,56.60748,93.15173,66.64775,115.33,85.59,135.15,,,,1207720.43,130784.05,5370355.15,356343.28,,,1012002.38,3876919.8,10243536.71,,,,,,,,,,250653.0,,0.39,0.22,0.12,0.98,0.67,0.56,1.34,0.18,0.05,0.27,0.72,0.54,0.47,0.54,0.49,1.02,0.33,0.51,0.57,0.63,0.6,0.59,0.6,0.54,0.72,0.58,0.62,0.57,64.84,0.58,0.61,0.46,0.61,0.6,0.43,0.16,0.42,0.59,0.64,49.59,159393.0,,,,140154.0,5488.0,1164.0,1481.0,57.0,0.276,333.0,199.0,102.0,627.0,76.0,81.0,111.0,136.54,15937.0,12844.0,4595.0,157.0,79.9,95.4,93.2,,,139769.0,21845.0,5900.0,1559.0,80.6,,,,,,,,,16.91,115.49,,,,,,,,,,,,,,,,,,,,,,,,,,184808.11458927,118.81
2004-01-01,81.1,97.5,73.6,100.9,96.7,105.8,94.9,,4245.0,6781.0,12009.0,3944.0,93.91,53.02,87.99,38.72,51.98,27.02,187.36,23.38,27.19,58.49,50.14,59.67927,94.11783,67.83491,124.16,95.66,143.15,,,,1218242.3,131617.81,5406902.87,358662.21,,,1020093.46,3913984.46,10286450.32,,,,,,,,,,252465.0,,0.88,1.16,0.37,0.03,0.79,0.43,0.97,0.68,0.16,0.96,0.67,0.61,0.84,0.72,0.86,0.37,0.88,0.53,0.97,0.64,0.69,0.62,0.59,0.63,0.73,0.7,0.59,0.62,70.9,0.5,0.69,0.68,0.88,0.8,1.08,0.33,0.65,0.76,0.98,47.85,165282.0,,,,142380.0,6245.0,1376.0,1457.0,59.0,0.28,287.0,187.0,91.0,573.0,73.0,69.0,96.0,135.12,1107.0,520.0,600.0,10.0,80.5,97.8,94.8,,,87469.0,13665.0,5500.0,888.0,81.8,,,,,,,,,16.32,116.74,,,,,,,,,,,,,,,,,,,,,,,,,,196924.078156362,
2004-02-01,82.6,98.8,74.0,102.3,97.5,105.9,95.2,,4147.0,6429.0,12141.0,3790.0,94.61,53.69,88.86,40.41,55.61,27.35,192.96,22.01,29.41,60.42,52.39,60.03564,94.95695,67.65402,123.4,93.94,143.04,,,,1220005.27,132489.77,5453901.89,358247.16,,,1026850.74,3964528.31,10337235.2,,,,,,,,,,255463.0,,0.15,0.29,0.43,-0.23,0.52,0.28,0.39,6.7,0.83,0.06,0.43,1.62,0.26,0.76,0.1,0.13,0.87,0.06,1.65,1.0,0.77,0.3,0.31,0.28,0.48,0.63,0.85,0.3,60.35,0.0,0.62,0.9,0.69,1.08,0.28,1.0,0.19,0.78,0.79,49.52,169923.0,,,,139839.0,7181.0,1746.0,1452.0,61.0,0.286,283.0,185.0,90.0,585.0,73.0,70.0,94.0,134.71,2559.0,1533.0,1092.0,31.0,80.4,94.5,94.5,,,84154.0,14123.0,5377.0,1277.0,81.6,,,,,,,,,16.3,118.23,,,,,,,,,,,,,,,,,,,,,,,,,,192492.261844877,
2004-03-01,81.6,99.4,75.3,103.4,96.7,101.9,95.3,,4204.0,6600.0,12608.0,3872.0,98.46,54.04,89.62,40.24,52.48,27.78,198.05,23.74,28.86,61.72,52.4,61.02987,96.54947,68.12712,113.29,85.92,131.54,,,,1214383.67,133668.41,5503640.39,358021.83,,,1033200.03,4005634.04,10375384.72,,,,,,,,,,256560.0,,0.43,0.59,0.7,0.46,-0.08,0.74,1.02,0.62,0.72,0.23,1.07,0.61,-0.07,0.69,0.57,0.6,1.24,0.69,0.69,0.85,0.8,0.66,0.6,0.65,0.76,0.71,0.82,0.68,66.02,0.59,0.61,0.4,1.13,0.93,0.46,1.16,0.12,1.05,1.33,49.24,161125.0,,,,174149.0,9212.0,2148.0,1480.0,62.0,0.291,294.0,202.0,100.0,690.0,77.0,77.0,98.0,136.05,4302.0,2598.0,1570.0,37.0,81.3,98.5,96.5,,,112498.0,19959.0,7186.0,1822.0,81.4,,,,,,,,,16.19,118.05,,,,,,,,,,,,,,,,,,,,,,,,,,224723.198853921,120.44
2004-04-01,82.3,100.4,78.7,103.7,97.5,105.7,95.8,,4447.0,6809.0,12887.0,3903.0,98.21,54.46,84.78,42.01,53.43,27.32,198.1,22.01,27.77,62.34,52.66,58.81606,96.47554,68.60667,108.01,82.9,124.76,,,,1210451.31,134408.33,5509804.12,357871.04,,,1039576.76,4040116.52,10406029.9,,,,,,,,,,259988.0,,-0.34,0.82,0.31,1.11,0.12,1.59,0.3,0.4,-0.01,-0.57,1.09,0.33,0.32,0.39,0.16,1.12,0.64,0.51,0.24,0.72,0.59,0.62,0.82,0.45,0.57,0.52,0.65,0.58,65.23,1.3,0.33,0.21,1.21,1.15,0.31,0.59,0.29,1.2,1.65,52.75,163268.0,,,,152649.0,8611.0,2115.0,1449.0,61.0,0.292,311.0,201.0,96.0,682.0,74.0,78.0,104.0,136.47,5474.0,4474.0,2097.0,79.0,81.5,101.3,95.7,,,89824.0,16933.0,6857.0,1865.0,80.5,,,,,,,,,15.96,120.47,,,,,,,,,,,,,,,,,,,,,,,,,,214328.984054021,
2004-05-01,79.4,101.4,81.5,104.7,98.4,107.3,96.2,,4106.0,6477.0,12833.0,3832.0,97.39,54.85,91.91,42.96,56.44,27.56,198.23,22.64,29.73,62.19,53.61,59.01557,96.99372,68.83069,124.23,100.38,140.14,,,,1242484.28,135604.5,5571184.96,358922.03,,,1048999.99,4088666.21,10461740.24,,,,,,,,,,261582.0,,0.23,0.62,0.29,1.34,0.54,1.25,0.08,0.25,0.06,0.19,1.06,0.32,0.35,0.57,0.57,1.26,0.73,0.75,0.35,0.7,0.55,0.75,0.85,0.43,0.59,0.53,0.56,0.31,60.94,1.26,0.42,0.54,1.31,1.46,0.71,1.83,0.57,1.24,1.52,51.43,168663.0,,,,160889.0,9116.0,2375.0,1421.0,61.0,0.283,278.0,199.0,84.0,627.0,74.0,80.0,93.0,135.39,5976.0,5344.0,2508.0,84.0,81.2,100.4,95.2,,,97442.0,17252.0,6868.0,1749.0,80.6,,,,,,,,,15.77,121.61,,,,,,,,,,,,,,,,,,,,,,,,,,221419.64026143,
2004-06-01,84.0,101.5,80.3,104.7,99.6,110.2,96.9,,3840.0,6291.0,13108.0,3844.0,97.76,55.39,93.98,43.87,57.33,27.75,202.25,23.58,29.92,62.36,54.22,59.12356,98.30585,69.30378,117.07,93.86,132.55,,,,1249918.12,136283.5,5620073.07,359491.55,,,1054469.12,4124248.84,10511367.45,,,,,,,,,,262820.0,,0.72,0.2,0.63,1.14,1.58,0.42,0.3,0.19,0.06,0.73,0.71,0.34,1.03,0.58,0.58,1.16,0.77,0.81,0.3,0.53,0.49,0.62,0.59,0.48,0.6,0.59,0.5,0.52,67.58,0.76,0.42,0.56,1.38,1.29,0.78,0.7,0.92,1.5,1.73,52.45,176676.0,,,,168318.0,8928.0,2439.0,1482.0,62.0,0.292,289.0,212.0,93.0,674.0,75.0,77.0,96.0,140.9,7338.0,7318.0,3195.0,157.0,82.0,102.9,97.0,,,104569.0,17799.0,6893.0,1492.0,81.0,,,,,,,,,15.8,120.69,,,,,,,,,,,,,,,,,,,,,,,,,,223547.461851072,123.76
2004-07-01,84.5,102.4,81.8,105.8,99.2,112.9,96.1,,3887.0,6292.0,13307.0,3859.0,97.79,55.62,90.58,44.08,56.43,27.53,196.04,22.08,30.02,62.06,53.87,58.846,98.73399,69.49375,118.5,98.0,132.17,,,,1285083.89,137073.32,5676303.71,360766.02,,,1058024.48,4167363.43,10564033.98,,,,,,,,,,263391.0,,0.67,1.28,0.43,0.51,1.03,0.48,0.5,0.27,4.46,0.68,0.4,0.53,1.89,0.51,0.5,0.69,0.4,0.56,0.46,0.46,0.85,0.56,0.52,0.59,0.55,0.72,0.68,0.7,64.26,0.51,0.53,0.93,1.31,1.14,0.59,1.12,0.59,1.31,1.58,52.48,176146.0,,,,167969.0,9351.0,2575.0,1513.0,55.0,0.297,301.0,214.0,96.0,695.0,77.0,85.0,100.0,140.11,8251.0,8653.0,3911.0,163.0,82.6,102.3,98.0,,,108075.0,17333.0,7076.0,1364.0,81.4,,,,,,,,,15.77,121.67,,,,,,,,,,,,,,,,,,,,,,,,,,236466.824879197,
2004-08-01,88.7,103.1,82.0,106.3,100.5,114.0,97.2,,3867.0,6304.0,13592.0,3893.0,95.41,55.65,86.48,44.69,55.93,27.06,193.99,21.35,29.73,61.47,53.59,58.78554,99.96036,69.95076,120.72,94.22,138.39,,,,1315943.33,138020.19,5739440.23,361948.38,,,1066409.66,4211934.77,10617177.23,,,,,,,,,,264984.0,,0.85,0.34,-0.03,0.5,1.21,0.42,0.65,0.57,0.64,0.72,0.38,0.74,0.92,0.59,0.56,0.46,0.41,0.3,0.96,0.55,0.51,0.48,0.52,0.53,0.55,0.6,0.54,0.53,64.26,0.35,0.69,0.79,1.22,1.31,0.79,0.81,0.99,0.84,1.42,52.63,186873.0,,,,181074.0,9686.0,2144.0,1502.0,54.0,0.296,295.0,209.0,92.0,731.0,77.0,70.0,98.0,140.62,8887.0,10893.0,4340.0,167.0,82.5,104.1,99.2,,,103498.0,18209.0,7312.0,1215.0,81.7,,,,,,,,,15.86,123.8,,,,,,,,,,,,,,,,,,,,,,,,,,232734.703277165,
2004-09-01,86.6,103.8,79.3,107.0,102.6,117.8,99.4,,4121.0,6604.0,13461.0,4096.0,95.91,55.93,88.24,43.4,58.41,27.1,192.12,22.67,30.08,60.78,53.97,59.06495,100.53967,70.53502,128.43,95.3,150.52,,,,1314889.95,139349.76,5775317.52,362754.26,,,1069973.97,4248777.34,10663260.27,,,,,,,,,,265776.0,,-0.19,0.3,0.68,0.96,0.36,0.0,0.46,0.13,2.82,-0.31,0.54,0.24,0.59,0.22,-0.25,1.02,0.86,0.4,-0.01,0.4,0.53,0.39,0.38,0.38,0.56,0.48,0.56,0.34,60.35,0.51,0.24,0.49,0.69,0.48,0.01,0.58,0.21,1.25,0.9,52.48,188537.0,,,,182926.0,9698.0,2111.0,1523.0,63.0,0.297,316.0,205.0,95.0,746.0,76.0,79.0,105.0,140.19,9562.0,12955.0,5034.0,194.0,82.7,101.8,99.0,,,109521.0,19480.0,7156.0,1245.0,81.8,,,,,,,,,16.09,122.19,,,,,,,,,,,,,,,,,,,,,,,,,,224383.347137901,125.34
2004-10-01,87.5,103.1,80.7,106.6,100.7,112.9,97.2,,4188.0,6607.0,13535.0,4181.0,95.94,57.03,87.82,45.16,56.54,27.11,196.27,21.43,30.15,59.93,54.03,58.44848,99.91848,70.54676,141.92,112.37,161.62,,,,1322274.04,140415.29,5815388.29,362305.44,,,1075685.08,4276915.96,10704179.32,,,,,,,,,,268050.0,,-0.23,0.46,0.49,1.12,0.98,0.4,0.61,-0.08,0.69,-0.48,0.69,0.41,0.8,0.29,-0.2,1.08,0.76,0.41,0.14,0.55,0.51,0.49,0.54,0.55,0.6,0.55,0.55,0.57,66.41,0.63,0.45,0.32,0.39,0.53,0.1,1.19,0.62,0.23,0.44,53.36,182107.0,,,,171229.0,9110.0,2242.0,1501.0,65.0,0.297,296.0,197.0,89.0,708.0,73.0,79.0,99.0,133.86,11099.0,14769.0,5652.0,206.0,82.4,101.3,99.1,,,108757.0,19974.0,7172.0,1293.0,82.0,,,,,,,,,16.41,121.12,,,,,,,,,,,,,,,,,,,,,,,,,,228845.150365506,
2004-11-01,86.8,103.1,79.5,105.8,102.3,111.2,100.5,,4225.0,6631.0,13456.0,4051.0,95.41,57.31,87.45,44.97,55.95,26.75,195.78,21.76,30.33,59.48,53.68,59.87149,99.66756,71.73854,144.96,112.38,166.68,,,,1321998.28,141440.37,5869353.16,361725.11,,,1080714.35,4312788.15,10757344.1,,,,,,,,,,263644.0,,-0.01,0.36,0.53,1.02,1.74,0.31,0.5,0.08,2.37,-0.15,0.73,0.4,1.41,0.39,0.1,1.04,0.69,0.47,0.29,0.57,0.56,0.52,0.61,0.57,0.62,0.6,0.69,0.59,67.58,0.59,0.62,0.63,0.82,0.82,0.37,0.71,0.56,0.83,0.99,54.07,186405.0,,,,181789.0,9557.0,2474.0,1452.0,63.0,0.287,295.0,199.0,96.0,711.0,79.0,78.0,98.0,140.49,12842.0,15878.0,6349.0,214.0,82.0,100.7,100.2,,,110275.0,20102.0,7031.0,1406.0,81.9,,,,,,,,,16.96,121.15,,,,,,,,,,,,,,,,,,,,,,,,,,225926.423863214,
2004-12-01,87.2,103.7,79.0,106.3,105.3,116.3,102.2,,4400.0,6643.0,13392.0,4127.0,95.1,58.5,87.48,49.51,60.07,27.64,206.92,20.1,31.41,63.09,55.77,59.72277,99.53704,71.05362,140.41,120.05,153.99,,,,1317116.79,142473.47,5913038.67,361630.99,,,1093575.73,4346611.44,10804085.67,,,,,,,,,,266932.0,,0.65,0.5,0.47,1.59,1.71,0.35,0.87,0.33,0.4,0.49,0.62,0.72,1.43,0.62,0.45,1.26,0.39,0.65,0.59,0.67,0.62,0.63,0.71,0.66,0.67,0.79,0.73,0.76,67.97,0.67,0.75,0.84,0.74,0.52,0.63,0.51,0.67,0.77,0.81,54.37,192412.0,,,,171166.0,8097.0,1263.0,1494.0,69.0,0.303,338.0,204.0,95.0,665.0,77.0,88.0,113.0,143.35,15526.0,17135.0,6930.0,243.0,82.8,100.4,101.1,,,142548.0,25599.0,7888.0,1846.0,83.1,,,,,,,,,17.5,122.84,,,,,,,,,,,,,,,,,,,,,,,,,,210599.361361665,126.3
2005-01-01,86.8,104.4,82.5,105.4,107.1,111.9,106.4,,4493.0,7119.0,12651.0,4114.0,93.78,57.4,90.13,46.48,60.6,27.58,162.21,20.67,30.67,60.71,55.1,59.57282,99.98002,71.55838,145.02,124.12,158.95,,,,1317909.54,143651.22,5946504.34,364841.27,,,1096063.16,4395817.68,10876623.92,,,,,,,,,,263121.0,,0.78,0.59,0.84,0.23,0.6,0.32,0.69,0.34,0.04,0.77,0.58,0.53,0.51,0.61,0.6,0.47,0.9,0.48,0.77,0.55,0.62,0.56,0.5,0.59,0.66,0.65,0.57,0.54,73.24,0.39,0.62,0.68,0.39,0.33,0.85,0.75,0.56,0.42,0.2,53.85,182518.0,,,,145653.0,8019.0,1861.0,1498.0,69.0,0.298,281.0,179.0,90.0,572.0,74.0,71.0,94.0,130.7,2089.0,1196.0,499.0,11.0,82.7,99.9,99.0,,,83563.0,16164.0,6237.0,696.0,84.2,,,,,,,,,17.93,122.28,,,,,,,,,,,,,,,,,,,,,,,,,,201711.43,
2005-02-01,87.9,102.9,78.8,104.4,103.5,117.7,99.8,,4366.0,6758.0,12747.0,4017.0,90.59,54.81,90.35,47.74,55.9,28.22,221.02,29.04,32.08,59.3,54.05,62.77417,99.36437,71.5928,146.48,124.11,161.39,,,,1304191.69,144361.82,5953687.41,366127.68,,,1101958.08,4435173.41,10926109.57,,,,,,,,,,267545.0,,0.49,0.44,0.64,-0.22,0.13,0.48,0.58,5.28,0.03,0.29,0.24,1.68,0.16,0.77,0.29,0.04,0.33,0.06,1.67,0.93,0.8,0.56,0.52,0.43,0.6,0.65,0.84,0.28,64.65,0.22,0.82,0.74,0.3,0.4,0.43,0.44,0.36,0.31,0.2,53.91,193632.0,191665.0,131223.0,60442.0,166673.0,8116.0,1971.0,1493.0,73.0,0.294,304.0,195.0,87.0,644.0,77.0,72.0,101.0,140.83,3051.0,2349.0,837.0,20.0,82.6,99.4,99.0,,,90749.0,17106.0,5802.0,1159.0,83.8,,,,,,,,,18.47,122.52,,,,,,,,,,,,,,,,,,,,,,,,,,193487.68,
2005-03-01,88.1,103.8,80.8,104.9,105.6,119.3,102.0,,4553.0,6865.0,13065.0,4075.0,89.53,55.5,91.54,49.25,57.03,28.77,205.17,32.55,33.87,59.3,54.63,65.28183,99.24725,71.6861,144.95,124.81,158.37,,,,1307089.15,145078.46,5971205.72,367716.55,,,1107322.07,4476900.82,10986886.35,,,,,,,,,,267315.0,,0.26,0.85,0.18,0.6,1.33,0.25,0.3,0.43,0.19,0.07,0.25,0.59,1.29,0.33,0.09,0.55,0.17,0.19,0.5,0.42,0.7,0.44,0.48,0.49,0.62,0.76,0.8,0.44,63.87,0.28,0.68,0.35,0.85,0.99,0.7,0.67,0.79,0.67,0.94,55.74,197258.0,197142.0,136806.0,60336.0,199221.0,10200.0,2523.0,1538.0,73.0,0.299,314.0,192.0,91.0,690.0,80.0,72.0,105.0,137.3,4797.0,3423.0,1216.0,26.0,82.7,99.3,99.2,,,118713.0,22108.0,7211.0,1446.0,83.4,,,,,,,,,18.97,122.56,,,,,,,,,,,,,,,,,,,,,,,,,,226011.43,127.42
2005-04-01,93.4,103.5,79.6,105.4,105.7,118.3,102.7,,4687.0,7132.0,13374.0,4154.0,89.37,55.37,95.37,50.22,54.64,28.46,196.04,37.29,32.81,58.93,54.49,63.99372,100.62613,71.739,141.75,121.18,155.46,,,,1320303.16,145892.6,5998729.34,368850.14,,,1115498.75,4520181.63,11061720.31,,,,,,,,,,267807.0,,0.81,0.83,0.52,0.92,1.08,1.55,0.45,0.14,0.67,0.9,1.0,0.39,1.14,0.75,1.08,0.95,0.68,0.95,0.52,0.71,0.92,0.82,0.78,0.7,0.7,0.8,0.82,0.71,67.19,1.16,0.39,0.74,0.86,0.51,0.88,0.72,0.83,1.17,0.96,53.89,194012.0,196659.0,131886.0,64773.0,185274.0,9755.0,2578.0,1676.0,63.0,0.309,302.0,196.0,87.0,685.0,76.0,71.0,101.0,140.77,5966.0,4472.0,1544.0,58.0,82.4,104.9,102.5,,,109241.0,19922.0,7304.0,1138.0,82.3,,,,,,,,,19.32,121.12,,,,,,,,,,,,,,,,,,,,,,,,,,225671.4,
2005-05-01,94.8,107.0,87.6,108.2,109.7,124.4,106.4,,4378.0,6718.0,13292.0,4094.0,91.73,56.17,87.5,51.76,56.76,28.95,198.75,34.2,32.5,57.87,55.09,58.65035,100.61234,72.13895,133.62,115.2,145.9,,,,1322814.87,146768.78,6020285.28,369885.78,,,1123269.7,4564564.53,11121993.23,,,,,,,,,,268081.0,,0.65,0.65,0.58,1.45,-0.04,1.06,0.34,0.09,-0.17,0.65,0.78,0.35,0.25,0.59,0.77,1.19,0.3,0.73,0.43,0.57,0.68,0.83,0.73,0.46,0.65,0.56,0.55,0.47,65.82,1.06,0.4,0.83,-0.22,-0.25,0.79,2.09,0.35,0.0,-0.77,54.79,212469.0,204447.0,138682.0,65764.0,194727.0,9888.0,2754.0,1689.0,70.0,0.316,299.0,196.0,86.0,650.0,76.0,73.0,100.0,135.78,7363.0,5908.0,1750.0,70.0,81.6,100.3,100.1,,,114257.0,20907.0,6752.0,1084.0,81.5,,,,,,,,,19.61,122.9,,,,,,,,,,,,,,,,,,,,,,,,,,229421.61,
2005-06-01,96.5,104.6,83.0,106.7,106.6,121.0,103.0,,4294.0,6777.0,13143.0,4107.0,90.87,56.27,93.0,52.15,56.51,29.31,194.17,35.06,33.93,57.21,54.97,58.57347,99.8722,71.97451,132.74,113.5,145.56,,,,1330695.06,147814.41,6035203.7,370842.37,,,1135899.88,4608342.27,11178251.22,,,,,,,,,,270464.0,,-0.67,0.33,0.17,0.38,-0.29,0.18,0.6,0.24,0.71,-0.92,0.3,0.43,-0.16,0.04,-0.59,0.45,0.43,-0.06,0.18,0.36,0.35,0.3,0.34,0.26,0.49,0.3,0.39,0.25,61.72,0.22,0.47,0.12,-0.44,-0.45,-0.05,0.76,-0.2,-0.41,-1.0,54.11,197635.0,203796.0,138992.0,64804.0,199943.0,10480.0,3344.0,1698.0,83.0,0.315,308.0,214.0,97.0,691.0,77.0,77.0,103.0,127.93,10274.0,7381.0,2220.0,99.0,82.1,102.6,101.3,,,117502.0,22450.0,7094.0,1480.0,81.0,,,,,,,,,19.75,125.11,,,,,,,,,,,,,,,,,,,,,,,,,,233509.36,128.74
2005-07-01,94.7,104.1,81.2,105.2,107.7,124.8,103.7,,4147.0,6645.0,13430.0,4100.0,89.19,57.33,97.69,52.48,55.37,29.18,196.72,36.14,34.63,56.63,55.23,57.1461,99.41313,72.29711,133.21,114.57,145.63,,,,1343100.18,148653.22,6041160.54,370848.38,,,1143312.38,4644603.22,11219704.5,,,,,,,,,,272977.0,,-0.77,0.04,0.25,0.15,0.62,0.37,0.63,0.17,3.8,-1.13,0.18,0.57,0.84,-0.01,-0.68,0.2,0.21,-0.25,0.31,0.36,0.46,0.28,0.36,0.31,0.45,0.36,0.57,0.26,53.71,0.16,0.57,0.11,-0.34,-0.4,0.13,0.11,0.3,-0.37,-0.65,55.21,198903.0,192457.0,131956.0,60501.0,188723.0,8409.0,2827.0,1680.0,87.0,0.309,295.0,206.0,91.0,674.0,79.0,75.0,98.0,122.26,11523.0,10266.0,2594.0,170.0,81.5,99.7,100.1,,,110037.0,20619.0,6806.0,1317.0,80.4,,,,,,,,,19.72,122.13,,,,,,,,,,,,,,,,,,,,,,,,,,226037.55,
2005-08-01,94.3,104.3,80.9,105.4,107.2,120.8,104.0,,4142.0,6705.0,13755.0,4163.0,88.56,57.35,95.48,50.7,57.03,29.75,203.3,34.54,34.42,56.12,55.49,56.87537,99.83012,72.66619,124.89,116.31,130.62,,,,1337756.05,149565.39,6047089.8,371845.39,,,1151016.52,4684734.11,11274069.22,,,,,,,,,,273586.0,,-0.73,0.41,0.25,0.05,0.41,0.41,0.65,0.19,1.08,-1.02,0.12,0.4,0.69,-0.05,-0.61,0.01,0.21,-0.18,0.1,0.26,0.37,0.14,0.17,0.28,0.36,0.33,0.44,0.36,48.44,0.09,0.24,0.28,-0.65,-0.79,-0.44,0.02,-0.2,-0.52,-0.88,54.81,195006.0,191340.0,134770.0,56570.0,198199.0,9613.0,3149.0,1626.0,90.0,0.305,312.0,214.0,97.0,739.0,82.0,83.0,104.0,128.02,13512.0,12284.0,2750.0,194.0,81.7,97.7,99.9,,,120663.0,22876.0,6634.0,1550.0,80.5,,,,,,,,,19.75,121.26,,,,,,,,,,,,,,,,,,,,,,,,,,236182.91,
2005-09-01,96.6,103.6,83.6,105.9,102.9,112.3,100.9,,4361.0,6949.0,13701.0,4324.0,88.32,57.22,96.69,48.59,55.67,29.3,202.5,34.85,34.74,54.44,54.56,56.95457,99.97105,72.56398,109.24,103.08,113.35,,,,1329849.38,150238.94,6059462.1,372767.8,,,1161674.05,4720838.97,11335383.44,,,,,,,,,,274387.0,,-0.25,0.61,-0.26,0.19,0.86,0.45,0.73,0.09,0.0,-0.5,0.13,0.47,0.92,0.1,-0.25,0.27,-0.03,-0.02,0.26,0.3,0.3,0.22,0.29,0.34,0.51,0.39,0.36,0.27,51.37,0.23,0.34,0.16,-0.53,-0.13,0.09,0.24,0.44,-0.69,-0.76,54.86,190635.0,194917.0,132972.0,61945.0,185514.0,10963.0,2378.0,1667.0,89.0,0.297,312.0,209.0,96.0,724.0,80.0,93.0,104.0,129.47,14681.0,13272.0,2962.0,231.0,80.8,97.0,98.8,,,115394.0,21563.0,6437.0,1078.0,80.3,,,,,,,,,19.61,119.63,,,,,,,,,,,,,,,,,,,,,,,,,,236434.77,128.02
2005-10-01,96.3,103.1,81.3,105.3,102.6,113.8,99.7,,4412.0,6918.0,13512.0,4303.0,87.24,57.82,96.57,50.31,56.48,29.48,200.44,36.31,35.21,55.47,55.12,56.28226,99.98387,73.06238,107.65,99.51,113.07,,,,1322937.37,150986.06,6075151.02,374417.49,,,1177893.39,4751357.16,11385368.26,,,,,,,,,,275204.0,,0.27,0.45,-0.37,0.72,2.21,0.45,0.74,-0.14,0.0,0.38,0.32,0.43,1.62,0.37,0.32,0.75,0.13,0.43,0.31,0.38,0.47,0.35,0.4,0.5,0.58,0.6,0.52,0.51,59.18,0.38,0.42,0.56,0.6,0.63,0.42,0.19,0.63,0.48,0.72,55.05,184365.0,177392.0,130466.0,46926.0,170877.0,9931.0,2154.0,1671.0,80.0,0.304,285.0,192.0,83.0,681.0,78.0,83.0,95.0,131.88,15620.0,14702.0,3222.0,242.0,81.1,97.0,98.8,,,110990.0,19640.0,5787.0,1227.0,80.4,,,,,,,,,19.25,119.16,,,,,,,,,,,,,,,,,,,,,,,,,,230108.38,
2005-11-01,96.0,103.9,82.2,105.7,105.6,121.6,101.9,,4537.0,6976.0,13445.0,4329.0,87.11,57.78,94.51,51.8,58.34,29.78,203.79,35.93,35.33,56.65,55.89,58.48192,100.86215,73.52059,117.23,115.68,118.26,,,,1308990.1,152013.44,6074830.67,376215.42,,,1195321.99,4775549.04,11433902.68,,,,,,,,,,279978.0,,0.88,0.64,-0.47,0.85,0.66,0.32,0.61,-0.03,-0.05,0.89,0.07,0.5,0.84,0.42,0.56,0.76,-0.34,0.17,0.74,0.28,0.41,0.39,0.41,0.49,0.51,0.47,0.37,0.64,62.3,0.3,0.52,0.78,0.4,0.33,0.57,0.28,0.29,0.35,0.4,54.63,198510.0,199541.0,140279.0,59263.0,194516.0,10089.0,2289.0,1674.0,85.0,0.314,302.0,199.0,89.0,705.0,80.0,90.0,101.0,134.34,19479.0,16403.0,3568.0,328.0,81.7,100.3,99.1,,,129176.0,21619.0,6160.0,1379.0,79.8,,,,,,,,,18.87,121.09,,,,,,,,,,,,,,,,,,,,,,,,,,234645.62,
2005-12-01,94.5,106.0,84.2,106.5,111.6,132.8,105.8,,4662.0,7078.0,13550.0,4215.0,87.52,58.26,97.93,55.09,60.9,29.9,202.57,39.99,36.66,60.89,57.88,59.77037,102.02528,74.00823,130.16,126.32,132.73,,,,1327128.74,152940.78,6129726.23,378173.26,,,1217583.2,4813078.19,11508473.65,,,,,,,,,,280412.0,,0.27,0.42,0.36,1.58,0.24,0.2,0.45,0.26,0.03,0.24,0.36,0.25,0.53,0.29,0.2,1.13,0.02,0.23,0.37,0.31,0.31,0.37,0.44,0.33,0.43,0.32,0.34,0.24,58.98,0.66,0.23,0.38,-0.01,0.07,0.46,0.37,0.29,0.06,-0.27,55.02,212527.0,216548.0,150559.0,65990.0,185565.0,7458.0,1538.0,1685.0,89.0,0.3,339.0,206.0,87.0,645.0,81.0,104.0,113.0,136.89,23033.0,19551.0,4059.0,338.0,81.9,99.7,98.6,,,149090.0,26308.0,6719.0,1570.0,80.7,,,,,,,,,18.24,124.48,,,,,,,,,,,,,,,,,,,,,,,,,,221466.72,129.64
2006-01-01,99.7,105.9,83.6,107.6,110.2,129.9,106.2,,4643.0,7168.0,12851.0,4219.0,85.88,60.74,95.58,51.72,59.16,30.01,172.95,44.5,37.95,58.64,57.09,65.20536,102.0542,74.14275,131.52,125.79,135.33,,,,1329879.44,154026.98,6142053.14,378999.06,,,1232932.45,4850983.32,11572283.91,,,,,,,,,,282919.0,,0.11,-0.01,0.6,0.03,1.52,0.72,0.94,0.57,0.03,-0.23,0.95,0.79,0.58,0.59,0.41,0.27,0.75,0.34,0.88,0.87,0.53,0.51,0.6,0.61,0.61,0.65,0.71,0.59,59.38,0.39,0.77,0.51,0.92,0.72,0.65,0.34,0.5,0.84,1.1,56.67,208076.0,213795.0,148724.0,65072.0,175693.0,6052.0,1895.0,1688.0,88.0,0.296,293.0,181.0,78.0,596.0,83.0,101.0,98.0,130.27,634.0,1446.0,397.0,11.0,81.2,98.7,98.7,97.9,96.3,107035.0,18788.0,5952.0,1125.0,82.3,,,,,,,,,17.65,123.07,,,,,,,,,,,,,,,,,,,,,,,,,,222210.64,
2006-02-01,98.5,107.0,85.4,106.8,111.6,132.6,106.4,,4826.0,7132.0,13044.0,4382.0,84.66,58.91,96.26,51.95,56.78,29.68,202.05,42.07,36.41,58.57,56.26,59.91252,102.51221,74.46811,138.03,128.1,144.65,,,,1340597.4,155660.64,6162443.55,380793.68,,,1247017.94,4891594.09,11636064.3,,,,,,,,,,281253.0,,-0.28,0.32,-0.39,-0.54,0.76,0.45,0.34,4.44,0.06,-0.52,0.06,1.33,0.42,0.4,-0.19,-0.26,-0.07,-0.1,0.96,0.71,0.52,0.27,0.29,0.42,0.49,0.39,0.6,0.46,49.61,-0.16,0.66,0.52,0.01,-0.06,0.01,0.19,-0.03,0.17,-0.06,56.11,209977.0,212152.0,147395.0,64757.0,180053.0,7701.0,2345.0,1692.0,85.0,0.3,316.0,187.0,84.0,635.0,79.0,107.0,105.0,117.91,1299.0,2288.0,670.0,18.0,81.8,98.0,99.0,98.8,98.8,103476.0,17991.0,4982.0,1372.0,81.0,,,,,,,,,17.28,122.37,,,,,,,,,,,,,,,,,,,,,,,,,,210487.65,
2006-03-01,99.8,106.1,83.3,106.7,110.1,123.3,106.8,,4875.0,7409.0,13382.0,4288.0,80.83,59.21,93.75,52.83,57.72,29.56,197.59,42.21,36.75,58.64,56.6,59.54714,102.32886,74.85158,137.75,130.2,142.79,,,,1346563.4,156603.32,6193435.9,381405.89,,,1256900.22,4922326.49,11699642.53,,,,,,,,,,282572.0,,-0.24,0.58,-0.14,0.21,1.13,0.5,0.4,0.71,0.04,-0.38,0.7,0.36,0.68,0.31,0.5,0.26,-0.23,0.3,0.31,0.53,0.23,0.19,0.21,0.3,0.45,0.29,0.23,0.38,56.05,0.21,0.2,0.37,-0.23,-0.45,0.22,0.2,0.14,-0.03,-0.48,56.2,188593.0,190589.0,137117.0,53472.0,199771.0,9893.0,3130.0,1696.0,75.0,0.3,331.0,203.0,83.0,694.0,85.0,86.0,83.0,123.26,2385.0,3295.0,1030.0,62.0,81.4,98.6,99.6,98.2,98.2,125225.0,22841.0,6771.0,1938.0,82.2,,,,,,,,,16.74,120.88,,,,,,,,,,,,,,,,,,,,,,,,,,239426.22,131.75
2006-04-01,99.2,106.9,86.0,107.2,111.2,130.2,106.6,,4834.0,7230.0,13532.0,4244.0,81.15,60.52,92.98,54.52,57.86,29.9,209.72,43.99,37.82,58.87,57.21,57.73749,101.79402,75.301,132.38,128.72,134.82,,,,1357449.47,157425.86,6228844.96,382902.92,,,1267140.91,4952966.84,11748269.26,,,,,,,,,,282322.0,,-0.27,0.58,-0.72,1.18,-0.01,1.18,0.2,0.02,0.14,-0.51,0.08,0.36,0.54,0.04,-0.34,0.84,-0.48,-0.17,0.28,0.22,0.3,0.26,0.43,0.19,0.41,0.24,0.32,0.14,54.88,0.43,0.43,0.17,-0.42,0.02,0.34,0.36,0.01,-0.65,-0.77,56.66,200283.0,194871.0,139265.0,55606.0,174301.0,7744.0,2716.0,1737.0,90.0,0.308,327.0,192.0,86.0,636.0,75.0,82.0,82.0,123.3,4695.0,4595.0,1225.0,110.0,80.6,98.4,98.5,99.5,99.5,104459.0,19902.0,5493.0,1285.0,80.7,,,,,,,,,16.19,122.49,,,,,,,,,,,,,,,,,,,,,,,,,,222462.3,
2006-05-01,100.5,107.4,84.8,109.5,110.7,131.2,105.6,,4419.0,6933.0,13407.0,4209.0,80.06,60.16,93.31,56.96,60.34,29.95,206.67,46.66,37.86,57.22,57.8,66.25558,102.33652,75.92806,138.2,131.57,142.62,,,,1355834.81,157913.33,6251651.75,385477.2,,,1280479.83,4987954.96,11807754.19,,,,,,,,,,285152.0,,-0.03,0.33,-0.61,0.9,-0.42,0.9,0.37,-0.04,0.04,-0.22,-0.47,0.37,0.45,-0.08,-0.85,0.68,-0.06,-0.12,-0.04,-0.04,0.29,0.34,0.43,0.24,0.47,0.26,0.34,0.24,57.62,0.37,0.47,0.27,0.38,0.38,-0.19,1.32,-0.22,0.36,0.43,55.68,204413.0,194121.0,142654.0,51467.0,206258.0,9729.0,3356.0,1748.0,80.0,0.313,326.0,212.0,84.0,655.0,81.0,96.0,81.0,123.58,6089.0,5855.0,1514.0,179.0,82.3,100.8,100.3,100.3,100.3,131494.0,23927.0,6775.0,1870.0,81.3,,,,,,,,,15.7,121.32,,,,,,,,,,,,,,,,,,,,,,,,,,241035.3,
2006-06-01,97.7,106.2,84.9,106.7,110.1,129.2,105.7,,4320.0,6964.0,13569.0,4208.0,79.93,61.16,92.44,54.9,54.49,29.93,201.08,44.07,38.56,60.24,56.47,66.7387,100.40685,74.91795,134.4,124.52,140.98,,,,1356699.34,159369.88,6278613.81,384546.37,,,1294712.79,5025635.4,11873833.77,,,,,,,,,,288501.0,,-0.61,0.41,-0.63,0.59,-0.93,0.35,0.26,0.02,0.01,-0.92,-0.56,0.22,0.06,-0.35,-1.15,0.44,-0.55,-0.42,-0.26,-0.16,0.11,0.16,0.21,0.07,0.3,0.01,0.1,0.06,49.22,0.18,0.24,-0.15,0.75,0.67,-0.4,0.9,-0.31,0.57,1.11,56.99,199019.0,187394.0,137385.0,50008.0,193887.0,8699.0,2829.0,1630.0,86.0,0.309,324.0,212.0,91.0,672.0,76.0,101.0,81.0,122.5,8477.0,7758.0,1760.0,256.0,81.9,97.6,98.7,100.3,100.3,117748.0,21779.0,5952.0,1475.0,80.8,,,,,,,,,15.18,121.05,,,,,,,,,,,,,,,,,,,,,,,,,,227979.67,132.14
2006-07-01,99.3,107.1,88.1,107.8,110.3,128.4,106.2,,4231.0,6893.0,13697.0,4252.0,80.44,61.09,94.23,53.29,63.68,30.06,202.63,44.88,39.08,62.24,59.06,66.19524,102.92082,76.32966,134.17,127.95,138.32,,,,1366698.61,160530.84,6301962.42,384973.23,,,1309142.19,5066438.51,11945752.77,,,,,,,,,,290977.0,,0.09,-0.02,0.02,-0.24,0.37,0.44,0.67,0.09,-0.07,0.08,-0.06,0.31,0.33,0.13,0.13,-0.14,-0.17,0.0,0.25,0.14,0.16,0.13,0.15,0.2,0.29,0.22,0.21,0.16,56.25,0.05,0.24,-0.02,0.18,0.17,0.06,0.47,0.21,0.39,0.21,56.52,200574.0,206660.0,152682.0,53979.0,190778.0,9066.0,3099.0,1725.0,92.0,0.315,313.0,206.0,91.0,662.0,75.0,104.0,78.0,133.75,10937.0,9331.0,2019.0,324.0,81.5,99.6,99.9,99.8,99.8,134895.0,23099.0,6054.0,1698.0,81.8,,,,,,,,,14.98,123.47,,,,,,,,,,,,,,,,,,,,,,,,,,225640.41,
2006-08-01,100.1,106.8,86.2,108.0,109.4,129.0,104.9,,4408.0,6940.0,14164.0,4374.0,82.36,61.42,96.4,56.69,63.0,30.33,202.61,44.04,40.43,61.79,59.58,65.94782,102.42966,76.38109,128.24,120.06,133.69,,,,1368059.04,161960.96,6316565.92,386264.69,,,1313578.43,5092085.28,11994684.0,,,,,,,,,,290405.0,,0.07,0.11,-0.14,0.09,-0.32,0.2,0.96,-0.02,-0.3,-0.09,-0.14,0.35,-0.03,0.09,-0.09,0.18,-0.45,-0.04,0.21,0.13,0.09,0.11,0.14,0.0,0.23,0.15,0.11,0.04,52.08,0.03,0.24,0.19,0.37,0.41,0.16,0.24,0.12,0.27,0.46,56.93,199302.0,201719.0,153148.0,48572.0,209103.0,9635.0,3105.0,1703.0,91.0,0.308,335.0,214.0,95.0,720.0,74.0,109.0,84.0,136.7,13812.0,11022.0,2139.0,367.0,81.9,100.1,100.4,101.0,101.0,144285.0,25704.0,6843.0,1681.0,81.5,,,,,,,,,14.66,122.85,,,,,,,,,,,,,,,,,,,,,,,,,,240898.03,
2006-09-01,100.8,106.0,85.3,106.5,108.8,122.6,105.6,,4512.0,7128.0,13825.0,4480.0,82.52,62.84,98.81,57.8,62.03,30.64,208.66,44.36,43.66,61.93,60.12,64.8672,102.56484,76.5573,131.36,125.03,135.58,,,,1364384.7,163164.14,6327932.96,387520.24,,,1320482.82,5124861.21,12035484.84,,,,,,,,,,296307.0,,0.08,0.42,-0.14,0.46,-0.01,0.28,0.89,-0.01,-0.07,0.1,0.13,0.31,0.22,0.2,0.04,0.49,-0.05,0.16,0.24,0.23,0.23,0.16,0.19,0.13,0.32,0.25,0.27,0.06,54.95,0.21,0.17,0.05,0.29,0.24,0.19,0.11,0.25,0.36,0.36,57.42,186256.0,199246.0,146983.0,52263.0,177730.0,8913.0,1957.0,1733.0,90.0,0.299,344.0,209.0,94.0,726.0,76.0,119.0,86.0,137.69,16059.0,12401.0,2324.0,390.0,81.9,101.2,100.2,100.3,100.3,128767.0,22381.0,6602.0,1538.0,81.9,,,,,,,,,14.17,123.57,,,,,,,,,,,,,,,,,,,,,,,,,,236614.16,134.35
2006-10-01,102.9,106.4,86.0,106.4,109.4,126.8,105.3,,4582.0,7182.0,13953.0,4377.0,82.6,62.96,96.2,59.83,64.39,30.75,206.55,44.22,42.48,61.88,60.79,65.84892,104.4551,77.32114,132.29,123.59,138.1,,,,1358204.82,164315.42,6359668.3,388619.47,,,1325414.12,5161723.78,12085786.46,,,,,,,,,,299447.0,,0.88,0.2,-0.41,0.64,-0.13,0.37,0.87,0.17,-0.01,0.98,0.08,0.49,0.12,0.43,0.73,0.46,-0.34,0.42,0.44,0.3,0.26,0.34,0.37,0.19,0.32,0.31,0.27,0.31,58.33,0.23,0.49,0.29,0.47,0.81,0.14,0.21,0.39,0.21,0.65,57.64,202177.0,198376.0,153165.0,45210.0,196520.0,9014.0,2122.0,1762.0,86.0,0.309,328.0,203.0,94.0,720.0,76.0,115.0,82.0,136.92,17890.0,13982.0,2609.0,477.0,81.7,101.5,100.7,101.7,101.7,141649.0,25106.0,7048.0,1383.0,81.4,,,,,,,,,13.95,123.85,,,,,,,,,,,,,,,,,,,,,,,,,,250112.09,
2006-11-01,103.6,107.8,89.1,108.7,111.0,131.4,106.6,,4768.0,7439.0,13990.0,4355.0,83.61,62.97,100.7,59.42,66.91,30.73,203.42,44.76,43.21,62.08,61.72,64.96159,105.59942,77.6981,134.62,125.09,140.97,,,,1349399.53,165297.85,6378297.99,386677.52,,,1334800.2,5194551.69,12127288.89,,,,,,,,,,305254.0,,1.05,-0.08,0.0,0.65,-0.09,0.22,0.69,0.03,-0.1,1.38,0.22,0.24,0.0,0.45,1.1,0.48,-0.2,0.54,0.37,0.23,0.19,0.27,0.25,0.12,0.27,0.23,0.21,0.12,59.11,0.21,0.29,0.37,0.75,0.57,0.24,0.23,0.42,1.02,1.02,57.23,201546.0,211449.0,161850.0,49599.0,198064.0,9194.0,1639.0,1766.0,87.0,0.303,325.0,207.0,96.0,713.0,80.0,122.0,86.0,137.99,20484.0,17533.0,2942.0,524.0,82.1,102.7,101.2,102.7,102.7,148720.0,25276.0,6728.0,1985.0,81.5,,,,,,,,,13.65,125.72,,,,,,,,,,,,,,,,,,,,,,,,,,246953.04,
2006-12-01,102.8,108.5,93.5,109.2,113.6,131.5,108.2,,4952.0,7367.0,13767.0,4408.0,84.82,62.97,98.33,60.67,68.62,30.85,199.49,48.09,43.53,62.69,62.79,66.26231,108.14868,78.54015,127.5,121.31,131.63,,,,1372714.84,166454.66,6429087.81,387257.56,,,1357444.49,5231792.54,12181114.68,,,,,,,,,,300150.0,,0.39,0.19,-0.18,1.0,1.14,0.25,0.44,0.17,-0.01,0.22,0.37,0.32,0.83,0.32,0.23,0.92,-0.06,0.4,0.24,0.34,0.57,0.44,0.45,0.27,0.38,0.55,0.62,0.29,60.94,0.49,0.42,0.35,0.32,0.26,0.63,0.36,1.04,0.47,0.29,56.77,207249.0,219616.0,167344.0,52273.0,168813.0,7657.0,1219.0,1787.0,87.0,0.302,351.0,201.0,85.0,638.0,84.0,136.0,105.0,136.81,25663.0,20775.0,3423.0,1458.0,82.3,102.8,101.0,103.1,103.1,168486.0,27459.0,7322.0,1534.0,82.1,,,,,,,,,13.19,128.99,,,,,,,,,,,,,,,,,,,,,,,,,,218327.13,135.92
2007-01-01,102.9,108.3,95.0,109.1,111.2,133.9,106.6,,4942.0,7710.0,13592.0,4456.0,87.02,63.4,100.29,61.16,66.53,31.07,180.64,49.37,43.79,62.82,62.0,67.32248,105.51829,78.87586,133.89,136.75,131.98,,,,1388252.74,168551.37,6467799.35,388278.81,119256.77,269022.04,1357276.1,5288277.31,12246916.4,,,,,,,,,,302744.0,,0.84,0.07,0.29,-0.19,0.62,0.47,0.7,0.07,0.07,0.94,0.28,0.53,0.27,0.52,0.84,-0.04,0.35,0.22,0.8,0.41,0.41,0.44,0.4,0.35,0.39,0.48,0.46,0.41,64.58,0.14,0.62,0.52,0.5,0.43,0.69,0.45,0.66,0.39,0.4,58.28,213669.0,201511.0,155073.0,46437.0,182009.0,6945.0,1824.0,1736.0,86.0,0.302,309.0,192.0,91.0,618.0,84.0,129.0,92.0,136.86,2254.0,1506.0,397.0,524.0,82.2,103.2,101.9,102.6,102.6,123388.0,22063.0,6258.0,1244.0,82.5,,,,,,,,,13.13,126.85,,,,,,,,,,,,,,,,,,,,,,,,,,227472.88,
2007-02-01,104.4,109.8,95.6,109.9,112.1,131.0,107.4,,4924.0,7393.0,13684.0,4324.0,88.04,63.77,100.68,61.36,68.08,31.21,206.65,51.43,44.83,62.56,63.01,63.74506,106.77535,79.11745,134.39,138.17,131.86,,,,1406186.64,169808.06,6501963.42,389534.39,119758.46,269775.93,1359930.03,5333355.06,12299187.12,,,,,,,,,,305818.0,,0.78,0.19,-0.45,-0.72,0.07,0.4,0.43,3.48,-0.28,0.87,-0.3,1.2,0.12,0.59,0.63,-0.37,-0.47,-0.1,1.24,0.52,0.48,0.25,0.18,0.22,0.24,0.35,0.49,0.31,55.47,-0.22,0.52,0.46,0.27,0.23,0.34,0.21,0.33,0.28,0.21,58.81,214398.0,220450.0,162429.0,58021.0,179405.0,8716.0,2397.0,1758.0,88.0,0.309,319.0,201.0,90.0,667.0,84.0,130.0,95.0,136.94,3334.0,2517.0,634.0,534.0,82.3,103.1,101.6,102.5,102.5,118806.0,20824.0,5560.0,1283.0,83.6,,,,,,,,,12.93,126.0,,,,,,,,,,,,,,,,,,,,,,,,,,218231.64,
2007-03-01,105.2,111.2,95.9,111.8,113.1,136.1,107.3,,5099.0,7594.0,14276.0,4343.0,85.85,64.51,102.21,62.0,69.27,31.45,214.36,53.47,46.02,63.07,63.78,60.79656,106.18716,79.26314,127.87,132.37,124.87,,,,1413653.77,170783.06,6532258.48,390597.15,120050.66,270546.49,1369233.91,5379105.63,12345749.86,,,,,,,,,,311626.0,,0.98,0.26,-0.41,0.47,0.22,0.32,0.41,0.02,0.01,1.3,0.06,0.37,0.21,0.44,0.86,0.45,-0.17,0.21,0.66,0.23,0.25,0.3,0.24,0.24,0.29,0.33,0.25,0.28,60.16,0.16,0.31,0.41,0.34,0.22,0.48,0.27,0.11,0.38,0.33,58.25,212290.0,221959.0,166107.0,55852.0,220277.0,11148.0,3526.0,1769.0,85.0,0.31,325.0,203.0,94.0,739.0,86.0,142.0,97.0,138.46,4943.0,4669.0,1105.0,553.0,82.8,105.4,102.5,103.1,103.1,155758.0,28027.0,8000.0,1679.0,82.6,,,,,,,,,12.74,128.45,,,,,,,,,,,,,,,,,,,,,,,,,,258546.73,138.49
2007-04-01,105.3,112.3,98.2,112.2,114.5,138.3,109.0,,5287.0,7729.0,14511.0,4503.0,86.56,65.04,96.85,61.4,75.35,32.16,228.12,55.58,47.47,64.97,65.66,59.78654,107.04757,80.06278,127.97,135.81,122.74,,,,1426827.91,172142.51,6606816.62,391741.96,120155.29,271586.66,1390595.19,5427252.82,12406097.26,,,,,,,,,,314328.0,,0.03,0.39,-0.18,0.33,0.31,0.47,0.46,0.04,0.24,-0.24,0.33,0.27,0.39,0.19,0.1,0.33,-0.01,0.25,0.13,0.3,0.29,0.26,0.24,0.28,0.29,0.33,0.27,0.37,56.25,0.23,0.25,0.22,0.04,0.14,0.31,0.46,0.33,0.18,-0.14,60.56,225058.0,224093.0,173831.0,50263.0,199294.0,10157.0,2925.0,1739.0,83.0,0.312,319.0,198.0,86.0,678.0,82.0,135.0,95.0,138.15,6426.0,6297.0,1493.0,628.0,82.1,102.5,101.4,104.4,104.4,144130.0,25931.0,7613.0,1660.0,82.9,,,,,,,,,12.58,126.43,,,,,,,,,,,,,,,,,,,,,,,,,,250282.2,
2007-05-01,104.9,112.6,101.4,112.4,115.2,141.7,108.8,,4864.0,7491.0,14558.0,4470.0,84.46,64.89,110.15,63.75,73.15,32.13,214.32,55.52,47.9,66.17,65.81,67.34856,107.80641,80.05367,126.49,136.67,119.71,,,,1439382.17,173402.15,6644012.82,392695.37,120277.32,272418.04,1400187.64,5462934.93,12451939.12,,,,,,,,,,315157.0,,0.16,0.19,-0.17,0.68,0.23,0.57,0.74,0.06,0.07,-0.07,0.33,0.34,0.35,0.25,0.22,0.49,-0.18,0.48,0.04,0.33,0.34,0.37,0.37,0.3,0.3,0.36,0.32,0.33,55.99,0.39,0.35,0.26,0.04,0.16,0.25,1.15,0.36,0.09,-0.09,58.89,223477.0,235467.0,181079.0,54388.0,226514.0,11804.0,3526.0,1726.0,78.0,0.301,319.0,214.0,87.0,695.0,82.0,136.0,95.0,143.36,8118.0,8309.0,1979.0,651.0,82.9,106.8,104.5,104.6,104.6,171197.0,29133.0,8780.0,2045.0,82.9,,,,,,,,,12.43,126.07,,,,,,,,,,,,,,,,,,,,,,,,,,258739.37,
2007-06-01,105.4,113.5,101.6,111.9,118.5,143.3,112.5,,4587.0,7204.0,14582.0,4393.0,85.06,65.48,106.34,63.72,73.17,33.43,220.41,54.77,47.94,67.38,66.26,69.52745,108.49626,80.37149,129.77,138.41,124.0,,,,1447015.23,174714.61,6671366.42,393996.6,120436.39,273560.21,1411284.43,5499309.95,12498676.73,,,,,,,,,,314616.0,,1.09,0.25,-0.65,0.91,-0.4,0.32,0.42,0.04,-0.05,1.28,0.06,0.35,-0.05,0.43,0.73,0.74,-0.25,0.55,0.32,0.22,0.25,0.36,0.36,0.23,0.34,0.36,0.26,0.2,56.25,0.41,0.32,0.29,0.26,0.26,0.42,0.92,0.55,0.15,0.01,58.43,229451.0,231025.0,183831.0,47194.0,217876.0,11686.0,3274.0,1784.0,83.0,0.31,324.0,219.0,96.0,723.0,83.0,149.0,97.0,139.97,10614.0,10977.0,2453.0,666.0,82.6,107.0,104.2,105.2,105.2,161132.0,27654.0,7975.0,2006.0,83.5,,,,,,,,,12.03,129.13,,,,,,,,,,,,,,,,,,,,,,,,,,249249.62,140.8
2007-07-01,107.4,112.8,102.5,112.0,116.0,144.2,109.5,,4487.0,7071.0,14569.0,4374.0,85.18,65.69,104.18,63.63,74.56,32.96,220.04,59.55,48.06,66.22,66.78,74.66575,108.66931,80.93973,130.12,140.19,123.4,,,,1440694.92,175973.29,6693978.24,394856.7,120389.89,274466.81,1418391.19,5533909.89,12563195.43,,,,,,,,,,313799.0,,1.27,-0.74,-0.39,-0.16,-0.08,0.33,0.52,0.06,0.42,1.93,-0.11,0.21,-0.22,0.44,1.34,-0.14,-0.13,0.83,0.07,0.07,0.05,0.11,0.05,0.17,0.2,0.2,0.17,0.13,54.43,-0.01,0.1,0.24,0.28,0.37,0.28,0.31,0.27,0.22,0.26,58.49,241837.0,245036.0,179924.0,65112.0,237842.0,11975.0,3321.0,1774.0,79.0,0.317,303.0,212.0,98.0,709.0,87.0,154.0,101.0,141.02,14002.0,13553.0,2998.0,688.0,82.7,105.5,103.6,105.7,105.7,175429.0,30925.0,8740.0,2280.0,83.6,,,,,,,,,11.73,128.39,,,,,,,,,,,,,,,,,,,,,,,,,,242144.82,
2007-08-01,106.5,114.5,106.9,112.5,117.5,145.1,111.4,,4520.0,7345.0,14860.0,4456.0,85.58,64.74,107.76,66.29,79.78,33.57,225.55,59.67,50.03,67.95,68.16,73.17162,108.74638,81.0226,130.3,136.44,126.21,,,,1428655.02,176540.46,6697000.19,395418.64,120599.62,274819.02,1426112.82,5557458.23,12600612.75,,,,,,,,,,314603.0,,1.39,0.05,0.08,-0.03,0.05,0.31,0.59,0.38,0.71,1.71,0.12,0.55,0.12,0.63,1.19,0.13,0.19,0.75,0.52,0.36,0.37,0.38,0.35,0.43,0.4,0.44,0.4,0.44,63.28,0.1,0.57,0.42,0.98,1.39,0.42,0.26,0.07,0.64,1.31,57.73,236855.0,243356.0,192590.0,50765.0,247318.0,13079.0,3527.0,1758.0,88.0,0.313,315.0,222.0,101.0,778.0,85.0,170.0,105.0,143.13,16539.0,16517.0,3215.0,699.0,83.3,108.1,104.3,106.8,106.8,187880.0,36046.0,9129.0,2215.0,83.3,,,,,,,,,11.43,132.03,,,,,,,,,,,,,,,,,,,,,,,,,,246804.93,
2007-09-01,105.5,113.9,107.0,111.3,117.4,147.3,110.3,,4787.0,7449.0,14866.0,4633.0,86.46,67.39,105.53,66.27,77.67,33.98,218.31,59.24,50.86,68.47,68.64,71.09852,109.44722,81.78722,131.81,141.09,125.63,,,,1433355.46,177268.79,6740200.19,396055.17,120706.82,275348.35,1446938.01,5590935.05,12658893.78,,,,,,,,,,318321.0,,0.44,0.54,0.17,0.45,-0.16,0.35,0.14,-0.11,-0.53,0.39,0.21,0.28,-0.04,0.27,0.24,0.44,0.19,0.26,0.29,0.25,0.21,0.34,0.35,0.19,0.34,0.3,0.21,0.39,56.77,0.31,0.37,0.29,1.29,1.17,0.23,0.51,0.24,1.47,1.83,58.79,249427.0,241438.0,190542.0,50896.0,226915.0,11956.0,2829.0,1726.0,86.0,0.309,302.0,204.0,101.0,739.0,85.0,172.0,101.0,143.16,17718.0,19903.0,3461.0,718.0,82.7,106.8,104.3,105.5,105.5,163210.0,30912.0,8148.0,1764.0,83.8,,,,,,,,,11.22,131.97,,,,,,,,,,,,,,,,,,,,,,,,,,239969.84,142.26
2007-10-01,106.2,116.7,108.5,114.7,118.9,153.1,111.0,,4882.0,7512.0,14952.0,4790.0,86.79,66.01,109.28,66.45,81.52,33.91,221.03,59.54,51.74,69.71,69.67,72.03646,110.73012,82.54556,133.34,147.02,124.23,,,,1450131.91,178512.87,6778040.32,396983.9,120839.76,276144.14,1475152.78,5630010.3,12728480.95,,,,,,,,,,321828.0,,0.52,-0.02,0.1,0.72,0.12,0.49,0.59,0.01,0.05,0.46,0.37,0.41,0.05,0.41,0.45,0.64,0.08,-0.02,0.81,0.39,0.28,0.52,0.53,0.35,0.43,0.37,0.36,0.4,64.32,0.55,0.52,0.24,1.05,0.75,0.13,0.51,0.08,1.07,1.42,58.12,271352.0,250723.0,196616.0,54107.0,266031.0,14168.0,3206.0,1687.0,85.0,0.313,323.0,211.0,106.0,793.0,88.0,201.0,108.0,142.89,20108.0,24937.0,3985.0,788.0,83.4,109.0,105.4,107.0,107.0,194771.0,37779.0,9799.0,2114.0,84.5,,,,,,,,,11.18,134.67,,,,,,,,,,,,,,,,,,,,,,,,,,258063.18,
2007-11-01,108.0,115.4,110.3,113.3,119.1,150.6,112.1,,5106.0,7768.0,15025.0,4755.0,88.82,66.83,113.69,68.64,80.75,33.54,220.27,63.17,53.41,70.41,70.22,71.59988,110.30465,82.56025,136.25,150.14,127.0,,,,1440454.85,179229.05,6812252.88,398180.19,121039.08,277141.11,1510061.54,5670394.03,12789350.22,,,,,,,,,,324198.0,,0.73,0.41,-0.46,0.55,0.38,0.35,0.35,0.02,0.01,0.66,0.21,0.49,0.26,0.43,0.6,0.45,-0.17,0.21,0.63,0.37,0.3,0.44,0.47,0.35,0.36,0.4,0.3,0.35,55.99,0.28,0.64,0.23,0.69,1.05,0.27,0.36,0.47,0.71,0.97,59.26,251716.0,250279.0,199765.0,50514.0,246762.0,13014.0,2953.0,1711.0,88.0,0.322,317.0,209.0,102.0,768.0,90.0,205.0,106.0,146.67,22884.0,28515.0,4432.0,804.0,83.7,111.7,106.0,106.9,106.9,188839.0,36911.0,9456.0,1854.0,84.6,,,,,,,,,11.18,133.26,,,,,,,,,,,,,,,,,,,,,,,,,,246685.49,
2007-12-01,112.3,115.5,109.5,115.4,118.4,144.6,111.2,,5162.0,7618.0,14893.0,4633.0,87.88,67.69,114.38,68.63,78.86,34.7,214.21,65.43,54.16,70.58,70.19,70.66204,112.44426,83.22211,139.9,145.79,135.97,,,,1411267.68,181619.11,6850449.07,400505.26,121142.64,279362.61,1581708.3,5735873.86,12899166.13,,,,,,,,,,328441.0,,2.06,0.16,-0.43,0.72,0.71,0.0,1.0,0.07,-0.03,2.52,0.52,0.63,0.18,0.98,2.13,0.57,0.03,1.0,0.96,0.58,0.38,0.6,0.61,0.45,0.4,0.57,0.41,0.48,61.98,0.42,0.77,0.7,1.76,1.47,0.7,0.59,0.82,1.59,2.36,59.05,254389.0,243437.0,194283.0,49154.0,206234.0,9091.0,1700.0,1806.0,88.0,0.336,346.0,203.0,88.0,683.0,93.0,211.0,115.0,155.96,25395.0,33448.0,4998.0,1050.0,83.9,111.5,108.7,109.0,109.0,192595.0,38719.0,8937.0,2007.0,84.9,,,,,,,,,11.18,132.54,,,,,,,,,,,,,,,,,,,,,,,,,,212546.65,144.42
2008-01-01,111.3,117.5,110.0,117.2,120.9,153.5,113.9,,5228.0,8134.0,13793.0,4701.0,89.4,68.17,113.1,69.92,82.04,36.11,192.47,62.62,55.92,70.02,71.17,71.47528,113.15504,82.94281,142.61,153.64,135.26,,,,1413191.8,182728.99,6907302.5,402095.33,120974.89,281120.44,1610108.29,5785835.56,12971034.02,,,,,,,,,,327836.0,,1.52,0.16,0.16,-0.08,0.4,0.41,0.54,0.2,-0.03,1.76,0.21,0.57,0.2,0.69,1.36,0.13,0.16,0.33,1.03,0.41,0.41,0.48,0.43,0.41,0.37,0.51,0.42,0.51,66.41,0.17,0.65,0.7,1.09,0.99,0.97,0.38,0.52,1.02,1.24,59.94,267744.0,280407.0,217509.0,62898.0,228636.0,10391.0,3429.0,1776.0,89.0,0.342,310.0,194.0,96.0,683.0,95.0,195.0,103.0,150.5,2090.0,1861.0,432.0,12.0,84.4,115.2,109.5,109.6,109.6,169800.0,35641.0,8043.0,1557.0,85.9,,,,,,,,,11.18,136.14,,,,,,,,,,,,,,,,,,,,,,,,,,232587.99,
2008-02-01,109.3,117.1,111.8,117.4,116.9,153.4,108.4,,5190.0,7959.0,13967.0,4616.0,90.96,66.39,111.12,71.35,84.17,34.32,250.55,69.28,54.78,71.91,71.44,70.05372,112.25779,83.07528,146.9,153.55,142.47,,,,1425285.98,183523.85,6961173.34,403216.01,121094.4,282121.62,1636803.73,5834998.09,13039053.06,,,,,,,,,,331018.0,,0.6,0.2,-0.11,-0.54,0.06,0.44,0.54,3.47,0.22,0.53,-0.07,1.28,0.1,0.65,0.44,-0.22,-0.11,0.03,1.23,0.69,0.6,0.31,0.29,0.36,0.27,0.43,0.63,0.37,56.51,0.0,0.53,0.64,0.53,0.38,0.0,0.4,0.19,0.8,0.64,58.71,264069.0,254205.0,205831.0,48374.0,223890.0,12288.0,3036.0,1772.0,86.0,0.357,313.0,202.0,91.0,738.0,92.0,204.0,104.0,142.59,4056.0,3814.0,771.0,118.0,84.3,116.1,110.8,108.8,108.8,158768.0,32279.0,8162.0,1632.0,85.2,,,,,,,,,11.18,135.86,,,,,,,,,,,,,,,,,,,,,,,,,,226715.79,
2008-03-01,109.2,117.9,116.6,115.8,118.7,153.6,110.3,,5242.0,7694.0,14655.0,4528.0,91.31,67.66,112.59,73.13,86.24,35.5,242.66,67.96,55.91,72.24,72.67,67.15899,111.39893,83.71475,147.72,153.75,143.7,,,,1430034.87,184933.41,6997905.4,404636.36,121045.57,283590.79,1663631.27,5880765.47,13114808.3,,,,,,,,,,328051.0,,0.89,0.65,-0.38,0.75,0.42,0.5,0.09,0.24,0.03,0.94,0.28,0.42,0.47,0.48,0.79,0.59,-0.13,0.53,0.44,0.36,0.46,0.64,0.5,0.41,0.39,0.47,0.34,0.39,58.59,0.48,0.52,0.23,0.74,0.7,0.45,0.66,0.31,0.61,0.96,62.15,264513.0,261139.0,210987.0,50151.0,251347.0,13671.0,3267.0,1750.0,86.0,0.364,309.0,198.0,90.0,750.0,92.0,204.0,103.0,147.02,7439.0,7519.0,1267.0,134.0,83.5,111.7,109.1,110.7,110.7,182534.0,38350.0,9585.0,1708.0,85.7,,,,,,,,,11.18,133.9,,,,,,,,,,,,,,,,,,,,,,,,,,243168.8,146.26
2008-04-01,110.0,117.5,118.7,115.4,119.0,156.0,109.8,,5206.0,7755.0,14525.0,4467.0,92.88,67.84,114.29,75.7,89.22,36.15,244.1,68.32,55.26,72.66,74.96,67.41272,113.53058,83.87037,148.56,157.13,142.86,,,,1434447.82,186610.53,7047465.88,406166.88,121324.43,284842.45,1688136.7,5928008.38,13193602.46,,,,,,,,,,330867.0,,1.29,0.19,0.32,1.53,-0.05,0.76,0.49,0.05,0.06,1.44,0.59,0.48,0.15,0.72,1.18,1.27,-0.05,1.04,0.43,0.53,0.57,0.98,0.77,0.41,0.48,0.55,0.48,0.41,61.98,0.97,0.6,0.59,0.69,1.12,0.72,0.87,0.54,0.45,0.65,59.41,275702.0,270290.0,222305.0,47986.0,266123.0,13516.0,3655.0,1797.0,87.0,0.365,324.0,212.0,90.0,778.0,91.0,222.0,108.0,147.92,11493.0,11751.0,1764.0,818.0,83.9,116.0,111.6,109.8,109.8,205612.0,42385.0,11164.0,2131.0,85.1,,,,,,,,,11.37,135.66,,,,,,,,,,,,,,,,,,,,,,,,,,250094.24,
2008-05-01,112.4,118.6,116.6,116.6,120.3,155.6,112.6,,5091.0,7934.0,14791.0,4484.0,95.47,68.65,117.51,75.61,87.4,36.6,240.41,74.0,56.91,72.32,74.58,72.73714,113.58274,84.37189,147.36,155.13,142.19,,,,1424821.6,188409.3,7065995.42,407221.93,121615.47,285606.46,1713646.5,5972285.97,13252086.92,,,,,,,,,,335664.0,,1.95,0.32,0.17,0.98,0.33,0.65,1.11,0.03,-0.02,2.27,0.61,0.73,0.26,1.02,1.87,0.92,0.13,1.37,0.69,0.68,0.64,0.96,0.86,0.55,0.5,0.7,0.58,0.52,71.35,0.79,0.92,0.56,1.61,1.88,0.87,2.02,1.23,1.52,2.01,61.38,271816.0,260934.0,217626.0,43309.0,258010.0,12954.0,3578.0,1815.0,86.0,0.362,311.0,212.0,85.0,759.0,90.0,216.0,104.0,147.06,13341.0,15787.0,2260.0,927.0,83.6,113.7,108.6,109.8,109.8,191462.0,38514.0,9896.0,2175.0,84.6,,,,,,,,,11.63,133.89,,,,,,,,,,,,,,,,,,,,,,,,,,258663.43,
2008-06-01,114.2,119.9,122.4,117.4,122.1,159.0,113.0,,4829.0,7621.0,14781.0,4512.0,96.25,68.28,113.79,74.76,91.52,36.8,244.81,76.39,56.41,72.8,75.62,73.94619,114.82663,85.00967,142.59,152.22,136.17,110.2,110.5,109.8,1451666.56,190209.66,7112088.95,408384.78,121470.16,286914.62,1748494.82,6033040.99,13341012.86,,,,,,,,,,339081.0,,2.11,0.26,0.13,0.42,0.26,0.66,0.54,0.05,0.29,2.48,0.44,0.62,0.22,0.96,2.0,0.43,0.21,1.19,0.74,0.54,0.5,0.73,0.66,0.48,0.49,0.64,0.51,0.46,67.19,0.63,0.69,0.9,1.98,1.89,0.77,1.92,0.96,1.96,2.27,60.25,279629.0,273903.0,220979.0,52924.0,273983.0,14691.0,3748.0,1830.0,87.0,0.384,314.0,220.0,92.0,804.0,91.0,219.0,105.0,150.04,15125.0,18969.0,2841.0,945.0,83.9,115.0,110.3,110.5,110.5,201512.0,41368.0,10802.0,2388.0,84.7,,,,,,,,,12.09,140.65,,,,,,,,,,,,,,,,,,,,,,,,,,256444.66,149.18
2008-07-01,115.6,120.5,125.1,119.0,120.7,157.3,112.0,,4791.0,7654.0,15154.0,4552.0,97.6,68.21,112.03,75.4,90.96,37.22,240.43,76.23,57.57,76.6,76.56,75.66869,115.28151,85.10295,131.23,140.16,125.28,108.7,107.2,110.1,1478100.1,191669.5,7139488.4,409690.39,121779.67,287910.72,1774787.29,6067710.55,13419981.06,,,,,,,,,,341256.0,,1.05,0.6,0.05,-0.03,0.46,0.47,0.51,-0.02,0.36,0.89,0.12,0.59,0.6,0.5,0.81,0.02,-0.08,0.48,0.51,0.39,0.44,0.44,0.46,0.43,0.36,0.54,0.42,0.49,59.38,0.2,0.69,0.63,1.76,1.12,0.53,1.46,0.45,2.0,2.2,60.28,284456.0,275137.0,224685.0,50453.0,286009.0,15547.0,3828.0,1825.0,87.0,0.38,327.0,225.0,92.0,786.0,94.0,227.0,109.0,159.1,16684.0,22723.0,3406.0,1761.0,84.2,117.2,110.2,110.2,110.2,224957.0,47969.0,12208.0,3043.0,85.2,,,,,,,,,12.36,139.83,,,,,,,,,,,,,,,,,,,,,,,,,,261650.84,
2008-08-01,116.5,119.0,125.5,115.8,120.2,158.9,111.2,,4984.0,7881.0,15412.0,4737.0,97.01,68.93,112.54,76.54,85.51,37.0,238.76,83.99,57.6,72.63,74.1,73.99446,114.34166,85.47302,137.05,140.48,134.76,109.6,108.0,111.0,1500645.25,193180.54,7153670.15,410972.59,121841.9,289130.7,1796583.46,6104794.67,13487945.62,,,,,,,,,,343199.0,,-0.18,0.77,0.23,0.39,0.06,0.32,0.73,0.42,0.69,-0.64,0.36,0.61,0.35,0.25,-0.26,0.45,0.05,0.19,0.31,0.5,0.46,0.53,0.59,0.42,0.36,0.48,0.47,0.48,63.02,0.48,0.67,0.35,-0.32,-0.38,0.14,1.18,0.38,0.38,-0.74,61.08,278154.0,254438.0,204837.0,49601.0,279761.0,16233.0,3562.0,1841.0,88.0,0.384,319.0,213.0,91.0,788.0,90.0,229.0,106.0,152.8,19329.0,27099.0,3640.0,1791.0,83.3,112.3,110.0,110.6,110.6,188215.0,42854.0,11386.0,2344.0,85.1,,,,,,,,,12.92,136.52,,,,,,,,,,,,,,,,,,,,,,,,,,250440.8,
2008-09-01,115.2,121.0,131.2,116.3,123.5,163.3,114.2,,5104.0,7816.0,15180.0,4864.0,97.17,69.48,114.51,78.08,91.99,39.01,245.03,84.36,58.05,73.88,77.52,73.27315,114.77907,85.42791,141.28,138.99,142.81,103.4,105.0,101.9,1494938.62,194653.82,7185765.19,412844.98,122381.72,290463.27,1821300.7,6147312.67,13576117.2,,,,,,,,,,345394.0,,-0.27,0.5,0.37,0.7,0.39,0.46,0.8,-0.05,-0.12,-0.88,0.6,0.65,0.17,0.3,-0.25,0.53,0.18,0.22,0.37,0.63,0.42,0.64,0.72,0.41,0.45,0.51,0.49,0.53,60.94,0.62,0.81,0.26,0.11,0.36,-0.09,0.95,0.38,-0.42,0.04,61.06,285392.0,267182.0,221056.0,46126.0,266894.0,16268.0,3448.0,1857.0,89.0,0.382,344.0,224.0,91.0,850.0,90.0,251.0,115.0,151.13,22708.0,31370.0,3874.0,2035.0,84.0,115.3,111.1,112.9,112.9,208308.0,45874.0,12040.0,2512.0,84.4,,,,,,,,,13.39,139.21,,,,,,,,,,,,,,,,,,,,,,,,,,253966.45,151.64
2008-10-01,114.8,116.9,131.2,111.8,119.1,147.6,112.8,,5261.0,8120.0,15386.0,4906.0,96.01,69.53,108.79,77.5,76.82,38.5,241.55,85.66,57.64,72.46,71.96,71.88904,111.36232,84.35937,140.46,139.59,141.04,95.5,104.7,86.5,1480345.08,195176.09,7168740.11,412244.15,122601.31,289642.85,1830637.68,6177247.78,13610881.83,,,,,,,,,,347475.0,,0.69,0.62,0.4,1.27,0.02,0.26,0.68,0.02,0.17,0.64,0.51,0.51,0.24,0.54,0.65,0.87,0.02,0.62,0.46,0.51,0.42,0.59,0.65,0.32,0.37,0.45,0.44,0.44,62.24,0.81,0.52,0.3,0.98,1.09,0.47,0.77,0.5,0.78,1.24,61.11,265041.0,236468.0,191425.0,45043.0,259151.0,17690.0,3337.0,1833.0,85.0,0.39,341.0,215.0,90.0,839.0,89.0,250.0,114.0,142.39,26752.0,36871.0,4329.0,2177.0,83.3,112.7,109.3,110.2,110.2,181327.0,43417.0,12100.0,2485.0,84.0,,,,,,,,,13.66,136.87,,,,,,,,,,,,,,,,,,,,,,,,,,269947.04,
2008-11-01,103.2,110.3,123.4,106.5,112.8,117.2,111.9,,5501.0,8238.0,14773.0,4900.0,94.6,70.18,105.07,72.66,68.96,38.97,240.48,79.76,57.7,69.25,69.02,71.64467,106.55436,83.0688,133.85,131.73,135.27,88.3,97.6,79.1,1465397.28,194821.73,7122243.45,411574.02,122697.67,288876.35,1834338.36,6190634.32,13649103.27,,,,,,,,,,350728.0,,0.61,0.43,0.68,0.71,-0.02,0.33,0.5,0.05,0.13,0.73,0.23,0.46,0.18,0.44,0.6,0.65,-0.24,0.6,0.29,0.36,0.31,0.5,0.52,0.28,0.35,0.31,0.3,0.3,64.58,0.6,0.46,0.49,0.38,0.07,0.56,0.5,0.39,0.73,0.3,61.54,188293.0,200428.0,161546.0,38883.0,170264.0,14687.0,2423.0,1807.0,84.0,0.371,316.0,201.0,82.0,756.0,90.0,245.0,105.0,118.83,30116.0,41113.0,5063.0,2255.0,81.8,105.3,107.2,110.9,110.9,132548.0,33731.0,9440.0,2187.0,82.8,,,,,,,,,13.64,135.58,,,,,,,,,,,,,,,,,,,,,,,,,,241455.34,
2008-12-01,87.5,98.2,93.4,95.5,103.3,91.9,104.9,,5386.0,7943.0,13417.0,4813.0,93.33,71.14,98.34,71.24,71.09,39.19,247.06,84.46,56.74,66.27,70.07,70.82087,98.86242,82.66161,128.66,120.39,134.18,85.8,96.2,75.8,1414820.07,193533.38,7023657.44,411452.55,122938.33,288514.22,1842030.43,6211098.47,13663081.01,,,,,,,,,,353882.0,,0.36,0.28,-0.04,0.99,-0.03,0.32,0.59,0.08,0.0,0.08,0.06,0.52,0.29,0.27,0.19,0.87,-1.05,0.17,0.36,0.32,0.34,0.61,0.64,0.33,0.33,0.3,0.35,0.4,61.72,0.7,0.59,0.29,-0.13,-0.44,0.52,0.17,0.16,0.03,-0.42,61.83,121580.0,176708.0,141504.0,35203.0,84602.0,5821.0,891.0,1842.0,82.0,0.372,365.0,210.0,78.0,702.0,92.0,278.0,122.0,88.75,35710.0,46262.0,5594.0,3311.0,79.9,104.2,101.8,110.7,110.7,150568.0,33351.0,8457.0,2174.0,79.2,,,,,,,,,13.66,128.19,,,,,,,,,,,,,,,,,,,,,,,,,,203722.43,145.92
2009-01-01,90.1,100.4,100.7,96.4,106.0,118.2,103.9,,5368.0,8605.0,11924.0,4770.0,92.62,70.92,109.4,72.38,83.87,39.28,253.35,73.31,58.72,62.97,73.05,70.56614,98.00198,82.85784,125.16,119.62,128.85,84.8,92.1,77.8,1398492.78,192904.16,6962365.66,411508.55,122842.58,288665.97,1842041.49,6222271.21,13693367.12,,,,,,,,,,357456.0,,0.75,0.49,0.45,0.05,0.35,0.55,0.65,0.34,0.05,0.71,-0.29,0.69,0.75,0.36,0.63,0.23,-1.34,0.0,0.69,0.27,0.45,0.59,0.57,0.44,0.42,0.4,0.46,0.47,66.15,0.29,0.8,0.4,-0.44,0.01,0.83,0.33,0.46,-0.85,-0.95,60.57,212900.0,218059.0,193503.0,24556.0,170766.0,7224.0,2252.0,1889.0,83.0,0.337,310.0,192.0,71.0,641.0,95.0,254.0,103.0,81.85,1970.0,1959.0,403.0,106.0,79.0,104.2,101.8,110.2,110.2,158229.0,31540.0,6261.0,1403.0,77.5,,,,,,,,,13.32,127.21,,,,,,,,,,,,,,,,,,,,,,,,,,210099.93,
2009-02-01,94.2,102.5,93.0,98.8,108.8,127.5,104.4,,5443.0,8149.0,12337.0,4566.0,93.99,72.54,106.43,71.98,87.61,40.04,251.58,80.17,62.24,65.37,75.33,69.85611,99.36698,83.20036,134.12,130.38,136.62,86.4,91.0,82.0,1393378.53,192319.97,6904995.37,411440.33,122944.54,288495.79,1846788.43,6247839.78,13746688.21,,,,,,,,,,358516.0,,0.27,0.22,0.28,-0.24,0.24,0.46,0.31,4.77,0.15,-0.11,-0.16,1.68,0.28,0.67,-0.05,-0.09,-0.42,-0.09,1.37,0.89,0.7,0.46,0.47,0.27,0.29,0.47,0.77,0.48,58.07,0.03,0.83,0.63,0.26,-0.13,0.21,0.27,0.27,0.54,0.2,62.17,227075.0,235140.0,208986.0,26154.0,187116.0,7163.0,2267.0,1908.0,83.0,0.353,323.0,196.0,83.0,697.0,91.0,263.0,108.0,93.75,4464.0,4187.0,687.0,136.0,78.9,103.2,100.7,108.3,108.3,155473.0,35895.0,6397.0,1591.0,77.7,,,,,,,,,12.66,129.0,,,,,,,,,,,,,,,,,,,,,,,,,,205683.25,
2009-03-01,99.6,102.7,86.1,100.2,110.4,129.6,105.5,,5698.0,8490.0,13049.0,4740.0,95.13,72.25,104.22,70.35,91.48,40.39,260.97,78.73,60.49,63.79,76.56,70.49259,101.20249,83.47906,130.88,117.53,139.77,85.7,89.1,82.6,1394424.1,192402.51,6863970.85,411153.58,123262.5,287891.08,1853590.37,6266384.46,13784751.54,,,,,,,,,,360543.0,,0.3,0.25,0.48,0.7,-0.07,0.37,0.35,-0.37,0.05,0.15,0.33,0.19,0.14,0.23,0.24,0.48,0.08,0.14,0.31,0.25,0.23,0.4,0.42,0.21,0.35,0.28,0.25,0.33,60.16,0.49,0.35,0.11,-0.74,-0.84,0.61,-0.25,0.4,-0.31,-1.24,62.57,242660.0,244035.0,218905.0,25130.0,254365.0,9375.0,2422.0,1943.0,81.0,0.364,315.0,196.0,88.0,738.0,91.0,267.0,105.0,85.16,7713.0,8873.0,1148.0,160.0,79.2,107.8,100.7,107.1,107.1,214158.0,46837.0,8635.0,1787.0,77.3,,,,,,,,,11.7,129.16,,,,,,,,,,,,,,,,,,,,,,,,,,239086.61,143.82
2009-04-01,97.3,104.4,91.0,101.1,112.2,134.1,106.9,,5686.0,8472.0,13200.0,4686.0,95.49,73.04,104.67,70.43,85.52,40.78,257.22,87.15,60.98,64.88,74.74,68.85916,101.35474,83.33038,126.33,118.16,131.77,91.2,91.1,91.5,1389319.6,191400.84,6833501.71,410609.2,123215.72,287393.48,1858872.96,6283511.84,13826363.42,,,,,,,,,,362110.0,,0.15,0.75,-0.5,1.08,-0.21,1.1,2.14,0.09,0.08,0.03,0.58,0.59,0.51,0.47,0.63,0.79,-0.74,0.49,0.45,0.59,0.56,0.44,0.51,0.27,0.35,0.49,0.6,0.48,56.77,0.44,0.57,0.36,-0.15,0.04,0.47,-0.04,0.31,-0.71,-0.44,64.84,248107.0,238229.0,211683.0,26546.0,233160.0,9374.0,2166.0,1941.0,81.0,0.353,328.0,206.0,94.0,748.0,90.0,291.0,109.0,88.55,9970.0,13085.0,1729.0,822.0,79.9,104.2,99.4,106.8,106.8,184060.0,40343.0,8370.0,1586.0,77.5,,,,,,,,,11.11,132.09,,,,,,,,,,,,,,,,,,,,,,,,,,229109.19,
2009-05-01,97.9,105.6,91.4,102.0,114.3,137.3,108.9,,5248.0,8188.0,12976.0,4533.0,98.18,73.73,102.85,71.58,91.45,40.7,256.81,79.42,62.95,66.19,76.78,69.23613,103.08252,84.57664,128.95,120.69,134.45,94.1,91.6,96.8,1388994.34,191146.55,6819486.7,411070.72,123433.23,287637.49,1872603.76,6312004.06,13876406.91,,,,,,,,,,363494.0,,0.44,0.72,0.05,1.16,-0.18,0.68,1.57,0.03,-0.01,0.46,0.6,0.54,0.3,0.54,0.74,0.94,-0.37,0.84,0.28,0.57,0.54,0.59,0.63,0.39,0.44,0.48,0.56,0.41,58.85,0.72,0.56,0.59,-0.07,0.18,0.39,1.39,0.33,0.17,-0.3,63.89,252142.0,248153.0,217272.0,30881.0,250568.0,9356.0,2528.0,1955.0,84.0,0.367,300.0,202.0,79.0,717.0,89.0,267.0,100.0,92.22,10976.0,16859.0,2382.0,1427.0,80.1,105.9,100.4,105.9,105.9,195720.0,41668.0,7612.0,1944.0,77.9,,,,,,,,,10.16,132.15,,,,,,,,,,,,,,,,,,,,,,,,,,242962.4,
2009-06-01,102.7,107.0,95.2,103.9,114.5,144.7,107.0,,5031.0,7909.0,13217.0,4558.0,95.19,73.91,113.98,74.34,107.6,41.13,262.54,92.46,62.39,67.65,83.12,67.29467,104.10238,85.09941,139.99,128.53,147.63,95.3,92.9,98.0,1388117.9,191074.86,6817222.89,411048.95,123541.39,287507.56,1888385.54,6344466.57,13914158.47,,,,,,,,,,363845.0,,0.7,0.27,0.84,0.53,0.02,0.49,0.49,0.03,-0.16,0.78,0.2,0.42,0.23,0.42,0.6,0.53,-0.14,0.69,0.17,0.32,0.27,0.49,0.53,0.28,0.38,0.37,0.31,0.45,59.11,0.59,0.47,0.38,-0.1,-0.32,0.12,0.7,0.13,-0.03,-0.45,64.32,268848.0,284815.0,253748.0,31067.0,264036.0,9394.0,3015.0,1918.0,65.0,0.372,318.0,222.0,84.0,776.0,91.0,288.0,106.0,99.96,15410.0,21494.0,3133.0,1842.0,80.3,108.2,100.7,107.0,107.0,243104.0,46668.0,8583.0,1774.0,78.4,,,,,,,,,9.54,132.12,,,,,,,,,,,,,,,,,,,,,,,,,,243618.09,146.48
2009-07-01,102.8,108.2,96.0,105.0,116.4,150.6,108.2,,4997.0,8105.0,13611.0,4612.0,93.62,74.4,108.32,75.75,87.18,42.37,267.93,84.3,61.76,67.52,77.0,66.01457,105.08629,85.19989,145.01,134.55,151.99,97.0,95.9,98.1,1400042.52,191297.14,6828474.61,413830.8,123745.83,290084.97,1910028.71,6385642.63,13967832.37,,,,,,,,,,365710.0,,-0.06,1.11,0.37,-0.01,0.14,0.31,0.26,0.11,-0.1,-0.37,0.07,0.34,0.57,0.1,-0.16,0.06,-0.13,0.17,0.03,0.23,0.29,0.27,0.34,0.21,0.3,0.31,0.2,0.27,52.86,0.2,0.46,0.22,-0.43,-0.64,0.34,0.26,0.33,-0.35,-0.85,64.68,249466.0,240721.0,214529.0,26192.0,259228.0,9507.0,2650.0,1919.0,73.0,0.365,324.0,225.0,90.0,791.0,97.0,294.0,108.0,122.03,37157.0,31306.0,3723.0,1866.0,80.8,107.1,100.3,107.5,107.5,226782.0,46832.0,9663.0,2093.0,77.8,,,,,,,,,9.01,130.26,,,,,,,,,,,,,,,,,,,,,,,,,,253430.14,
2009-08-01,102.6,110.3,96.0,106.6,117.0,150.5,109.6,,5129.0,8403.0,14061.0,4669.0,92.48,75.33,107.19,76.8,94.21,42.15,264.22,82.77,62.12,68.12,78.54,68.80604,107.28863,85.94568,145.61,134.83,152.8,99.6,96.0,103.3,1410754.48,192287.17,6862123.74,414224.79,123876.98,290347.82,1938471.23,6429103.14,14031044.09,,,,,,,,,,365950.0,,-0.01,0.47,-0.24,0.13,-0.11,0.21,0.27,0.83,-0.02,-0.38,-0.05,0.52,0.16,0.14,-0.25,0.16,-0.35,-0.31,0.55,0.28,0.21,0.22,0.26,0.18,0.25,0.23,0.22,0.37,52.6,-0.02,0.49,0.23,-0.36,0.09,0.2,-0.05,0.48,-0.6,-0.61,64.79,262956.0,250479.0,217493.0,32986.0,272807.0,9344.0,2753.0,1960.0,77.0,0.359,308.0,217.0,89.0,778.0,95.0,286.0,103.0,129.37,40562.0,36499.0,4190.0,1891.0,80.8,107.9,100.1,106.6,106.6,204789.0,42756.0,8475.0,2084.0,79.2,,,,,,,,,8.65,130.42,,,,,,,,,,,,,,,,,,,,,,,,,,252681.05,
2009-09-01,104.4,111.8,103.5,108.8,117.8,154.4,108.9,,5304.0,8417.0,14227.0,4769.0,93.65,75.42,108.63,79.92,110.34,42.25,270.85,86.9,61.3,68.47,84.74,69.63806,108.55642,86.53144,148.81,141.86,153.44,103.0,97.8,108.2,1418263.37,193417.57,6911915.29,412201.86,123718.89,288482.97,1966625.93,6472833.52,14082704.3,,,,,,,,,,366078.0,,-0.14,0.62,-0.03,0.58,0.27,0.3,0.52,0.07,0.22,-0.42,0.33,0.37,0.37,0.19,-0.23,0.46,0.25,0.01,0.36,0.35,0.31,0.33,0.35,0.31,0.39,0.39,0.34,0.28,54.17,0.34,0.35,0.19,0.42,0.25,0.18,0.15,0.16,0.35,0.53,64.95,263464.0,280582.0,250835.0,29748.0,249629.0,11477.0,2661.0,1993.0,77.0,0.377,330.0,218.0,94.0,825.0,97.0,315.0,110.0,136.29,46883.0,42167.0,4826.0,1926.0,81.5,108.8,100.9,108.0,108.0,249544.0,47112.0,10054.0,1980.0,80.3,,,,,,,,,8.65,132.38,,,,,,,,,,,,,,,,,,,,,,,,,,268038.27,149.9
2009-10-01,105.1,114.3,109.5,110.1,119.7,158.9,110.9,,5493.0,8526.0,14552.0,4849.0,96.64,76.78,112.14,80.2,93.72,43.24,270.38,90.21,62.71,70.39,80.16,71.00953,110.11873,86.85338,157.15,148.45,162.94,103.4,99.7,107.1,1435653.08,194930.43,6970804.08,414262.87,123873.0,290389.86,2005829.9,6521042.75,14159033.07,,,,,,,,,,365623.0,,-0.09,0.28,0.38,0.64,0.51,0.3,0.2,0.04,0.91,-0.21,0.53,0.2,0.42,0.22,0.04,0.5,0.48,0.28,0.17,0.34,0.24,0.21,0.27,0.28,0.31,0.33,0.27,0.33,52.6,0.34,0.22,0.18,0.05,-0.04,0.01,0.06,0.25,0.1,0.04,66.22,293253.0,269924.0,236415.0,33509.0,290481.0,12787.0,3023.0,1990.0,80.0,0.374,349.0,215.0,90.0,865.0,99.0,304.0,116.0,136.53,50612.0,48522.0,5393.0,1959.0,82.0,111.8,102.3,108.2,108.2,231191.0,50151.0,11260.0,1863.0,80.9,,,,,,,,,8.65,134.98,,,,,,,,,,,,,,,,,,,,,,,,,,287707.11,
2009-11-01,104.3,115.8,118.7,111.8,120.6,158.8,112.2,,5764.0,8636.0,14415.0,4802.0,97.65,77.23,111.52,81.99,92.44,43.29,256.33,91.84,62.32,71.79,79.98,71.59905,111.65734,86.23678,155.79,146.55,161.95,105.5,104.9,106.0,1454564.36,196472.33,7048751.08,416283.08,124096.36,292186.71,2058555.38,6576396.79,14251607.62,,,,,,,,,,367571.0,,0.58,0.19,0.43,0.58,0.61,0.24,0.55,0.01,0.01,0.41,0.39,0.45,0.4,0.42,0.41,0.6,0.15,0.22,0.6,0.43,0.37,0.55,0.58,0.36,0.39,0.4,0.38,0.33,58.85,0.51,0.64,0.44,0.1,0.07,0.26,0.29,0.29,0.07,0.08,66.45,281472.0,250259.0,212351.0,37908.0,266213.0,13805.0,2494.0,1986.0,80.0,0.372,336.0,201.0,88.0,810.0,99.0,271.0,112.0,137.08,53930.0,54227.0,6112.0,3189.0,82.2,111.5,103.1,109.3,109.3,192826.0,45678.0,11130.0,2089.0,81.9,,,,,,,,,8.65,139.45,,,,,,,,,,,,,,,,,,,,,,,,,,274842.3,
2009-12-01,104.8,116.4,115.1,113.1,120.3,154.4,111.4,,6095.0,8877.0,14229.0,4923.0,98.33,77.45,108.01,82.18,91.68,43.54,266.28,89.09,61.54,71.28,80.18,73.27034,114.16244,87.85134,156.63,150.53,160.69,108.2,104.4,111.8,1425181.4,197985.26,7070385.86,417198.03,124274.41,292923.61,2103235.18,6627170.29,14333861.59,,,,,,,,,,369416.0,,0.24,0.17,0.51,0.76,0.78,0.24,0.46,0.1,-0.11,-0.16,0.37,0.5,0.51,0.32,-0.05,0.58,0.26,0.16,0.46,0.44,0.47,0.5,0.52,0.34,0.42,0.47,0.53,0.22,60.16,0.37,0.65,0.38,-0.26,-0.11,0.24,0.1,0.18,-0.07,-0.5,68.05,271188.0,247010.0,206409.0,40601.0,226615.0,12188.0,1791.0,1999.0,80.0,0.38,399.0,215.0,84.0,772.0,103.0,306.0,133.0,136.69,60302.0,65979.0,6856.0,3219.0,82.9,116.5,106.9,110.2,110.2,223456.0,54459.0,12704.0,2400.0,82.8,,,,,,,,,8.65,138.53,,,,,,,,,,,,,,,,,,,,,,,,,,256076.26,153.77
2010-01-01,110.7,117.6,115.6,115.4,121.3,158.6,113.1,,5851.0,9235.0,13425.0,4850.0,98.63,78.24,112.74,85.37,96.09,44.03,268.56,99.62,62.43,71.28,81.94,73.26993,115.60045,88.90741,160.47,154.75,164.28,108.7,105.8,111.5,1426563.6,199402.04,7132163.01,419463.01,124907.33,294555.67,2150251.47,6688005.82,14421831.01,,,,,,,,,,371511.0,,1.13,0.27,0.41,0.31,1.45,0.36,0.78,0.26,0.0,1.25,0.41,0.69,0.83,0.71,1.11,0.45,0.09,0.68,0.74,0.57,0.58,0.53,0.52,0.52,0.48,0.6,0.6,0.53,68.75,0.25,0.74,0.52,0.63,1.01,1.29,0.64,1.34,0.2,0.51,67.58,277653.0,261210.0,212889.0,48321.0,218952.0,11411.0,3032.0,1997.0,80.0,0.368,373.0,188.0,81.0,680.0,107.0,199.0,124.0,139.0,2048.0,4672.0,940.0,43.0,81.8,114.7,106.3,110.5,110.5,159897.0,41847.0,9711.0,1858.0,82.5,,,,,,,,,8.65,139.28,,,,,,,,,,,,,,,,,,,,,,,,,,243485.71,
2010-02-01,111.7,117.4,111.8,114.1,121.8,157.5,113.5,,5885.0,8912.0,14078.0,4855.0,98.2,80.48,115.29,87.39,101.47,46.0,276.32,96.57,64.5,74.56,85.45,75.45267,116.17065,89.30257,161.43,160.75,161.87,109.5,105.1,113.6,1426306.42,201115.95,7192461.3,421286.67,125392.95,295893.72,2188873.86,6738903.92,14496168.9,,,,,,,,,,374516.0,,0.96,0.31,0.36,-0.52,0.79,0.23,0.4,4.53,0.03,1.18,0.02,1.48,0.42,0.93,0.9,-0.44,0.37,0.26,1.53,0.86,0.68,0.31,0.29,0.45,0.39,0.47,0.72,0.48,61.72,-0.13,0.63,0.94,1.18,1.09,0.68,0.36,0.74,1.08,1.42,67.77,268366.0,272671.0,226587.0,46083.0,220416.0,13302.0,2896.0,2017.0,79.0,0.381,429.0,202.0,85.0,796.0,105.0,181.0,107.0,133.68,5157.0,9017.0,1686.0,156.0,81.5,114.3,106.2,110.7,110.7,169205.0,42171.0,7895.0,1686.0,83.0,,,,,,,,,8.65,143.31,,,,,,,,,,,,,,,,,,,,,,,,,,242443.85,
2010-03-01,113.6,120.1,118.3,116.6,124.9,164.7,115.3,,6162.0,9153.0,14766.0,5036.0,100.43,79.98,116.62,87.09,121.92,46.15,293.24,102.31,64.59,76.24,91.8,77.28271,117.56195,90.3066,159.92,159.98,159.88,111.9,109.7,113.8,1430338.11,202766.05,7257784.25,422934.78,125435.93,297498.84,2221543.29,6797425.5,14593453.26,,,,,,,,,,377708.0,,1.55,0.32,1.0,0.66,-0.54,0.27,0.77,0.54,0.08,2.06,0.19,0.68,-0.14,0.8,1.29,0.6,0.27,0.53,1.05,0.47,0.43,0.5,0.52,0.35,0.46,0.4,0.45,0.53,66.41,0.45,0.57,0.55,0.94,0.63,0.86,0.75,0.34,1.1,1.07,67.02,286092.0,317781.0,272651.0,45130.0,297384.0,16734.0,3893.0,2037.0,75.0,0.374,432.0,214.0,91.0,868.0,105.0,220.0,108.0,140.6,7589.0,15009.0,2642.0,223.0,83.1,120.2,109.1,111.6,111.6,275437.0,61947.0,13461.0,2896.0,83.2,,,,,,,,,8.65,147.9,,,,,,,,,,,,,,,,,,,,,,,,,,282441.6,156.93
2010-04-01,114.7,120.7,122.0,117.8,123.8,161.0,115.0,,6010.0,9150.0,14921.0,4945.0,99.98,79.53,120.95,85.03,95.27,44.89,277.72,101.34,64.04,74.28,83.53,75.68733,117.51387,90.20781,154.66,146.53,160.08,109.1,108.8,109.3,1442971.89,203678.45,7309493.64,424879.85,125777.27,299102.58,2256218.4,6851638.14,14669173.31,,,,,,,,,,378661.0,,1.45,0.08,-0.04,1.28,-0.08,0.84,0.66,0.11,-0.03,1.92,0.33,0.52,0.14,0.75,1.23,0.83,0.37,0.61,0.88,0.44,0.43,0.47,0.49,0.34,0.5,0.42,0.45,0.47,60.94,0.48,0.5,0.48,0.77,0.72,0.76,0.84,0.39,0.63,0.72,67.3,273576.0,257718.0,226219.0,31499.0,255727.0,15498.0,3648.0,2077.0,86.0,0.385,405.0,215.0,90.0,832.0,102.0,257.0,101.0,137.55,10327.0,21517.0,3460.0,317.0,83.9,116.3,108.0,113.1,113.1,208917.0,52982.0,13587.0,2349.0,84.1,,,,,,,,,8.72,144.51,,,,,,,,,,,,,,,,,,,,,,,,,,265816.3,
2010-05-01,112.5,120.6,123.7,117.0,123.1,164.6,113.7,,5658.0,8709.0,15025.0,4905.0,104.01,80.52,116.76,85.92,97.3,45.57,282.69,101.02,66.21,78.8,84.52,73.05119,117.3015,90.30467,155.77,152.48,157.96,109.6,109.5,109.4,1450111.72,205404.08,7355925.0,426431.93,125944.71,300487.22,2296898.26,6915171.69,14764979.57,,,,,,,,,,378823.0,,0.28,0.78,0.59,0.91,0.09,0.74,0.75,0.04,-0.01,-0.06,0.51,0.69,0.33,0.47,-0.03,0.91,0.42,0.42,0.51,0.61,0.56,0.73,0.79,0.53,0.62,0.57,0.55,0.74,60.94,0.75,0.83,0.63,1.19,1.57,0.21,1.81,0.22,1.11,1.49,67.15,289966.0,258930.0,214073.0,44857.0,277885.0,15600.0,3889.0,2075.0,83.0,0.391,356.0,214.0,87.0,829.0,104.0,268.0,118.0,140.46,12944.0,28525.0,4196.0,371.0,83.8,118.1,109.0,114.5,114.5,182948.0,52835.0,13163.0,2148.0,83.9,,,,,,,,,9.4,149.96,,,,,,,,,,,,,,,,,,,,,,,,,,291017.66,
2010-06-01,112.6,119.7,120.5,116.8,122.7,154.7,114.5,,5420.0,8676.0,15180.0,4894.0,101.11,81.97,118.14,87.72,98.55,45.47,279.7,115.42,67.83,76.18,86.03,72.41335,116.65451,90.23586,160.55,155.73,163.76,108.7,110.3,106.9,1446277.47,206859.58,7396992.15,428143.85,126249.84,301894.01,2322954.07,6960206.79,14842671.22,,,,,,,,,,378166.0,,-0.9,0.4,0.35,0.58,-0.21,0.57,0.74,0.03,0.02,-1.71,0.3,0.48,0.12,-0.05,-1.0,0.29,-0.05,-0.09,-0.01,0.4,0.36,0.47,0.52,0.26,0.4,0.29,0.39,0.14,57.29,0.45,0.57,0.19,0.85,0.34,-0.21,1.09,0.04,1.3,1.09,68.37,276061.0,251485.0,210372.0,41114.0,264028.0,16107.0,3862.0,2051.0,76.0,0.396,365.0,228.0,93.0,866.0,106.0,282.0,122.0,145.67,18062.0,35842.0,4988.0,424.0,83.8,117.7,108.7,115.1,115.1,192457.0,55044.0,12974.0,2298.0,84.2,,,,,,,,,9.94,147.06,,,,,,,,,,,,,,,,,,,,,,,,,,278857.84,158.94
2010-07-01,113.4,119.0,120.6,116.8,121.9,154.5,113.8,,5224.0,8448.0,15303.0,4875.0,100.79,80.97,120.92,84.93,101.99,45.72,288.9,102.93,68.46,78.35,86.54,71.30222,116.32787,90.99061,157.16,153.99,159.27,107.8,107.9,107.6,1439250.63,208566.68,7432376.61,429455.51,126242.7,303212.81,2356286.04,7004424.07,14928556.54,,,,,,,,,,381821.0,,-0.76,0.54,0.29,-0.04,0.08,0.31,0.54,-0.03,0.0,-1.3,0.02,0.32,0.32,-0.12,-0.81,0.01,-0.22,-0.21,-0.04,0.2,0.23,0.14,0.18,0.16,0.24,0.2,0.21,0.17,48.7,0.02,0.31,-0.09,0.15,0.22,-0.21,0.44,0.17,0.05,0.2,67.74,271035.0,270139.0,228546.0,41593.0,269833.0,17479.0,3444.0,2056.0,85.0,0.392,369.0,230.0,90.0,878.0,112.0,288.0,123.0,139.56,23354.0,43173.0,5667.0,473.0,83.8,120.3,109.8,116.4,116.4,226076.0,59157.0,14669.0,2447.0,84.2,,,,,,,,,10.32,146.91,,,,,,,,,,,,,,,,,,,,,,,115.6,116.2,116.5,278207.52,
2010-08-01,115.6,118.4,121.6,114.7,121.2,156.0,113.3,,5451.0,8812.0,15456.0,4993.0,101.63,82.08,120.62,90.3,108.55,47.28,298.61,102.48,68.9,80.5,89.23,71.44709,116.73965,91.60748,164.5,163.38,165.25,110.1,111.3,108.7,1446772.86,210068.38,7471196.38,432490.8,127285.47,305205.33,2391110.13,7061211.96,15047627.39,,,,,,,,,,387540.0,,-0.24,0.23,-0.31,0.17,-0.09,0.26,0.2,0.44,-0.03,-0.61,-0.02,0.42,-0.01,0.06,-0.37,0.15,-0.4,0.12,0.0,0.23,0.11,0.32,0.34,0.2,0.33,0.19,0.11,0.23,52.6,0.14,0.5,-0.05,0.77,1.1,-0.08,0.14,0.17,0.46,1.24,69.03,278168.0,277124.0,238440.0,38684.0,286241.0,18300.0,3846.0,2078.0,87.0,0.393,368.0,229.0,97.0,898.0,111.0,282.0,123.0,141.83,33187.0,50558.0,6423.0,847.0,83.7,119.1,109.9,116.7,116.7,237957.0,58616.0,13229.0,2972.0,84.0,,,,,,,,,10.66,150.12,,,,,,,,,,,,,,,,,,,,,,,112.8,114.9,116.8,272884.63,
2010-09-01,117.7,118.7,123.1,114.2,123.6,158.8,115.4,,5658.0,8904.0,15405.0,5215.0,103.07,81.9,121.34,91.89,107.98,47.16,299.69,115.06,71.09,80.81,89.87,72.54443,117.35346,92.2624,162.62,164.11,161.62,110.3,111.5,109.0,1442816.32,212401.57,7500980.67,433845.15,127400.89,306444.26,2412408.72,7111449.12,15128674.36,,,,,,,,,,391820.0,,1.08,0.4,0.46,0.45,0.13,0.36,0.34,0.08,0.04,1.4,0.23,0.43,0.19,0.56,1.03,0.48,0.0,0.88,0.28,0.34,0.38,0.52,0.43,0.33,0.43,0.39,0.33,0.38,62.5,0.38,0.46,0.31,1.15,1.1,0.46,0.21,0.53,1.12,1.6,68.39,280898.0,291173.0,243758.0,47414.0,258473.0,16485.0,3483.0,1998.0,80.0,0.402,388.0,224.0,92.0,907.0,111.0,298.0,129.0,135.83,63744.0,56034.0,7150.0,1085.0,83.5,120.3,109.7,115.4,115.4,234357.0,57044.0,13224.0,2409.0,83.3,,,,,,,,,10.66,149.43,,,,,,,,,,,,,,,,,,,,,,,111.1,112.8,114.2,274191.25,160.34
2010-10-01,115.4,118.3,121.3,114.0,123.2,159.7,114.8,,5713.0,8951.0,15434.0,5091.0,102.87,82.12,123.34,94.47,112.93,48.0,299.61,101.35,69.38,80.35,90.81,72.41884,117.34074,92.38826,155.37,155.58,155.23,111.3,111.5,110.9,1442489.25,214255.45,7533142.67,435825.34,127803.68,308021.66,2440924.52,7169829.77,15220246.69,,,,,,,,,,396462.0,,1.89,0.48,0.37,0.89,0.36,0.26,0.64,0.02,0.29,2.4,0.48,0.6,0.3,0.94,1.89,0.71,0.06,1.0,0.88,0.55,0.45,0.69,0.65,0.54,0.55,0.58,0.43,0.59,64.84,0.59,0.7,0.62,1.01,1.03,0.59,0.2,1.04,1.15,1.3,68.66,287096.0,287902.0,243998.0,43904.0,273487.0,16082.0,3998.0,1998.0,80.0,0.409,378.0,212.0,74.0,895.0,111.0,273.0,126.0,142.4,68720.0,62901.0,8110.0,1184.0,83.4,118.6,109.8,119.2,119.2,228329.0,59257.0,13489.0,2084.0,84.0,,,,,,,,,10.66,150.6,,,,,,,,,,,,,,,,,,,,,,,110.0,112.1,114.0,284768.28,
2010-11-01,115.4,119.3,128.8,115.5,123.0,164.0,113.6,,5833.0,8963.0,15317.0,4965.0,102.86,81.22,122.4,96.01,114.03,48.44,302.69,107.48,67.98,81.36,91.59,76.70506,119.11343,92.80599,160.06,159.91,160.16,111.5,111.2,111.6,1418731.22,216345.18,7563962.35,438354.02,127970.03,310384.0,2473374.54,7233222.47,15287265.93,,,,,,,,,,393144.0,,2.22,0.57,-0.12,1.25,0.13,0.36,0.74,0.06,0.42,2.76,0.48,0.65,0.33,1.04,2.08,0.99,-0.1,1.53,0.6,0.58,0.52,0.8,0.72,0.59,0.56,0.66,0.48,0.63,67.19,0.73,0.72,0.86,1.45,1.58,1.0,0.37,0.72,1.16,1.84,66.58,293291.0,300703.0,254990.0,45713.0,282002.0,17395.0,2543.0,2089.0,91.0,0.417,397.0,220.0,67.0,901.0,115.0,275.0,132.0,135.96,71989.0,71302.0,9059.0,1256.0,83.9,121.4,110.8,117.4,117.4,248432.0,62938.0,14568.0,2530.0,84.0,,,,,,,,,10.66,150.52,,,,,,,,,,,,,,,,,,,,,,,109.7,111.4,112.8,278229.2,
2010-12-01,115.3,120.3,124.0,116.2,124.2,165.3,114.3,,6305.0,9302.0,15169.0,5180.0,104.63,81.65,125.66,97.5,115.37,49.92,344.0,115.16,69.07,83.16,92.21,76.58759,119.02997,92.62063,164.26,162.82,165.22,111.5,113.4,109.5,1416922.19,218059.41,7598266.49,441808.58,128496.2,313312.39,2491956.73,7291136.3,15360110.26,,,,,,,,,,390566.0,,1.32,0.49,0.1,1.34,0.29,0.39,0.57,0.05,0.05,1.03,0.45,0.9,0.26,0.78,0.86,0.95,-0.11,0.95,0.63,0.71,0.6,0.96,0.94,0.51,0.52,0.71,0.6,0.46,62.24,0.66,1.16,0.69,0.69,0.38,0.72,0.67,0.54,1.27,0.63,67.99,298196.0,289459.0,259316.0,30142.0,247243.0,15540.0,1997.0,2180.0,91.0,0.435,450.0,220.0,66.0,830.0,118.0,291.0,150.0,129.99,77255.0,79528.0,10126.0,1514.0,83.6,120.4,109.9,118.0,118.0,287689.0,73539.0,17457.0,2857.0,84.5,,,,,,,,,10.66,153.47,,,,,,,,,,,,,,,,,,,,,,,111.1,111.9,112.5,255580.63,162.63
2011-01-01,115.9,120.3,123.3,116.2,124.3,164.8,115.3,,6250.0,9810.0,14467.0,5346.0,104.99,81.97,122.85,100.23,111.41,49.53,308.43,104.56,65.32,81.63,91.12,81.20571,119.29548,93.28821,160.83,156.53,163.71,110.2,111.8,108.5,1423812.15,220085.81,7636759.57,443022.88,128774.41,314248.47,2510903.5,7346642.54,15452938.24,,,,,,,,,,391344.0,,1.16,0.61,0.25,0.12,1.55,0.47,0.83,0.3,0.29,1.24,0.32,0.91,0.94,0.79,1.08,0.18,0.19,0.43,1.1,0.66,0.76,0.74,0.71,0.63,0.54,0.8,0.82,0.63,69.27,0.31,1.03,0.76,0.79,0.98,1.27,0.41,1.15,0.49,0.76,68.89,289779.0,273541.0,231632.0,41910.0,222634.0,13782.0,2885.0,2122.0,91.0,0.417,384.0,194.0,65.0,722.0,120.0,236.0,128.0,139.85,2559.0,4716.0,850.0,147.0,83.5,120.9,110.1,118.7,118.7,180322.0,49807.0,12229.0,2505.0,83.9,,,,,,,,,10.85,152.68,,,,,,,,,,,,,,,,,,,,,,,111.6,111.7,111.6,247436.39,
2011-02-01,116.5,121.5,123.3,117.9,125.2,166.4,115.4,,6331.0,9405.0,14487.0,5222.0,104.08,82.47,123.97,99.4,115.25,49.26,303.98,102.28,68.72,81.37,93.27,74.052,120.39371,93.80973,164.21,161.27,166.17,110.4,111.9,108.8,1438634.96,221936.02,7671273.94,443203.31,129021.77,314181.54,2533936.2,7373924.26,15526980.78,,,,,,,,,,398756.0,,0.23,0.32,0.44,-0.25,0.46,0.31,1.43,5.81,0.49,-0.15,0.24,1.93,0.47,0.94,0.17,-0.16,0.14,-0.02,1.79,1.23,0.96,0.51,0.52,0.51,0.4,0.7,1.04,0.59,61.72,0.06,0.88,0.97,1.0,0.96,0.49,0.28,0.6,1.03,1.2,68.81,301720.0,286990.0,236540.0,50451.0,274486.0,17723.0,3737.0,2062.0,89.0,0.395,427.0,213.0,65.0,863.0,118.0,253.0,142.0,145.83,4722.0,10177.0,1508.0,745.0,83.9,126.4,111.9,118.2,118.2,201898.0,56900.0,12694.0,2636.0,83.3,,,,,,,,,11.17,152.94,,,,,,,,,,,,,,,,,,,,,,,111.6,111.6,111.4,245627.55,
2011-03-01,114.6,122.4,126.2,117.8,126.5,163.8,117.6,,6373.0,9508.0,15188.0,5281.0,104.35,83.2,125.26,101.15,114.62,49.66,305.99,113.43,70.2,82.84,93.84,73.02957,119.78288,94.16571,160.29,157.08,162.43,109.1,109.3,108.8,1448505.92,224095.5,7692814.21,444703.2,129333.77,315369.43,2536750.34,7426010.04,15619444.85,,,,,,,,,,400143.0,,0.75,0.46,0.21,0.56,1.56,0.45,0.78,1.04,0.17,0.67,0.44,0.86,1.05,0.69,0.8,0.44,-0.07,0.27,1.04,0.69,0.7,0.61,0.62,0.6,0.49,0.7,0.72,0.61,68.23,0.5,0.71,0.6,0.62,0.61,0.71,0.43,0.35,0.84,0.65,71.53,284369.0,302855.0,254235.0,48620.0,275588.0,16836.0,3898.0,2082.0,83.0,0.386,471.0,217.0,63.0,872.0,118.0,160.0,157.0,151.01,6950.0,14997.0,2118.0,800.0,83.5,120.7,109.3,118.6,118.6,223886.0,64835.0,14488.0,2926.0,83.1,123263.0,92808.0,107882.0,23282.0,81982.0,15448.0,10390.0,8103.0,11.62,154.27,4.41,3.18,2.13,3.29,3.03,6.82,5.54,10.82,6.9,2.73,4.07,7.63,192480.0,10861.0,22853.0,1327.0,2386.0,23978.0,6198.0,8902.0,9000.0,45827.0,109.6,110.0,110.2,277988.84,164.8
2011-04-01,115.9,119.1,123.3,116.7,121.8,151.0,114.8,,6298.0,9237.0,15335.0,5179.0,101.74,84.12,123.56,102.27,116.78,50.23,303.99,102.74,71.29,84.64,93.89,70.86542,118.56046,94.03655,159.44,154.09,163.01,111.2,111.7,110.4,1452588.06,226079.46,7715115.52,445788.17,129543.82,316244.35,2562700.88,7478399.84,15707307.96,,,,,,,,,,404144.0,,0.58,0.77,-0.62,1.42,1.57,0.98,0.57,0.09,0.0,0.48,0.58,0.59,1.29,0.57,0.67,1.14,-0.54,0.6,0.53,0.59,0.52,0.73,0.72,0.49,0.6,0.68,0.49,0.65,59.38,0.65,0.78,0.77,0.45,0.5,0.95,1.06,0.7,0.56,0.29,71.81,283992.0,284598.0,237642.0,46956.0,263292.0,16343.0,3584.0,2052.0,89.0,0.393,496.0,215.0,63.0,858.0,115.0,112.0,165.0,154.98,9631.0,20316.0,2814.0,889.0,83.2,122.1,110.7,118.5,118.5,211662.0,61220.0,13514.0,2776.0,83.4,124703.0,91630.0,109015.0,22713.0,80475.0,14445.0,11175.0,7209.0,11.74,156.19,4.55,3.33,2.3,3.4,2.98,6.79,5.68,10.97,7.09,2.73,4.34,7.65,181292.0,10222.0,20543.0,1280.0,2321.0,22810.0,5871.0,8154.0,8492.0,43759.0,111.4,110.9,110.2,261567.12,
2011-05-01,117.4,122.9,130.6,119.1,125.4,158.1,117.8,,6002.0,9138.0,15255.0,5172.0,102.11,84.06,124.0,104.54,117.78,50.86,308.97,122.87,68.96,86.63,95.37,77.24135,119.92815,93.7385,153.0,149.1,155.6,110.4,110.8,109.9,1469853.32,227815.99,7741573.04,447212.83,129821.5,317391.33,2591989.65,7523135.79,15785430.95,,,,,,,,,,405644.0,,0.63,0.97,0.09,1.19,-0.24,0.73,0.72,0.01,0.15,0.47,0.1,0.67,0.55,0.44,0.18,0.99,-0.46,0.36,0.52,0.43,0.54,0.75,0.75,0.45,0.64,0.59,0.52,0.79,64.84,0.68,0.81,0.7,0.43,0.01,0.51,2.94,0.31,0.55,0.03,69.78,291296.0,282762.0,240841.0,41922.0,280536.0,20283.0,4432.0,2072.0,91.0,0.419,433.0,224.0,61.0,900.0,116.0,183.0,144.0,161.3,12717.0,26065.0,3579.0,979.0,83.4,122.3,111.1,119.8,119.8,232573.0,67912.0,15127.0,2898.0,83.5,124083.0,93051.0,107826.0,22125.0,82449.0,15255.0,10771.0,6650.0,11.92,158.86,4.72,3.49,2.42,3.59,3.13,5.9,5.88,10.95,7.44,2.76,4.69,7.91,202150.0,10963.0,24759.0,1426.0,2269.0,25500.0,6663.0,9507.0,9435.0,47431.0,112.8,111.3,109.6,285419.12,
2011-06-01,116.4,120.3,130.2,116.6,121.4,154.0,113.3,,5719.0,8868.0,15387.0,5186.0,102.07,83.62,130.92,102.74,112.76,51.29,305.53,156.65,70.71,87.1,94.23,79.85266,119.83352,94.31152,153.81,149.91,156.42,110.1,109.5,110.5,1479789.8,229820.66,7760967.02,447738.08,130037.76,317700.32,2625400.39,7572512.51,15856230.27,,,,,,,,,,411403.0,,-0.26,0.58,0.42,1.25,-0.61,0.67,0.67,0.11,-0.05,-0.62,0.41,0.55,-0.12,0.26,-0.46,1.03,0.05,0.19,0.31,0.5,0.56,0.74,0.77,0.44,0.54,0.42,0.57,0.44,58.85,0.81,0.74,0.23,-0.18,-0.13,-0.18,0.37,0.01,-0.22,-0.45,69.16,291204.0,273920.0,234054.0,39866.0,272103.0,19754.0,4193.0,2137.0,91.0,0.423,436.0,234.0,63.0,919.0,117.0,220.0,145.0,153.44,17236.0,31958.0,4906.0,1496.0,83.5,121.4,109.8,121.1,121.1,222086.0,64826.0,14769.0,2638.0,83.3,122444.0,96238.0,109285.0,24068.0,86068.0,14209.0,10831.0,6637.0,12.1,156.05,4.71,3.42,2.47,3.48,3.08,5.99,5.93,10.84,7.38,2.74,4.88,7.99,200623.0,10715.0,26328.0,1471.0,2323.0,24763.0,6786.0,9417.0,8889.0,46867.0,110.4,109.9,109.2,275184.22,166.48
2011-07-01,116.1,120.0,130.2,115.4,125.3,161.8,116.2,,5654.0,9128.0,15436.0,5199.0,102.94,85.11,121.97,104.58,114.24,51.32,308.72,125.21,71.02,86.72,94.47,80.9251,119.42804,94.44873,152.93,150.63,154.47,110.7,110.5,110.7,1480528.44,231882.12,7778415.44,448833.56,130594.39,318239.16,2645534.97,7614283.9,15928895.9,,,,,,,,,,414177.0,,-0.34,0.27,0.03,0.1,0.46,0.47,0.49,0.11,-0.04,-0.96,0.2,0.53,0.29,0.11,-0.48,0.15,-0.14,-0.04,0.24,0.39,0.33,0.36,0.41,0.28,0.41,0.38,0.36,0.17,53.13,0.26,0.53,0.1,-0.12,-0.05,-0.04,0.45,0.3,-0.12,-0.22,70.23,297252.0,277317.0,228855.0,48462.0,284585.0,19914.0,4299.0,2077.0,84.0,0.421,433.0,228.0,61.0,917.0,125.0,194.0,144.0,153.0,20467.0,41467.0,5686.0,1539.0,83.1,123.1,110.8,122.0,122.0,222678.0,65275.0,15530.0,2738.0,82.8,136806.0,99489.0,116008.0,26705.0,87070.0,17606.0,12497.0,7303.0,12.25,159.98,4.89,3.57,2.66,3.66,3.09,6.36,6.13,11.6,7.62,2.76,5.15,8.46,193708.0,10481.0,23518.0,1656.0,2800.0,24016.0,6327.0,9200.0,8774.0,46796.0,110.2,109.1,107.8,279015.08,
2011-08-01,115.0,119.1,132.6,113.9,121.9,154.7,114.4,,5879.0,9201.0,15853.0,5402.0,102.55,84.88,121.36,103.31,109.86,50.99,314.8,124.26,70.24,84.7,92.74,80.19964,119.07666,94.33998,152.71,149.82,154.64,108.0,108.5,107.3,1479353.64,234021.97,7787949.42,448995.9,131019.73,317976.17,2669929.07,7649723.52,16001480.92,,,,,,,,,,415054.0,,0.72,0.32,0.57,0.67,-0.11,0.43,0.5,0.17,-0.06,0.74,0.28,0.54,0.03,0.5,0.57,0.61,-0.02,0.55,0.46,0.44,0.32,0.47,0.49,0.33,0.55,0.39,0.36,0.48,64.58,0.36,0.59,0.27,0.44,0.61,0.4,0.13,0.39,0.2,0.57,69.9,290066.0,269521.0,229438.0,40083.0,299156.0,22647.0,4410.0,2052.0,88.0,0.418,460.0,240.0,65.0,987.0,122.0,201.0,153.0,147.63,23296.0,48534.0,6452.0,2192.0,83.5,121.4,110.4,121.5,121.5,236490.0,71290.0,16438.0,3142.0,82.2,140350.0,101051.0,124096.0,31915.0,88666.0,16714.0,12399.0,7311.0,12.42,157.99,4.96,3.53,2.4,3.55,3.31,6.84,6.31,12.35,7.92,2.76,5.41,8.82,216250.0,11129.0,31680.0,1758.0,2995.0,26507.0,7061.0,10171.0,10067.0,49260.0,107.5,107.7,107.7,287103.12,
2011-09-01,116.5,116.9,125.5,114.1,118.1,142.2,112.5,,6113.0,9524.0,15731.0,5597.0,101.39,84.48,123.2,107.43,110.45,52.07,312.88,125.34,70.53,86.62,93.5,81.74135,118.11622,94.1413,154.08,152.27,155.29,106.8,108.7,104.8,1478129.07,236019.16,7789830.99,450191.69,131655.88,318535.82,2693895.02,7685277.55,16082185.0,,,,,,,,,,412559.0,,0.64,0.71,-0.36,0.8,0.78,0.34,0.53,0.14,-0.04,0.68,0.33,0.52,0.62,0.5,0.65,0.52,-0.12,0.52,0.47,0.45,0.45,0.52,0.54,0.55,0.58,0.51,0.48,0.51,61.46,0.44,0.61,0.53,0.65,0.75,0.5,0.14,0.25,0.63,0.74,70.43,261110.0,272333.0,223517.0,48816.0,238312.0,18544.0,4274.0,2099.0,89.0,0.41,482.0,228.0,65.0,1005.0,125.0,176.0,161.0,143.83,26194.0,55927.0,7224.0,2258.0,83.0,122.8,109.8,124.4,124.4,226670.0,66900.0,14940.0,3138.0,82.0,129341.0,104413.0,112355.0,24409.0,90815.0,16912.0,13313.0,7229.0,11.91,157.65,4.97,3.47,2.24,3.58,3.43,6.97,6.39,12.36,8.04,2.74,5.63,8.89,202974.0,11123.0,23769.0,1823.0,3099.0,24901.0,6630.0,9583.0,9561.0,51088.0,105.3,104.3,103.3,273900.16,166.11
2011-10-01,115.9,115.9,123.4,112.9,117.7,143.3,111.8,,6156.0,9365.0,15671.0,5552.0,101.85,84.68,121.94,106.48,109.25,51.67,309.86,126.96,70.2,86.26,92.58,82.32143,118.16912,94.24588,151.91,148.99,153.85,107.2,108.9,105.4,1475593.83,237914.92,7787383.81,450880.97,132036.32,318844.65,2721905.8,7722287.77,16162797.59,,,,,,,,,,410256.0,,0.56,0.62,-0.2,0.74,0.48,0.45,0.22,0.07,0.13,0.36,0.28,0.53,0.46,0.42,0.35,0.66,-0.24,0.39,0.44,0.43,0.47,0.62,0.62,0.44,0.59,0.5,0.47,0.4,62.76,0.45,0.74,0.42,0.53,0.4,0.26,0.23,0.39,0.64,0.68,69.87,267244.0,259698.0,213260.0,46439.0,246745.0,19770.0,4434.0,2105.0,86.0,0.417,489.0,216.0,62.0,944.0,124.0,177.0,122.0,141.9,29458.0,63278.0,7983.0,2619.0,82.6,123.6,108.8,123.5,123.5,203374.0,60402.0,13867.0,2939.0,82.3,131268.0,100623.0,114346.0,22685.0,88915.0,16658.0,11842.0,7699.0,11.7,156.22,5.12,3.61,2.25,3.86,3.4,7.43,6.53,12.32,8.26,2.83,5.9,8.78,195452.0,11017.0,22915.0,1457.0,3306.0,25660.0,6390.0,8278.0,8950.0,51073.0,104.6,104.4,104.2,287577.15,
2011-11-01,119.4,115.9,126.8,113.5,119.0,144.6,112.7,,6208.0,9303.0,15484.0,5373.0,104.1,85.56,121.99,106.69,111.86,52.59,311.37,133.67,68.59,87.71,94.47,85.56056,118.46269,94.19056,155.36,149.08,159.55,107.1,108.0,106.1,1469050.56,238932.6,7773791.82,451387.35,132001.77,319385.57,2740166.19,7753924.12,16221019.11,,,,,,,,,,414267.0,,1.08,0.47,0.05,0.58,0.01,0.42,0.88,0.02,0.39,1.25,0.18,0.63,0.27,0.62,0.97,0.4,-0.21,0.57,0.66,0.45,0.47,0.58,0.51,0.42,0.55,0.53,0.43,0.53,67.19,0.37,0.63,0.46,0.5,0.43,0.53,0.72,0.6,0.44,0.52,69.19,265447.0,281862.0,231674.0,50188.0,249369.0,19410.0,4579.0,2188.0,83.0,0.427,514.0,225.0,63.0,952.0,127.0,172.0,129.0,142.83,33994.0,72369.0,8798.0,2841.0,82.6,124.2,108.6,122.8,122.8,233395.0,71843.0,13424.0,2960.0,82.1,133877.0,100472.0,115107.0,24545.0,88830.0,19531.0,12040.0,6816.0,11.4,158.14,5.16,3.58,2.17,3.86,3.4,7.42,6.65,12.31,8.38,2.85,6.12,8.86,209103.0,11430.0,26981.0,2031.0,3555.0,25761.0,6999.0,10108.0,9626.0,51205.0,103.6,104.5,105.4,286826.0,
2011-12-01,117.1,120.5,129.7,115.5,123.1,160.0,114.7,,6498.0,9483.0,15282.0,5479.0,104.62,84.34,125.01,112.94,114.21,53.78,322.84,161.51,71.66,87.54,96.14,83.96574,116.39967,93.17883,158.17,150.52,163.28,106.6,108.5,104.6,1487014.54,241326.08,7811568.33,453577.15,132024.7,321552.45,2763797.52,7784590.5,16307952.5,,,,,,,,,,415097.0,,1.23,0.45,-0.87,0.8,0.0,0.44,0.68,0.05,0.07,1.15,0.12,0.73,0.19,0.62,0.89,0.58,-0.59,0.51,0.72,0.48,0.41,0.67,0.65,0.39,0.58,0.54,0.4,0.54,64.84,0.37,0.87,0.56,-0.12,-0.16,0.79,0.11,0.61,0.19,-0.48,68.95,299192.0,272464.0,222848.0,49616.0,238005.0,18596.0,4644.0,2214.0,87.0,0.449,577.0,226.0,62.0,870.0,129.0,174.0,144.0,142.88,40270.0,85265.0,9759.0,3579.0,82.3,122.2,108.3,121.9,121.9,251108.0,78089.0,15630.0,3587.0,82.1,127883.0,99840.0,113165.0,23789.0,88295.0,16004.0,11075.0,6390.0,10.9,161.38,5.14,3.5,2.02,3.86,3.46,7.15,6.72,13.56,8.51,2.85,6.29,8.54,229394.0,11558.0,31941.0,2339.0,2969.0,25252.0,6865.0,8235.0,10274.0,58524.0,104.4,104.5,104.6,258745.24,167.61
2012-01-01,109.6,114.2,102.4,111.8,119.4,146.0,113.2,135.1,6466.0,9800.0,14567.0,5472.0,104.56,90.89,124.64,113.25,115.01,53.54,344.57,135.65,72.46,90.0,97.77,74.93348,115.73551,93.35586,158.33,151.92,162.6,106.1,104.9,107.2,1496198.42,243069.7,7825487.46,454333.31,132363.21,321970.11,2794056.29,7827423.68,16395469.66,,,,,,,,,,419035.0,,0.86,0.53,0.16,0.07,0.69,0.3,0.71,0.39,0.21,0.68,-0.04,1.05,0.47,0.59,0.41,0.17,-0.13,0.0,1.13,0.57,0.59,0.56,0.59,0.36,0.47,0.59,0.66,0.47,64.38,0.05,1.04,0.65,0.25,0.3,0.81,0.89,0.66,0.08,-0.07,74.37,256051.0,275164.0,228172.0,46992.0,205995.0,3535.0,1074.0,2231.0,85.0,0.447,503.0,206.0,57.0,797.0,132.0,150.0,126.0,141.52,1532.0,4589.0,870.0,50.0,81.6,121.3,107.5,124.8,124.8,196138.0,56501.0,13003.0,2595.0,82.4,130841.0,100476.0,115329.0,23712.0,87103.0,15426.0,13511.0,7076.0,10.7,158.15,5.33,3.62,2.22,3.96,3.67,8.06,6.94,13.27,8.77,2.89,6.55,8.74,192708.0,9964.0,19567.0,1329.0,2723.0,25230.0,6777.0,8614.0,8378.0,51430.0,106.9,105.4,103.9,251891.77,
2012-02-01,115.6,114.6,112.4,112.4,119.8,140.7,115.0,136.0,6608.0,9705.0,15059.0,5516.0,107.43,90.49,126.04,114.7,112.9,53.71,314.27,135.16,73.34,90.38,97.62,69.88811,116.62926,94.56824,170.18,167.9,171.7,106.9,106.0,107.6,1491995.45,244670.28,7834932.72,455450.22,132114.34,323335.87,2820898.48,7863724.94,16470962.07,2525.0,,,,,,,214291.0,,421748.0,,0.19,0.6,0.06,-0.23,-0.33,0.7,0.88,5.62,-0.17,-0.03,-0.13,1.25,0.26,0.51,-0.02,-0.23,-0.14,-0.21,1.17,0.65,0.6,0.52,0.52,0.28,0.41,0.47,0.64,0.59,59.18,0.16,0.82,0.53,-0.06,0.07,0.24,0.3,-0.07,0.04,-0.26,74.02,248390.0,276137.0,233956.0,42181.0,204486.0,12209.0,2373.0,2205.0,84.0,0.422,531.0,216.0,54.0,906.0,129.0,172.0,133.0,147.07,3164.0,10415.0,1494.0,93.0,82.4,121.1,108.9,125.9,125.9,185117.0,50703.0,10892.0,2761.0,82.8,127264.0,100253.0,113290.0,24710.0,87584.0,15043.0,12705.0,6721.0,10.4,158.47,5.42,3.74,2.23,4.19,3.76,7.45,7.0,12.45,8.62,2.87,6.83,8.79,182427.0,10209.0,19982.0,1479.0,2649.0,24547.0,6580.0,8587.0,7409.0,48538.0,107.3,106.1,104.9,247366.57,
2012-03-01,115.8,114.5,115.9,111.5,119.8,144.5,113.9,137.5,7037.0,10271.0,15579.0,5749.0,107.84,91.51,126.07,115.35,112.49,54.84,312.4,136.76,73.21,90.18,98.44,67.26983,115.66722,94.86238,164.42,162.37,165.79,107.4,106.5,108.1,1471275.29,246508.34,7817965.33,456346.11,132568.83,323777.28,2847407.34,7893859.6,16531779.15,3156.0,3033.0,1924.0,2762.12,4820.0,2475.0,8364.0,270295.0,269226.0,423890.0,8.0,0.25,0.48,-0.4,-0.61,0.16,0.38,0.55,0.54,-0.36,0.21,-0.19,0.52,0.18,0.21,0.29,-0.34,-0.53,-0.08,0.48,0.21,0.21,0.3,0.27,0.27,0.28,0.26,0.19,0.32,57.26,-0.04,0.52,0.25,0.43,0.56,0.6,0.51,0.15,0.27,0.42,74.38,277021.0,266160.0,223566.0,42594.0,294811.0,15528.0,2839.0,2087.0,81.0,0.417,537.0,222.0,59.0,964.0,128.0,173.0,134.0,155.52,6166.0,15811.0,2216.0,289.0,82.3,123.0,110.8,128.1,128.1,219705.0,64374.0,13312.0,3121.0,82.2,132066.0,101765.0,117532.0,24926.0,88816.0,14155.0,12669.0,6911.0,9.82,160.66,5.32,3.64,1.97,4.14,3.71,6.29,6.96,13.03,8.0,2.85,6.94,8.7,215826.0,12332.0,26571.0,2006.0,2944.0,26280.0,7548.0,9173.0,8452.0,51646.0,107.5,105.5,103.5,284092.81,165.23
2012-04-01,116.3,114.2,116.5,111.1,119.8,145.9,113.8,133.7,6856.0,9928.0,15530.0,5682.0,108.95,90.58,123.25,116.77,112.5,55.48,298.47,138.6,73.64,94.65,98.29,66.47866,116.3178,95.00612,164.99,163.22,166.17,106.7,105.2,108.0,1470009.71,248124.54,7821598.41,457044.32,132692.62,324351.7,2877135.11,7937833.45,16591380.82,3152.0,3049.0,1904.0,2770.15,4798.0,2441.0,8682.0,270865.0,272088.0,427873.0,7.8,0.51,0.8,-0.79,0.98,0.1,0.96,2.23,0.04,0.46,0.62,0.64,0.76,0.47,0.69,1.09,0.76,-0.45,0.55,0.82,0.71,0.69,0.54,0.55,0.5,0.51,0.61,0.7,0.6,63.56,0.46,0.63,0.43,0.85,1.02,0.52,0.75,0.47,0.7,0.97,76.38,270330.0,258548.0,213541.0,45008.0,252594.0,11128.0,2553.0,2022.0,85.0,0.411,531.0,211.0,64.0,904.0,127.0,165.0,133.0,152.13,9142.0,21617.0,3007.0,385.0,81.9,120.2,106.4,125.6,125.6,188641.0,56160.0,10845.0,2203.0,82.0,135940.0,102097.0,118472.0,26859.0,89697.0,16974.0,12368.0,6979.0,9.35,158.15,5.41,3.71,2.17,4.25,3.83,7.82,7.06,12.68,8.24,2.88,7.23,8.68,207523.0,11333.0,25618.0,1383.0,2986.0,26082.0,7261.0,9783.0,7375.0,51811.0,104.4,103.9,103.5,264387.56,
2012-05-01,119.5,115.0,114.6,112.9,118.9,149.3,111.7,136.3,6417.0,9532.0,15264.0,5597.0,108.19,90.74,128.99,112.83,114.41,56.26,318.57,140.14,74.48,89.1,98.91,83.17794,116.4984,95.54814,163.05,156.18,167.62,105.3,104.8,105.9,1468976.99,249397.14,7832067.45,456917.27,132621.88,324295.39,2896052.99,7973036.94,16656766.2,3159.0,3045.0,1855.0,2755.16,4794.0,2431.0,8724.0,271902.0,272358.0,428868.0,7.7,0.73,0.8,0.17,0.89,-0.58,0.66,0.6,-0.01,-0.19,0.83,0.31,0.21,0.32,0.37,0.77,0.66,-0.22,0.48,0.27,0.26,0.36,0.52,0.5,0.31,0.45,0.34,0.33,0.47,64.93,0.53,0.48,0.51,1.02,0.91,0.52,1.88,0.35,1.01,1.17,76.05,264653.0,240413.0,215505.0,24907.0,270885.0,11689.0,3641.0,2048.0,89.0,0.43,527.0,230.0,61.0,947.0,125.0,165.0,132.0,140.79,11096.0,28448.0,3753.0,510.0,82.3,123.6,109.0,127.8,127.8,209736.0,64632.0,10792.0,2321.0,82.3,139801.0,104854.0,123146.0,28345.0,91996.0,16365.0,12954.0,7170.0,8.87,157.34,5.49,3.74,2.27,4.19,3.97,7.33,7.2,13.62,8.65,2.88,7.44,8.68,226037.0,11978.0,30497.0,1470.0,3120.0,26792.0,8113.0,12098.0,8272.0,53958.0,104.1,104.3,104.6,291392.6,
2012-06-01,115.8,115.4,112.6,112.3,120.5,154.7,111.7,134.8,6282.0,9605.0,15159.0,5483.0,109.11,92.09,131.23,118.59,136.27,57.11,332.25,132.17,75.83,89.94,105.64,86.58122,115.63017,96.01564,162.35,159.71,164.11,103.8,103.6,104.1,1471013.06,251123.85,7841681.43,460424.04,132903.17,327520.87,2901285.11,8002483.42,16708925.52,3173.0,3054.0,1869.0,2766.45,4823.0,2424.0,8649.0,273504.0,273352.0,431053.0,7.6,0.68,0.28,-0.03,0.39,-1.18,0.38,0.47,0.06,-0.01,0.67,-0.91,0.52,0.15,0.06,0.44,0.31,-2.56,-0.31,0.38,-0.1,0.05,0.47,0.44,0.3,0.39,0.07,0.03,0.54,61.64,0.28,0.57,0.18,0.66,0.69,0.11,0.73,0.23,0.73,0.74,72.11,277414.0,320325.0,283070.0,37255.0,265547.0,8818.0,3357.0,2033.0,94.0,0.453,538.0,232.0,58.0,957.0,125.0,158.0,135.0,140.89,14526.0,33804.0,4432.0,777.0,82.1,123.2,107.4,125.4,125.4,274584.0,66073.0,10697.0,1815.0,82.0,134604.0,104734.0,121346.0,27778.0,91979.0,13600.0,13308.0,6868.0,8.39,159.46,5.4,3.63,2.15,4.1,3.95,6.85,7.15,13.53,8.73,2.79,7.47,8.68,214348.0,11910.0,29639.0,1636.0,2933.0,25110.0,7489.0,11265.0,9174.0,48919.0,103.8,103.6,103.5,278680.64,168.22
2012-07-01,116.4,117.0,116.0,113.9,122.6,158.6,113.7,135.0,6033.0,9274.0,15214.0,5396.0,111.28,92.35,128.68,117.77,128.96,57.14,328.41,138.35,75.96,90.51,103.95,86.51065,117.52043,95.89405,160.56,158.34,162.04,102.8,103.3,102.3,1479424.24,253061.7,7863367.79,462311.46,133215.34,329096.13,2920714.0,8043860.12,16782123.78,3186.0,3066.0,1876.0,2777.4,4791.0,2474.0,8645.0,275547.0,275118.0,433214.0,7.5,0.91,0.54,-0.01,0.04,-0.03,0.36,0.91,0.12,0.15,0.79,-0.02,0.79,0.19,0.51,0.54,0.1,-0.16,0.06,0.91,0.44,0.47,0.56,0.55,0.35,0.4,0.53,0.46,0.34,61.1,0.15,0.87,0.33,1.34,1.52,0.22,0.67,0.13,0.96,1.81,71.06,287550.0,304172.0,274071.0,30101.0,285527.0,12460.0,3155.0,2023.0,92.0,0.446,527.0,231.0,62.0,970.0,130.0,155.0,132.0,146.3,22036.0,39555.0,5350.0,912.0,82.3,124.2,108.0,128.6,128.6,280214.0,71167.0,10729.0,2064.0,82.1,145777.0,104155.0,123727.0,26324.0,90805.0,19032.0,13404.0,7035.0,8.07,159.74,5.43,3.67,2.32,4.22,3.96,8.14,7.17,13.41,9.08,2.74,7.46,8.56,210938.0,11973.0,24496.0,1436.0,3004.0,26345.0,6890.0,10622.0,9094.0,50789.0,102.7,103.3,103.8,278234.11,
2012-08-01,114.7,120.2,115.7,116.5,125.0,162.0,116.6,136.9,6303.0,9622.0,15628.0,5627.0,112.47,91.04,130.19,120.39,141.02,57.41,331.65,138.02,78.08,93.2,107.31,83.16814,117.03017,96.346,156.3,155.62,156.75,100.9,101.9,99.9,1479358.75,253958.85,7861687.94,464632.79,133886.48,330746.31,2923416.45,8067532.31,16826833.02,3186.0,3057.0,1870.0,2769.62,4775.0,2476.0,8934.0,276423.0,276902.0,435584.0,7.3,0.88,0.22,0.4,0.19,0.06,0.53,0.42,0.51,-0.01,0.89,0.27,0.49,0.13,0.5,0.69,0.31,0.23,0.44,0.54,0.39,0.39,0.55,0.53,0.42,0.5,0.45,0.42,0.53,65.48,0.34,0.68,0.39,1.43,1.29,0.44,0.26,0.27,1.59,1.99,70.47,295543.0,350422.0,312879.0,37543.0,316854.0,12896.0,3566.0,2004.0,90.0,0.449,559.0,237.0,65.0,1059.0,127.0,167.0,140.0,139.83,27445.0,46283.0,6401.0,1018.0,82.2,126.9,109.3,126.5,126.5,325722.0,79746.0,11368.0,3212.0,82.6,142496.0,104225.0,123581.0,27475.0,88728.0,19608.0,15055.0,8685.0,7.85,165.88,5.5,3.78,2.38,4.33,3.92,8.19,7.18,14.4,9.3,2.81,7.23,8.53,215755.0,12868.0,26643.0,1658.0,3014.0,26202.0,7159.0,11646.0,10307.0,48855.0,103.6,102.5,101.4,305422.84,
2012-09-01,112.0,117.7,110.3,115.1,122.8,157.6,114.6,135.2,6502.0,9749.0,15573.0,5838.0,114.12,92.85,130.1,116.94,107.64,57.32,328.5,132.55,76.59,91.83,98.06,79.78953,117.31385,96.24677,158.29,157.2,159.01,101.8,101.5,102.2,1478627.53,254762.03,7875646.23,465541.09,133699.36,331841.73,2933586.38,8093553.38,16872702.74,3188.0,3034.0,1865.0,2750.0,4772.0,2480.0,9016.0,277328.0,277326.0,437302.0,7.1,1.26,0.71,0.18,0.89,-0.08,0.32,0.73,0.1,0.03,1.7,0.23,0.51,0.3,0.66,1.24,0.62,-0.15,0.92,0.43,0.39,0.47,0.61,0.46,0.49,0.49,0.51,0.37,0.61,66.3,0.51,0.42,0.48,0.97,0.88,0.54,0.22,0.55,1.05,1.25,71.04,303189.0,275570.0,246671.0,28899.0,275484.0,11053.0,3156.0,1924.0,83.0,0.451,545.0,217.0,59.0,993.0,125.0,171.0,136.0,143.55,32324.0,53645.0,7431.0,1157.0,82.4,125.9,106.8,126.5,126.5,213655.0,63926.0,8471.0,2027.0,81.8,142409.0,107351.0,123050.0,28269.0,91666.0,19384.0,15232.0,9540.0,7.39,162.23,5.45,3.71,2.14,4.24,3.92,7.61,7.2,14.13,9.19,2.77,7.28,8.67,199684.0,11984.0,25004.0,1369.0,3389.0,23624.0,6045.0,8767.0,7024.0,52740.0,103.7,103.6,103.6,286054.51,171.1
2012-10-01,121.7,119.1,112.8,117.2,125.1,160.8,116.5,137.5,6592.0,9788.0,15548.0,5869.0,113.32,91.9,128.2,118.75,127.52,57.53,337.14,138.76,78.8,93.75,103.97,82.27002,118.87671,96.64134,161.38,159.44,162.68,102.1,100.6,103.6,1480571.96,255075.3,7886701.37,465256.58,133432.0,331824.58,2939293.62,8126089.56,16900539.14,3183.0,3036.0,1863.0,2751.95,4755.0,2493.0,8871.0,277323.0,277703.0,439940.0,6.9,1.36,0.38,0.37,1.09,0.24,0.48,0.1,0.05,0.31,1.55,0.45,0.51,0.25,0.7,1.15,0.87,0.22,1.0,0.45,0.49,0.52,0.75,0.62,0.46,0.54,0.55,0.45,0.57,68.77,0.62,0.62,0.65,0.02,-0.31,0.48,0.21,0.8,0.42,-0.2,70.56,307962.0,298750.0,262400.0,36350.0,306760.0,13111.0,4069.0,2011.0,88.0,0.459,579.0,228.0,75.0,1067.0,125.0,186.0,145.0,153.22,36340.0,62260.0,8528.0,1223.0,82.4,126.9,108.8,126.4,126.4,249779.0,77127.0,12543.0,2184.0,82.1,152976.0,114629.0,131650.0,27603.0,98172.0,21101.0,16578.0,11047.0,7.23,163.32,5.47,3.82,2.3,4.4,4.01,8.87,7.13,13.83,8.86,2.77,7.22,8.41,231345.0,12931.0,29651.0,1614.0,3574.0,27170.0,7272.0,11196.0,9087.0,60281.0,100.8,102.5,104.2,309879.03,
2012-11-01,112.8,118.0,109.5,115.5,124.7,159.7,116.5,135.7,7051.0,10239.0,15470.0,5883.0,110.89,91.79,128.19,113.99,116.26,57.48,334.68,130.6,79.73,93.13,100.28,82.2496,116.82356,96.82439,159.69,152.4,164.56,104.6,102.5,106.7,1481610.62,255667.67,7902690.25,464292.48,133437.51,330854.97,2935872.81,8157730.96,16942167.48,3210.0,3051.0,1848.0,2760.87,4775.0,2510.0,8527.0,279708.0,277851.0,439784.0,6.8,0.79,0.64,0.47,0.86,0.68,0.32,0.53,0.05,0.31,0.52,0.41,0.82,0.54,0.62,0.44,0.68,0.28,0.67,0.57,0.65,0.63,0.63,0.59,0.61,0.49,0.62,0.55,0.6,62.74,0.5,0.66,0.54,-0.03,0.25,0.45,0.33,0.68,-0.28,-0.19,71.31,306167.0,278348.0,243230.0,35118.0,298438.0,12070.0,4219.0,2045.0,89.0,0.461,557.0,223.0,106.0,1048.0,124.0,188.0,139.0,143.27,40124.0,70445.0,9896.0,1319.0,82.5,127.5,108.6,127.5,127.5,232473.0,64524.0,12566.0,2179.0,82.0,143112.0,111248.0,124336.0,27029.0,95039.0,20056.0,16536.0,9268.0,7.14,163.17,5.36,3.76,2.3,4.31,4.02,8.09,6.97,13.69,8.8,2.7,6.96,8.13,219250.0,13196.0,28418.0,1378.0,3941.0,26226.0,6794.0,10093.0,8438.0,58019.0,102.0,101.8,101.7,295406.31,
2012-12-01,116.3,118.4,111.6,115.4,123.9,159.8,116.3,136.5,7080.0,10133.0,14834.0,5718.0,112.05,92.11,132.55,124.99,125.21,57.18,338.23,130.59,79.54,96.01,103.18,76.17363,116.60775,96.34038,161.81,160.11,162.94,102.7,101.6,103.9,1482141.96,255996.41,7902196.76,465065.62,133116.87,331948.76,2938327.49,8193040.55,16976237.24,3368.0,3049.0,1814.0,2757.07,4814.0,2530.0,8237.0,292520.0,277245.0,439747.0,6.9,1.03,0.63,0.27,1.11,0.75,0.4,1.6,0.19,0.03,1.17,0.75,0.98,0.33,0.94,1.2,0.95,0.18,0.86,1.0,0.88,0.76,0.69,0.68,0.64,0.56,0.67,0.71,0.54,70.68,0.74,0.63,0.69,0.68,0.66,0.66,0.16,0.78,0.63,0.73,71.75,318733.0,296935.0,258252.0,38683.0,256965.0,8906.0,2633.0,2105.0,94.0,0.479,612.0,212.0,91.0,914.0,125.0,181.0,153.0,136.94,45861.0,96944.0,11362.0,1825.0,82.5,128.2,107.4,130.5,130.5,266175.0,77564.0,12528.0,3039.0,83.2,145889.0,112835.0,120641.0,27268.0,95413.0,24776.0,16659.0,9665.0,7.16,160.82,5.28,3.7,1.96,4.19,4.01,7.26,6.9,15.68,8.95,2.75,6.61,7.75,233730.0,13779.0,34181.0,1729.0,4110.0,25030.0,6627.0,8466.0,9388.0,65975.0,101.9,101.7,101.6,256534.68,171.16
2013-01-01,111.1,119.8,120.4,114.8,125.4,160.7,117.0,136.5,7202.0,10925.0,14394.0,5870.0,112.91,92.02,129.49,117.93,120.54,58.22,369.09,141.7,81.24,95.72,102.54,83.38823,117.1547,97.61302,160.55,156.08,163.54,102.0,101.0,103.1,1474295.27,256945.66,7918050.65,470107.89,133613.73,336494.16,2952172.57,8206453.27,17007829.06,3384.0,3061.0,1814.0,2768.55,4894.0,2533.0,8278.0,292638.0,277424.0,441627.0,7.2,1.99,-0.2,1.15,-0.53,0.75,0.73,1.55,0.35,-0.08,2.49,0.8,0.92,-0.22,1.21,2.34,-0.35,0.86,1.03,1.36,0.87,0.64,0.77,0.71,0.77,0.73,0.65,0.77,0.71,75.07,0.18,1.14,0.88,0.34,0.31,1.01,0.65,1.15,0.42,0.11,72.42,328613.0,320032.0,266331.0,53701.0,276130.0,12622.0,3132.0,2054.0,89.0,0.477,541.0,212.0,121.0,904.0,126.0,178.0,135.0,140.63,3230.0,5159.0,1540.0,173.0,83.1,126.8,108.8,124.7,124.7,230620.0,66232.0,12185.0,2421.0,82.3,143443.0,115623.0,123955.0,27597.0,98993.0,21148.0,17104.0,7421.0,7.11,165.1,5.3,3.77,2.27,4.12,4.14,8.72,6.82,15.75,8.89,2.74,6.62,7.59,210573.0,12498.0,22130.0,1194.0,3562.0,26147.0,7199.0,11352.0,8521.0,60745.0,101.2,101.1,100.9,279147.94,
2013-02-01,111.4,116.2,122.7,111.8,119.5,144.7,113.6,130.9,7035.0,10475.0,14814.0,5705.0,108.74,91.49,127.54,118.37,121.46,59.44,334.97,143.46,79.74,96.38,102.28,83.43908,113.8807,96.85213,165.85,165.95,165.78,102.2,100.1,104.4,1464742.11,257159.3,7937569.43,470354.35,133414.52,336939.83,2962859.49,8235990.08,17062871.92,3365.0,3065.0,1820.0,2773.73,4902.0,2562.0,8459.0,290318.0,277890.0,443062.0,7.8,1.45,-2.38,0.53,0.55,0.81,0.65,0.57,5.4,0.1,1.63,0.58,1.3,-1.11,1.13,1.41,0.52,0.37,0.63,1.56,0.99,0.28,0.89,0.9,0.61,0.53,0.55,0.83,0.65,72.33,0.58,1.14,0.68,0.29,0.2,0.33,0.6,0.22,0.29,0.21,72.7,269044.0,285713.0,246930.0,38783.0,225396.0,13664.0,3012.0,2017.0,91.0,0.481,537.0,218.0,102.0,961.0,122.0,199.0,134.0,140.09,6571.0,11280.0,3056.0,267.0,82.3,123.5,106.8,126.8,126.8,171454.0,51024.0,9979.0,2630.0,82.7,147651.0,116765.0,125523.0,28053.0,99792.0,24142.0,17626.0,9847.0,7.12,161.54,5.25,3.77,2.29,4.17,4.24,9.45,6.72,14.33,8.59,2.77,6.59,7.63,196797.0,12013.0,21893.0,1295.0,3333.0,24850.0,6273.0,11669.0,7116.0,55666.0,100.4,100.9,101.4,255515.56,
2013-03-01,106.9,119.1,125.0,113.6,122.8,156.4,114.7,135.9,7147.0,10357.0,15174.0,5791.0,113.61,92.1,133.11,118.97,124.89,58.96,332.47,137.61,81.13,96.81,103.75,83.20888,114.43363,97.52629,159.96,155.64,162.84,102.3,99.8,104.8,1462298.43,257968.18,7951552.97,470031.97,133252.38,336779.59,2977219.26,8262939.02,17107875.01,3218.0,3078.0,1853.0,2789.26,4922.0,2557.0,8721.0,278795.0,278794.0,448696.0,8.0,1.14,0.51,0.11,0.15,-0.09,0.32,0.54,0.56,0.13,1.36,0.41,0.26,0.26,0.54,1.19,0.2,0.26,0.36,0.7,0.32,0.35,0.56,0.5,0.48,0.47,0.46,0.26,0.55,69.04,0.32,0.64,0.49,0.21,0.31,0.72,0.5,-0.17,0.22,0.01,75.46,309179.0,294808.0,250614.0,44194.0,308783.0,16533.0,3787.0,1853.0,93.0,0.486,545.0,211.0,93.0,953.0,125.0,180.0,136.0,141.69,13238.0,18763.0,4781.0,377.0,82.6,127.3,108.1,128.4,128.4,209347.0,58966.0,12344.0,3232.0,82.5,141915.0,116763.0,120070.0,26170.0,98140.0,21989.0,18549.0,9053.0,7.15,163.02,5.13,3.65,2.05,4.05,4.12,7.5,6.64,14.61,8.46,2.73,6.51,7.53,217079.0,14049.0,25886.0,1595.0,4807.0,25146.0,7070.0,12339.0,7828.0,57838.0,104.0,101.4,98.9,284536.58,172.09
2013-04-01,109.5,121.4,133.3,115.0,126.6,164.1,117.7,143.9,7051.0,10302.0,15612.0,5709.0,116.98,89.82,135.21,121.48,124.09,62.04,329.02,142.32,81.5,100.01,104.94,84.41035,117.67704,98.1834,155.62,153.02,157.35,99.9,99.4,100.3,1465320.88,258268.38,7964889.96,471627.43,133423.9,338203.53,2997606.11,8294198.17,17165983.94,3222.0,3075.0,1889.0,2796.13,4921.0,2530.0,8792.0,280371.0,280619.0,450862.0,7.9,0.96,0.62,0.63,0.65,-0.19,1.28,0.61,0.1,-0.32,1.1,0.35,0.54,0.41,0.59,0.88,0.57,0.09,0.23,0.91,0.46,0.53,0.69,0.69,0.45,0.53,0.53,0.52,0.65,65.75,0.54,0.8,0.51,0.15,-0.06,0.52,0.74,0.28,0.18,-0.12,72.26,335664.0,310779.0,265182.0,45597.0,330462.0,18034.0,3832.0,1923.0,93.0,0.47,574.0,235.0,88.0,1036.0,124.0,185.0,144.0,147.38,19594.0,27655.0,6640.0,526.0,83.0,130.8,111.6,128.6,128.6,245798.0,70872.0,14053.0,2993.0,82.2,143097.0,120410.0,118597.0,24514.0,102212.0,23840.0,18390.0,9194.0,7.26,169.34,5.13,3.71,2.07,4.21,4.12,9.33,6.55,13.57,8.27,2.67,6.48,7.47,229352.0,14309.0,25505.0,1529.0,3970.0,27941.0,7657.0,13615.0,8496.0,61811.0,103.4,101.1,98.9,297535.72,
2013-05-01,108.8,121.1,127.0,114.9,125.7,162.9,117.1,136.6,6833.0,10242.0,15596.0,5701.0,117.72,92.87,131.15,120.48,121.22,60.92,323.76,139.87,81.82,96.27,103.84,84.56992,117.70567,98.57931,145.97,145.14,146.53,101.8,100.5,103.1,1459259.65,258033.32,7972637.09,471816.21,133078.65,338737.56,2996908.49,8313949.63,17206601.3,3251.0,3081.0,1889.0,2802.33,4921.0,2532.0,8851.0,283794.0,282093.0,459421.0,7.6,0.31,0.75,0.46,0.84,-0.25,0.94,0.41,0.06,0.08,0.05,0.35,0.56,0.31,0.38,0.11,0.61,0.21,0.23,0.51,0.47,0.49,0.56,0.62,0.41,0.52,0.5,0.52,0.57,63.01,0.63,0.62,0.46,0.0,0.32,0.32,2.25,0.1,-0.09,-0.3,74.56,327958.0,298422.0,254539.0,43884.0,324290.0,16378.0,3888.0,1993.0,91.0,0.471,533.0,229.0,95.0,1000.0,123.0,177.0,178.0,148.08,25008.0,39115.0,8285.0,633.0,82.5,129.4,107.8,130.6,130.6,232001.0,68580.0,12714.0,2896.0,82.4,159068.0,121423.0,129642.0,25300.0,102146.0,29859.0,19307.0,10012.0,7.42,163.52,5.16,3.74,2.02,4.27,4.36,8.96,6.58,14.64,8.15,2.85,6.45,7.35,240857.0,14624.0,26382.0,1548.0,4381.0,27084.0,7699.0,13591.0,8314.0,63342.0,102.3,100.5,98.7,299681.98,
2013-06-01,112.9,121.2,131.0,114.0,128.8,168.2,118.7,140.1,6595.0,10092.0,15352.0,5615.0,118.61,92.34,126.55,124.33,128.17,61.83,324.55,147.54,82.29,96.91,105.43,83.28188,118.72933,98.26371,145.04,147.48,143.42,101.1,99.8,102.3,1464421.14,258372.05,7981921.71,472509.07,132624.97,339884.09,3000536.23,8340497.42,17266907.96,3276.0,3099.0,1916.0,2822.25,4907.0,2557.0,8912.0,286886.0,285310.0,464294.0,7.5,0.04,0.57,0.12,0.5,0.14,0.36,0.4,0.18,0.19,-0.36,0.01,0.64,0.38,0.22,-0.36,0.47,-0.08,0.11,0.31,0.37,0.45,0.47,0.55,0.31,0.36,0.43,0.52,0.41,55.34,0.37,0.7,0.38,0.75,0.76,0.35,1.15,0.32,0.63,0.68,74.54,330670.0,326565.0,276083.0,50481.0,303642.0,16136.0,4075.0,2101.0,94.0,0.503,516.0,230.0,94.0,987.0,124.0,190.0,172.0,144.79,28247.0,49751.0,9627.0,930.0,82.7,130.0,108.5,128.4,128.4,232630.0,70256.0,13084.0,2632.0,82.7,151655.0,122950.0,123902.0,26919.0,101679.0,26751.0,20985.0,17669.0,7.9,168.17,4.88,3.47,1.76,3.98,4.17,7.89,6.32,14.19,7.65,2.68,6.28,7.25,224480.0,15554.0,28457.0,1386.0,4607.0,25542.0,6887.0,12828.0,7736.0,58570.0,102.5,100.2,98.0,276560.37,174.44
2013-07-01,111.5,120.5,128.4,114.6,125.3,160.1,116.8,138.1,6454.0,10022.0,15516.0,5731.0,119.1,94.49,135.83,127.59,123.0,63.06,333.15,146.78,85.21,98.52,106.12,83.74558,117.84609,98.81206,136.73,136.41,136.94,97.5,98.1,96.9,1466716.9,257701.14,7986191.58,470973.71,131690.83,339282.89,2997820.56,8361965.62,17309454.59,3294.0,3125.0,1907.0,2843.11,4904.0,2595.0,8917.0,289099.0,288063.0,467381.0,7.4,-0.33,0.57,0.28,-0.39,-0.66,0.34,1.13,0.11,0.2,-0.73,-0.04,0.64,-0.27,0.12,-0.43,-0.24,-0.07,0.11,0.13,0.35,0.21,0.32,0.32,0.21,0.29,0.34,0.21,0.31,55.07,0.02,0.56,0.07,0.26,0.14,-0.17,0.48,-0.13,0.43,0.3,75.76,298249.0,303875.0,251885.0,51991.0,296415.0,16623.0,3702.0,1974.0,93.0,0.494,530.0,245.0,55.0,1039.0,131.0,195.0,177.0,142.66,32351.0,58047.0,10896.0,1018.0,82.4,128.9,107.9,130.5,130.5,250054.0,73863.0,15230.0,3144.0,82.6,143856.0,123919.0,124107.0,25019.0,104901.0,17567.0,19122.0,9258.0,8.23,166.38,4.88,3.5,1.99,4.03,4.12,9.31,6.25,13.87,7.68,2.74,6.15,7.09,228693.0,14874.0,23861.0,1429.0,4083.0,27854.0,7080.0,12951.0,8743.0,65530.0,100.3,99.1,97.8,288497.1,
2013-08-01,111.5,121.2,130.6,115.1,125.8,160.7,117.7,139.5,6601.0,10280.0,15912.0,5845.0,118.46,94.95,134.34,130.33,125.03,63.19,328.6,150.32,85.26,98.81,106.73,84.1358,118.03415,98.84919,133.04,133.09,133.01,99.4,98.8,100.1,1469665.1,257285.85,7983482.83,470340.56,131083.02,339257.54,3002509.22,8400729.73,17353602.4,3293.0,3143.0,1945.0,2863.85,4929.0,2618.0,8906.0,289730.0,290559.0,468501.0,7.2,0.01,0.57,0.89,0.08,-0.06,0.45,0.39,0.67,0.02,-0.34,0.25,0.6,0.09,0.29,-0.2,0.11,0.49,0.39,0.2,0.45,0.41,0.5,0.49,0.34,0.42,0.42,0.4,0.51,58.63,0.3,0.64,0.16,0.15,0.46,0.2,0.31,0.22,0.15,0.14,75.1,309857.0,311802.0,254196.0,57606.0,321036.0,19059.0,3467.0,2011.0,87.0,0.484,546.0,245.0,55.0,1089.0,127.0,207.0,182.0,144.87,35517.0,68312.0,12060.0,1391.0,82.5,132.2,108.8,129.0,129.0,241681.0,71007.0,13376.0,3111.0,82.6,147718.0,125819.0,124349.0,24805.0,106619.0,23725.0,18542.0,9850.0,8.45,167.97,4.78,3.43,1.87,3.99,4.18,9.63,6.13,14.05,7.38,2.73,6.0,7.02,227021.0,14779.0,23278.0,1655.0,4054.0,27030.0,7136.0,14042.0,9114.0,63734.0,98.5,97.5,96.5,297775.78,
2013-09-01,111.7,121.4,134.2,114.7,126.6,166.2,117.6,138.4,6760.0,10251.0,15620.0,5920.0,118.72,95.51,131.71,126.25,120.12,63.94,330.24,152.03,88.18,100.63,105.68,83.08659,119.61915,99.07227,136.74,139.47,134.92,100.7,99.7,101.7,1473438.03,257550.95,7996053.36,471557.78,130665.38,340892.4,3029537.04,8446798.14,17416076.84,3307.0,3128.0,1951.0,2854.62,4902.0,2631.0,9187.0,291468.0,291274.0,470846.0,7.0,0.14,0.62,0.65,0.63,0.44,0.46,0.2,0.12,-0.04,-0.03,0.39,0.63,0.16,0.41,0.08,0.57,0.3,0.61,0.24,0.53,0.49,0.59,0.52,0.4,0.43,0.46,0.47,0.37,57.81,0.45,0.58,0.27,1.5,1.36,0.3,0.43,0.25,1.05,2.11,74.37,335046.0,304372.0,255945.0,48427.0,302381.0,17151.0,3244.0,2094.0,89.0,0.492,530.0,229.0,73.0,1055.0,124.0,213.0,177.0,149.74,39357.0,77309.0,13334.0,1560.0,82.1,129.7,107.2,131.3,131.3,221394.0,72522.0,12969.0,2952.0,81.9,144346.0,121395.0,122408.0,23278.0,102942.0,22622.0,18292.0,9570.0,8.9,168.32,4.74,3.4,1.74,4.02,4.03,10.31,6.09,13.86,7.27,2.77,5.89,6.97,227163.0,16654.0,22932.0,1600.0,4844.0,26807.0,6762.0,11765.0,8477.0,64474.0,98.3,98.8,99.4,293677.35,175.28
2013-10-01,117.1,120.2,132.4,114.6,125.8,161.0,117.2,139.5,7071.0,10545.0,15810.0,5986.0,120.72,93.94,132.28,125.82,123.02,63.99,332.82,153.22,87.86,99.6,106.26,85.12268,118.80903,99.35918,139.24,139.39,139.15,98.3,99.3,97.4,1471021.3,257667.27,8020380.38,473917.25,130932.08,342985.18,3044608.34,8484546.69,17467741.78,3301.0,3141.0,1945.0,2865.91,4906.0,2633.0,9184.0,292000.0,292689.0,473076.0,6.8,1.03,0.56,0.81,1.13,0.17,0.39,0.43,0.09,0.08,1.07,0.72,0.52,0.14,0.7,0.92,0.98,0.6,0.96,0.48,0.6,0.52,0.81,0.76,0.52,0.58,0.61,0.52,0.58,67.67,0.84,0.69,0.48,0.86,0.63,0.55,0.26,0.48,1.11,1.09,74.7,303715.0,301449.0,252865.0,48584.0,300707.0,18498.0,3472.0,2079.0,88.0,0.458,555.0,239.0,83.0,1113.0,126.0,229.0,185.0,144.03,42961.0,87367.0,14806.0,1654.0,82.3,129.0,109.2,130.3,130.3,238718.0,74754.0,13533.0,3182.0,82.3,147104.0,122408.0,124819.0,25020.0,103291.0,22239.0,19128.0,10307.0,9.25,167.16,4.64,3.41,1.86,4.08,3.94,11.14,5.87,13.49,7.05,2.7,5.58,6.79,239284.0,16112.0,27729.0,1621.0,4477.0,28705.0,7118.0,12551.0,9484.0,67541.0,101.4,99.8,98.3,326725.3,
2013-11-01,115.3,120.2,126.0,116.6,125.4,159.0,117.2,138.7,7382.0,10711.0,15836.0,6017.0,121.13,95.2,134.08,120.72,123.23,64.57,328.46,144.42,83.3,99.52,106.03,86.45326,118.45813,99.564,138.01,136.92,138.74,98.6,99.2,98.1,1468087.93,256892.32,8022306.37,474933.14,129916.27,345016.87,3046117.66,8510019.04,17518573.22,3306.0,3126.0,1938.0,2854.1,4929.0,2592.0,9118.0,292883.0,292586.0,471427.0,6.5,0.56,0.69,0.38,0.85,0.36,0.41,0.87,0.08,0.4,0.41,0.53,0.65,0.48,0.56,0.55,0.76,0.07,0.5,0.6,0.6,0.57,0.58,0.55,0.55,0.45,0.52,0.53,0.55,68.22,0.56,0.54,0.57,0.29,0.28,0.68,0.35,0.46,0.44,0.17,75.07,288879.0,280994.0,238578.0,42416.0,275122.0,14726.0,3307.0,2081.0,89.0,0.497,563.0,228.0,93.0,1068.0,128.0,232.0,188.0,140.01,46929.0,96583.0,16462.0,2377.0,82.1,128.7,108.4,132.4,132.4,223029.0,65155.0,11591.0,3144.0,83.1,148176.0,124299.0,124189.0,24469.0,104302.0,24420.0,20218.0,11505.0,9.45,165.3,4.52,3.28,1.85,3.98,3.82,10.76,5.76,12.97,7.03,2.67,5.48,6.66,230368.0,17027.0,26235.0,1578.0,4747.0,27398.0,6501.0,11606.0,8955.0,66018.0,99.6,98.9,98.3,307368.07,
2013-12-01,113.3,115.7,105.2,112.9,121.5,151.8,115.3,130.4,7572.0,10706.0,15348.0,5957.0,119.0,96.04,140.71,126.0,119.7,64.45,352.86,141.98,88.04,99.15,105.69,83.61781,117.1184,100.44981,136.57,138.16,135.51,99.5,99.4,99.6,1459366.16,256833.58,8012477.65,474597.48,127759.97,346837.51,3040658.73,8529513.12,17561841.78,3422.0,3137.0,1914.0,2859.5,4947.0,2563.0,8702.0,302057.0,290680.0,466748.0,6.2,0.89,0.52,0.89,0.8,1.85,0.41,1.0,0.05,0.74,0.79,0.7,1.16,0.91,0.93,0.87,0.63,0.5,0.68,1.15,0.97,0.75,0.75,0.76,0.72,0.58,0.79,0.77,0.75,69.32,0.62,0.88,0.75,0.6,0.69,0.69,0.1,0.65,0.44,0.63,75.29,275788.0,280704.0,240117.0,40588.0,221893.0,7578.0,1636.0,2109.0,88.0,0.513,588.0,224.0,83.0,907.0,132.0,246.0,196.0,141.26,53960.0,113741.0,18662.0,4056.0,81.9,127.4,106.0,133.3,133.3,258353.0,77572.0,14341.0,3547.0,83.1,148926.0,130314.0,121810.0,23181.0,109040.0,26383.0,20635.0,14066.0,9.9,162.17,4.42,3.12,1.66,3.8,3.74,9.97,5.76,14.48,7.17,2.67,5.38,6.37,262220.0,17737.0,31061.0,1880.0,5015.0,28126.0,6639.0,10775.0,10459.0,78630.0,98.0,98.3,98.6,266090.68,175.56
2014-01-01,113.1,117.7,122.1,112.2,123.9,154.8,116.8,132.3,7745.0,11798.0,14563.0,6200.0,120.59,96.07,131.57,124.44,122.35,66.11,367.92,134.74,90.69,99.86,106.7,88.27176,117.74876,100.41363,131.74,130.19,132.78,97.7,96.6,98.8,1453692.25,257271.05,8015345.2,475541.33,127929.21,347612.12,3055944.1,8530354.28,17603072.72,3452.0,3121.0,1917.0,2849.9,4997.0,2591.0,8627.0,304255.0,289337.0,472482.0,6.5,0.84,0.55,0.49,-0.15,-0.03,0.48,1.72,0.57,0.03,0.9,0.62,0.47,0.38,0.61,1.09,-0.02,0.47,0.67,0.55,0.53,0.51,0.57,0.51,0.54,0.55,0.55,0.5,0.62,71.58,0.18,0.76,0.67,0.48,0.4,0.99,0.88,0.94,0.58,0.31,74.72,271424.0,299081.0,264307.0,34774.0,221183.0,13776.0,2431.0,2053.0,81.0,0.505,546.0,214.0,90.0,926.0,136.0,224.0,182.0,140.13,4209.0,9283.0,2153.0,75.0,81.7,128.8,107.5,132.5,132.5,255437.0,44300.0,10716.0,2140.0,82.9,150789.0,128813.0,122240.0,22182.0,108336.0,32212.0,21417.0,11941.0,10.17,164.99,4.42,3.15,2.05,3.88,3.84,12.02,5.68,13.78,7.05,2.64,5.36,6.29,220684.0,13652.0,18160.0,1296.0,4337.0,27413.0,7013.0,12072.0,9207.0,69768.0,98.1,98.3,98.5,286021.91,
2014-02-01,113.1,118.4,125.5,112.4,126.0,160.3,117.6,136.5,8204.0,11879.0,15130.0,6353.0,121.55,96.02,130.34,123.66,115.27,65.92,298.84,140.75,88.19,103.11,105.24,86.33464,116.51303,99.84172,136.39,142.61,132.24,98.4,97.5,99.4,1456335.78,257553.08,8032376.02,476405.57,128006.4,348399.17,3059309.55,8553624.64,17659248.89,3468.0,3143.0,1924.0,2872.21,5004.0,2652.0,8695.0,305262.0,291705.0,475660.0,6.8,0.56,0.77,1.07,-0.4,-0.05,0.74,0.69,5.97,0.14,0.22,0.49,1.24,0.4,0.78,0.49,-0.19,0.62,0.26,1.23,0.93,0.8,0.73,0.76,0.57,0.51,0.69,0.83,0.72,64.34,0.39,1.04,0.7,0.38,0.85,0.66,0.33,0.52,0.3,0.27,75.11,280477.0,274873.0,244687.0,30186.0,262703.0,15174.0,3750.0,2090.0,86.0,0.524,578.0,223.0,110.0,1051.0,129.0,238.0,193.0,142.34,8329.0,16760.0,3162.0,204.0,82.2,131.3,108.8,135.4,135.4,204155.0,41749.0,10363.0,3058.0,82.9,153796.0,130756.0,127759.0,23358.0,110791.0,28913.0,21151.0,13219.0,10.43,168.57,4.42,3.24,1.93,3.94,3.72,12.33,5.6,12.17,6.86,2.6,5.27,6.34,221066.0,14628.0,20358.0,1644.0,4381.0,27366.0,6606.0,15503.0,7902.0,67149.0,96.9,97.4,97.8,272719.33,
2014-03-01,115.4,117.8,120.1,112.6,124.6,157.5,117.1,130.7,7744.0,11289.0,15110.0,6130.0,120.41,95.74,129.69,125.67,110.75,65.4,314.62,136.89,87.82,99.1,103.48,85.47555,116.61061,99.40947,125.78,132.36,121.39,98.5,97.7,99.4,1455598.2,257921.57,8037923.11,476799.16,127743.34,349055.83,3055888.31,8573906.52,17719934.38,3347.0,3174.0,1929.0,2898.85,5050.0,2689.0,8780.0,295489.0,294629.0,477906.0,7.2,1.92,0.33,0.38,0.31,1.38,0.43,0.79,0.53,-1.26,2.43,0.58,1.09,-0.02,1.2,1.94,0.4,0.46,0.8,1.54,0.87,0.58,0.65,0.67,0.7,0.59,0.59,0.64,0.68,71.05,0.51,0.79,0.73,1.67,1.48,0.85,0.28,0.74,1.29,2.2,74.24,272226.0,264663.0,239106.0,25557.0,255210.0,13844.0,3700.0,2119.0,84.0,0.525,541.0,218.0,101.0,977.0,125.0,195.0,180.0,148.04,12178.0,27071.0,4093.0,309.0,81.3,126.4,105.9,134.0,134.0,189961.0,38739.0,9234.0,2859.0,82.8,154646.0,131068.0,127174.0,21447.0,111590.0,29187.0,19294.0,12463.0,10.65,163.07,4.43,3.24,1.75,4.02,3.81,10.53,5.63,11.75,6.98,2.63,5.26,6.3,229414.0,16930.0,20088.0,1534.0,5461.0,28114.0,6603.0,12175.0,7313.0,69378.0,95.7,96.3,97.2,292361.88,177.03
2014-04-01,116.4,116.5,119.0,112.0,124.3,151.8,117.7,130.1,7588.0,10780.0,15283.0,5922.0,118.97,93.24,130.01,128.66,119.98,66.41,310.44,136.06,88.76,99.76,104.91,84.79955,115.31701,99.40478,120.25,126.93,115.8,96.0,96.4,95.6,1451065.18,258018.02,8008985.61,477049.79,127721.01,349328.78,3041800.77,8593162.78,17762616.02,3341.0,3177.0,1934.0,2904.67,5027.0,2676.0,8731.0,295660.0,295273.0,479040.0,7.2,1.19,0.87,0.2,0.47,0.32,1.01,0.31,0.03,0.02,1.52,0.35,0.44,0.77,0.64,1.2,0.41,0.16,0.67,0.61,0.4,0.51,0.56,0.53,0.5,0.56,0.56,0.46,0.58,69.97,0.43,0.61,0.78,0.78,0.45,0.77,0.88,0.53,1.19,0.79,74.32,271101.0,283762.0,251670.0,32092.0,261382.0,12314.0,3395.0,2146.0,78.0,0.521,592.0,230.0,110.0,1024.0,127.0,209.0,197.0,140.39,14905.0,38084.0,5157.0,683.0,81.3,128.1,106.2,131.0,131.0,234956.0,44771.0,10896.0,2606.0,82.0,150897.0,132861.0,126221.0,27612.0,111880.0,23319.0,21168.0,12021.0,10.87,162.58,4.47,3.29,1.88,4.02,3.8,11.85,5.66,11.87,7.09,2.61,5.21,6.49,233117.0,15201.0,25440.0,1599.0,4851.0,28104.0,6982.0,12960.0,8239.0,69682.0,92.1,93.1,94.3,284209.05,
2014-05-01,116.9,115.4,115.8,111.0,122.8,143.0,118.1,131.2,7304.0,10877.0,14972.0,5977.0,119.32,94.13,133.2,129.82,113.95,67.14,314.96,136.91,90.82,98.75,104.18,83.69668,114.01732,99.51991,109.48,111.8,107.94,91.7,94.3,89.2,1452749.67,257929.69,7972235.99,477014.52,127730.07,349284.45,3044774.42,8608713.64,17820983.7,3319.0,3183.0,1962.0,2916.26,5043.0,2644.0,8662.0,294315.0,295449.0,477363.0,7.0,0.58,0.61,1.03,0.84,-0.45,0.98,0.8,0.13,0.11,0.41,0.58,0.3,0.59,0.42,0.41,0.75,0.57,0.72,0.15,0.42,0.53,0.77,0.78,0.58,0.64,0.5,0.43,0.82,66.76,0.72,0.82,0.58,-0.13,-0.45,0.52,2.05,0.25,0.13,-0.65,73.33,261491.0,270339.0,239466.0,30873.0,265272.0,12695.0,3388.0,2189.0,89.0,0.532,566.0,236.0,102.0,1041.0,127.0,201.0,189.0,142.5,16954.0,44812.0,6274.0,733.0,81.5,127.7,106.1,131.0,131.0,232623.0,45263.0,12775.0,2683.0,81.8,146201.0,133091.0,124235.0,24928.0,110619.0,21093.0,22125.0,12843.0,10.9,160.84,4.62,3.45,1.88,4.23,3.89,12.6,5.8,12.74,7.35,2.68,5.26,6.66,239948.0,16170.0,25602.0,1919.0,4785.0,28451.0,7080.0,13447.0,8427.0,71689.0,91.4,94.1,97.0,297613.36,
2014-06-01,117.4,111.4,104.6,110.7,115.1,116.4,114.4,122.8,6862.0,10322.0,14713.0,5859.0,115.53,94.91,124.23,124.61,102.51,66.7,292.09,135.16,90.11,92.28,99.48,82.10284,110.52689,98.22512,107.37,110.92,105.01,92.1,93.7,90.7,1447485.36,257666.39,7948052.22,476917.38,127860.12,349057.26,3029792.51,8615361.95,17871151.55,3304.0,3173.0,1949.0,2907.82,5014.0,2606.0,8664.0,292867.0,294442.0,477135.0,6.9,-0.11,0.55,0.38,0.49,0.37,0.6,1.57,0.02,-0.02,-0.6,0.23,1.09,0.25,0.45,-0.39,0.52,0.11,0.36,0.53,0.73,0.71,0.66,0.64,0.47,0.56,0.61,0.74,0.51,61.39,0.52,0.73,0.47,-0.74,-0.63,0.33,0.66,0.04,-0.67,-1.44,76.44,228154.0,247096.0,223007.0,24089.0,205213.0,8190.0,2540.0,2246.0,93.0,0.544,543.0,234.0,92.0,987.0,129.0,199.0,181.0,139.18,21399.0,54328.0,7520.0,809.0,81.0,120.3,100.9,128.2,128.2,211418.0,39201.0,10701.0,2237.0,81.5,146858.0,131994.0,124236.0,22791.0,110973.0,22173.0,21173.0,13150.0,10.9,154.17,4.5,3.36,1.77,4.17,3.83,12.2,5.67,12.51,7.19,2.52,5.18,6.65,237567.0,16085.0,24629.0,1661.0,5312.0,28319.0,6650.0,13344.0,7547.0,69490.0,90.8,92.6,94.6,269361.2,174.43
2014-07-01,120.1,114.4,115.0,110.7,122.1,138.8,118.0,127.6,6773.0,10556.0,14585.0,5902.0,118.1,93.96,130.07,117.08,107.78,67.62,296.95,136.44,89.09,95.3,100.94,83.02055,112.02119,98.89721,109.55,109.23,109.76,92.2,90.3,94.3,1443840.63,257267.51,7931665.42,477526.16,127900.15,349626.01,3024111.05,8634996.8,17907658.7,3324.0,3169.0,1922.0,2898.83,5033.0,2579.0,8716.0,294605.0,293742.0,478717.0,7.0,-0.15,1.2,0.86,-0.24,-0.98,0.5,0.12,0.04,-0.79,-0.51,0.1,-0.05,0.39,-0.1,-0.28,-0.16,0.24,0.27,-0.41,0.01,0.2,0.4,0.39,0.17,0.35,0.21,0.02,0.29,58.98,0.18,0.55,0.17,-0.61,-0.55,0.1,0.75,0.16,-0.56,-1.11,75.65,234361.0,258417.0,224220.0,34196.0,239075.0,12322.0,2951.0,2267.0,98.0,0.553,555.0,250.0,95.0,1052.0,135.0,206.0,185.0,145.16,24967.0,62564.0,8855.0,1008.0,81.4,122.2,104.5,130.2,130.2,234608.0,45181.0,12372.0,2596.0,80.4,143028.0,133829.0,120918.0,21931.0,112949.0,20206.0,20783.0,11173.0,10.9,158.8,4.61,3.46,1.95,4.29,3.78,12.79,5.75,13.26,7.46,2.55,5.09,6.93,232139.0,14583.0,20559.0,1730.0,4882.0,28566.0,6906.0,12868.0,8571.0,73983.0,89.9,91.5,93.2,299990.71,
2014-08-01,123.2,114.5,114.4,112.8,120.8,137.9,116.9,130.0,6989.0,10542.0,15169.0,5986.0,120.56,93.77,133.39,123.31,107.0,69.01,303.48,145.25,90.34,97.07,101.75,83.05029,112.66328,99.3927,110.54,110.11,110.83,90.2,91.1,89.5,1450089.11,257045.77,7914895.19,477736.09,127866.56,349869.53,3017288.66,8662605.96,17956154.35,3329.0,3198.0,1884.0,2914.33,5012.0,2599.0,8778.0,296287.0,295789.0,484250.0,7.0,-0.15,0.94,0.47,-0.15,0.33,0.41,0.09,0.43,0.1,-0.61,0.11,0.59,0.51,0.18,-0.3,-0.08,0.07,0.11,0.24,0.39,0.42,0.42,0.45,0.41,0.4,0.44,0.39,0.45,54.96,0.22,0.63,0.14,-0.27,0.06,0.12,0.08,0.34,-0.55,-0.45,76.51,239745.0,247655.0,219737.0,27918.0,249789.0,11988.0,2860.0,2326.0,97.0,0.572,564.0,240.0,121.0,1086.0,130.0,215.0,188.0,143.91,29701.0,71453.0,10391.0,1426.0,81.1,123.9,102.7,129.3,129.3,217040.0,42070.0,10828.0,2510.0,80.4,146152.0,133878.0,122239.0,24673.0,112328.0,24201.0,20804.0,10975.0,10.9,159.57,4.65,3.55,1.92,4.39,3.76,12.37,5.75,13.94,7.51,2.58,4.96,6.96,225830.0,13731.0,22441.0,1558.0,5367.0,27352.0,6840.0,11410.0,8322.0,71790.0,90.6,91.5,92.6,303410.2,
2014-09-01,123.2,114.9,116.2,111.3,123.9,151.9,117.4,131.7,7186.0,10576.0,15008.0,6158.0,121.37,93.68,131.83,124.47,109.36,69.66,300.03,144.15,92.05,98.02,102.72,85.86485,113.27261,99.57231,118.92,113.85,122.3,88.9,89.2,88.8,1452391.38,256249.69,7891867.52,478514.48,127985.62,350528.86,3021765.23,8692731.6,18012280.44,3345.0,3202.0,1899.0,2920.0,5018.0,2603.0,8963.0,298768.0,298041.0,488282.0,6.8,0.78,0.77,0.34,0.57,0.63,0.33,0.39,0.18,0.13,0.76,0.29,0.78,0.4,0.61,0.58,0.51,0.18,0.66,0.57,0.58,0.55,0.57,0.55,0.51,0.54,0.57,0.52,0.6,61.13,0.33,0.72,0.39,0.2,0.02,0.49,0.15,0.21,0.31,0.13,76.21,305769.0,263671.0,235765.0,27906.0,286366.0,11786.0,2779.0,2358.0,96.0,0.559,594.0,242.0,124.0,1123.0,129.0,231.0,198.0,144.75,34069.0,81971.0,11989.0,1619.0,81.3,125.6,103.2,128.9,128.9,234533.0,47954.0,11213.0,2586.0,80.2,148195.0,138467.0,124408.0,23116.0,116594.0,23206.0,21627.0,10390.0,10.9,160.43,4.63,3.55,1.78,4.43,3.66,12.72,5.73,14.07,7.41,2.59,4.76,7.22,246191.0,16826.0,23746.0,2105.0,5433.0,28957.0,7344.0,11751.0,9234.0,73421.0,88.3,90.0,91.7,303388.42,174.33
2014-10-01,126.0,115.3,115.7,112.3,124.4,150.3,118.2,131.0,7615.0,11141.0,14961.0,6415.0,123.39,94.86,131.96,123.33,110.25,70.18,291.34,152.64,92.93,100.01,103.51,85.72764,112.00104,99.27912,115.82,107.09,121.64,89.1,87.6,90.7,1449605.06,255860.17,7870544.03,478974.81,128173.41,350801.4,2998355.41,8708589.55,18025366.87,3323.0,3204.0,1935.0,2925.76,5025.0,2637.0,8867.0,297469.0,300260.0,489196.0,6.7,0.46,0.68,0.19,0.62,0.39,0.39,0.36,0.11,-0.05,0.48,0.41,0.43,0.38,0.43,0.41,0.5,0.43,0.38,0.48,0.42,0.41,0.42,0.42,0.41,0.51,0.44,0.39,0.6,64.88,0.38,0.45,0.48,0.28,0.59,0.43,0.17,0.37,0.02,0.23,76.77,273798.0,262997.0,240280.0,22717.0,278239.0,12394.0,2695.0,2393.0,100.0,0.583,609.0,235.0,112.0,1163.0,129.0,245.0,203.0,147.33,38413.0,92086.0,13590.0,2474.0,80.8,128.1,103.1,128.9,128.9,242711.0,48677.0,12186.0,3275.0,79.6,143411.0,138938.0,120644.0,21506.0,117883.0,22690.0,21044.0,10353.0,10.92,162.17,4.66,3.65,1.92,4.49,3.6,13.87,5.67,14.6,7.55,2.49,4.61,7.19,247956.0,15636.0,23695.0,2047.0,5162.0,29041.0,7458.0,17259.0,9388.0,75637.0,86.4,87.4,88.7,323352.88,
2014-11-01,122.2,113.5,114.8,111.5,121.4,145.4,115.2,129.4,7974.0,11382.0,15292.0,6338.0,122.26,94.45,135.35,123.52,116.83,69.31,306.82,154.44,91.48,99.58,105.35,87.92022,111.5971,99.15892,115.99,103.39,124.39,87.3,86.4,88.3,1446899.82,255634.57,7860078.33,479670.83,128246.4,351424.43,2975278.77,8731710.42,18058265.03,3350.0,3171.0,1955.0,2903.27,5029.0,2629.0,8636.0,299960.0,298886.0,481164.0,6.6,0.77,0.69,-0.04,0.39,0.43,0.42,0.48,0.21,0.08,0.97,0.08,0.46,0.72,0.44,0.76,0.34,-0.34,0.28,0.59,0.31,0.32,0.43,0.46,0.32,0.38,0.38,0.29,0.44,61.39,0.3,0.59,0.38,0.98,1.14,0.65,0.44,0.69,0.82,1.26,76.49,267765.0,277146.0,251832.0,25314.0,251208.0,11778.0,1844.0,2358.0,100.0,0.577,556.0,223.0,112.0,1029.0,132.0,244.0,185.0,136.51,41858.0,102819.0,14886.0,2690.0,80.8,126.1,101.2,129.7,129.7,234777.0,45037.0,12167.0,2655.0,80.6,142933.0,130626.0,120456.0,22070.0,110407.0,22105.0,20464.0,10831.0,11.15,162.18,4.5,3.5,1.79,4.3,3.59,14.49,5.51,14.95,7.5,2.42,4.43,6.9,233007.0,14961.0,23543.0,1446.0,5409.0,27452.0,6473.0,14085.0,8787.0,70639.0,86.2,87.4,88.9,302675.21,
2014-12-01,124.2,109.7,91.8,110.3,116.2,135.3,112.6,122.1,7856.0,11161.0,14693.0,6174.0,120.58,94.89,134.3,120.34,106.47,68.73,312.97,150.88,94.68,97.0,101.84,89.21947,111.82593,99.66767,112.95,108.7,115.79,86.9,85.5,88.3,1449739.71,254420.24,7838407.12,479391.8,128371.74,351020.06,2917534.61,8736665.2,18058658.23,3477.0,3155.0,1923.0,2883.08,5057.0,2665.0,8640.0,310389.0,299151.0,472041.0,6.6,1.08,0.51,0.0,0.85,1.38,0.47,0.7,0.07,0.0,0.96,0.41,1.2,0.43,0.89,0.79,0.75,0.09,0.62,1.13,0.87,0.73,0.67,0.69,0.53,0.49,0.68,0.77,0.58,68.36,0.51,0.82,0.79,0.62,0.38,0.75,0.08,0.3,0.98,0.63,76.35,245834.0,269819.0,248133.0,21686.0,203289.0,3704.0,604.0,2497.0,98.0,0.598,637.0,233.0,111.0,956.0,134.0,280.0,212.0,141.58,47038.0,120996.0,16775.0,3027.0,80.5,123.2,97.5,130.7,130.7,302913.0,50650.0,13697.0,2741.0,79.6,144534.0,137365.0,123709.0,22539.0,116658.0,20280.0,20383.0,10664.0,11.58,158.44,4.36,3.37,1.5,4.13,3.69,13.87,5.36,13.82,7.65,2.37,4.26,6.57,278564.0,19661.0,30889.0,1835.0,5877.0,29447.0,7215.0,12058.0,10981.0,86067.0,86.4,87.9,89.3,270568.79,175.24
2015-01-01,125.1,110.2,106.2,109.9,116.4,137.8,111.7,123.4,8076.0,12558.0,13761.0,6320.0,120.34,94.81,130.12,120.67,102.67,69.36,316.15,164.65,94.87,97.6,101.21,90.22848,113.15487,98.47977,112.69,110.72,114.01,84.1,84.1,84.4,1449069.84,252725.33,7828789.96,479085.6,128500.59,350585.01,2883571.55,8712072.48,18053882.5,3476.0,3155.0,1939.0,2888.5,5101.0,2650.0,8716.0,308614.0,298598.0,465802.0,6.9,1.48,2.42,-0.28,-0.69,1.83,0.32,1.68,0.31,0.15,1.74,0.31,0.88,2.5,0.87,1.52,-0.43,0.37,0.3,1.37,0.65,1.17,0.52,0.53,0.79,0.74,0.83,0.94,0.83,68.9,-0.16,1.04,0.89,0.76,0.67,1.73,0.92,1.62,0.42,0.56,75.97,238639.0,255848.0,229753.0,26096.0,194123.0,8291.0,2302.0,2469.0,98.0,0.607,587.0,210.0,99.0,960.0,138.0,254.0,196.0,151.4,2508.0,5811.0,1405.0,56.0,80.5,121.6,99.0,129.5,129.5,206162.0,37720.0,7677.0,2229.0,79.5,148290.0,139672.0,126442.0,25098.0,116691.0,22866.0,24276.0,11594.0,11.82,158.52,4.46,3.54,1.86,4.17,3.93,15.46,5.38,13.72,7.88,2.37,4.28,6.67,225064.0,12335.0,19791.0,1195.0,5244.0,28737.0,7072.0,11603.0,8408.0,75654.0,84.7,84.6,84.7,285661.3,
2015-02-01,126.6,109.0,101.4,109.4,115.0,131.6,110.8,121.3,8090.0,11780.0,14451.0,6352.0,111.93,94.36,126.34,116.43,97.35,69.08,294.73,159.07,95.63,96.5,98.84,90.1607,110.51385,98.15482,112.89,109.65,115.05,81.3,82.6,80.2,1440285.37,250739.86,7815220.58,478278.99,128673.09,349605.91,2839648.41,8713916.13,18065672.79,3450.0,3143.0,1885.0,2869.43,5080.0,2642.0,8873.0,305086.0,296492.0,461847.0,7.5,0.81,1.22,0.87,-0.6,2.2,0.6,0.86,5.88,-0.02,0.74,0.68,1.07,2.37,0.88,0.97,-0.34,0.94,0.59,1.12,0.91,0.91,0.61,0.59,0.73,0.77,0.83,0.81,0.77,68.1,0.12,0.94,1.33,0.27,0.53,0.97,0.31,1.22,0.43,-0.09,74.82,229156.0,237886.0,202195.0,35691.0,195707.0,7648.0,2598.0,2431.0,96.0,0.6,524.0,223.0,103.0,915.0,132.0,285.0,175.0,144.46,5244.0,10821.0,2335.0,512.0,79.7,121.0,97.4,130.9,130.9,149828.0,28971.0,5171.0,1968.0,79.5,136658.0,130062.0,120457.0,21797.0,111622.0,19097.0,19331.0,10619.0,12.15,149.79,4.47,3.55,1.86,4.14,3.92,15.27,5.4,13.64,7.79,2.42,4.24,6.94,203089.0,12136.0,16927.0,944.0,5201.0,27868.0,6281.0,11302.0,6469.0,67402.0,80.2,80.8,81.6,262272.78,
2015-03-01,128.8,108.2,97.3,110.1,114.3,131.3,110.1,124.7,7908.0,11098.0,14599.0,6116.0,116.74,93.39,124.89,112.12,95.2,69.93,285.81,154.77,96.29,95.1,97.45,90.18021,109.54938,98.15733,106.86,103.26,109.26,74.8,78.3,71.9,1438439.51,248834.74,7781540.37,478491.09,129269.57,349221.52,2803498.6,8732169.22,18086381.2,3321.0,3173.0,1929.0,2904.68,5001.0,2612.0,8699.0,294369.0,295395.0,462510.0,8.0,1.17,5.29,0.35,0.59,0.46,0.69,0.36,0.75,-1.16,1.17,0.57,0.58,3.36,0.7,1.03,0.6,0.41,0.57,0.81,0.58,1.34,0.85,0.86,0.73,0.76,0.78,0.49,0.77,73.46,0.67,0.99,1.24,0.98,1.21,1.41,0.62,0.7,0.83,0.92,73.86,226152.0,229728.0,198841.0,30887.0,246320.0,7374.0,2786.0,2413.0,90.0,0.601,511.0,228.0,97.0,1017.0,128.0,294.0,179.0,137.93,9349.0,19269.0,3554.0,1080.0,80.2,123.0,98.1,128.3,128.3,189859.0,36101.0,6503.0,2195.0,78.6,144189.0,134754.0,122995.0,22743.0,115437.0,21603.0,19190.0,10673.0,12.58,159.27,4.44,3.66,1.74,4.42,4.01,13.48,5.22,12.85,7.39,2.31,4.25,6.7,253029.0,16201.0,25165.0,1297.0,6390.0,32214.0,8269.0,12764.0,7928.0,76104.0,77.1,77.3,77.9,296467.3,173.84
2015-04-01,128.8,105.9,92.6,108.4,111.3,128.3,107.5,118.1,7907.0,10890.0,14647.0,6110.0,115.95,93.06,121.76,107.72,95.94,69.93,283.3,137.58,88.13,93.22,96.25,88.89198,107.00542,97.35205,101.56,95.17,105.82,76.8,78.0,75.9,1432662.56,247039.63,7706639.7,477879.04,129962.59,347916.44,2755910.51,8710163.29,18047897.62,3300.0,3161.0,1879.0,2885.15,5005.0,2593.0,8763.0,292471.0,295380.0,458257.0,8.1,0.97,0.93,0.66,0.91,0.11,1.32,0.51,0.21,0.31,0.97,0.46,0.73,0.78,0.69,0.71,0.93,0.33,0.63,0.75,0.62,0.76,0.75,0.75,0.7,0.72,0.74,0.73,0.72,71.05,0.72,0.78,1.07,1.17,0.92,0.61,0.46,1.1,1.27,1.41,77.09,216826.0,219751.0,191044.0,28707.0,210698.0,6864.0,2061.0,2394.0,90.0,0.593,528.0,229.0,82.0,994.0,125.0,314.0,195.0,146.71,11736.0,26119.0,4555.0,1114.0,79.8,117.1,95.9,125.1,125.1,179223.0,32402.0,5806.0,1940.0,77.6,145993.0,133748.0,126817.0,22796.0,114514.0,19628.0,19238.0,11898.0,12.68,149.64,4.63,3.93,1.91,4.78,4.16,15.49,5.33,13.47,7.51,2.28,4.26,7.04,233516.0,13859.0,20937.0,1352.0,5871.0,30990.0,7421.0,11541.0,7092.0,72303.0,78.4,77.1,76.2,278143.6,
2015-05-01,127.1,104.7,88.6,107.1,111.2,123.3,108.1,114.9,7364.0,10542.0,14339.0,5916.0,115.04,92.54,123.16,108.22,92.18,69.51,283.63,140.75,92.42,90.94,95.21,85.92539,106.3292,96.93653,91.77,81.35,98.71,75.6,75.6,75.9,1424819.17,245925.89,7642373.88,477453.9,130577.66,346876.24,2721198.63,8700974.67,18020631.57,3313.0,3188.0,1882.0,2905.17,4977.0,2550.0,8634.0,293771.0,293993.0,457592.0,8.2,1.37,1.22,0.36,0.61,-0.29,1.1,0.74,0.06,0.17,1.61,0.49,0.2,1.22,0.59,1.26,0.69,0.31,0.79,0.43,0.32,0.62,0.76,0.74,0.62,0.75,0.66,0.49,0.69,70.24,0.71,0.77,0.6,0.41,0.4,0.72,0.95,0.62,0.52,0.3,74.23,198040.0,218755.0,184832.0,33924.0,204559.0,6169.0,2319.0,2412.0,86.0,0.586,485.0,223.0,79.0,941.0,124.0,291.0,179.0,146.98,15051.0,32676.0,5797.0,1270.0,79.3,117.0,96.1,123.1,123.1,175618.0,29338.0,6026.0,1711.0,76.5,143755.0,130963.0,122946.0,22650.0,114672.0,20042.0,15907.0,9266.0,13.15,151.27,4.74,3.99,1.89,4.76,4.24,16.11,5.5,14.31,7.78,2.32,4.34,7.29,234794.0,13362.0,21999.0,1444.0,5818.0,30346.0,7125.0,11475.0,6987.0,74049.0,76.8,75.2,74.1,280946.73,
2015-06-01,127.0,103.9,83.9,107.6,109.6,111.4,108.7,112.1,7073.0,10113.0,14184.0,5851.0,113.54,92.58,118.11,105.16,90.88,69.67,275.67,141.75,89.78,90.24,94.06,86.39084,104.04498,96.47155,90.58,74.14,101.54,74.0,73.6,74.9,1425927.69,244443.45,7583827.39,475441.19,131102.7,344338.48,2689990.67,8686598.77,17995431.99,3293.0,3185.0,1842.0,2893.72,4961.0,2566.0,8889.0,291905.0,294937.0,455496.0,8.4,0.63,0.86,0.72,0.58,0.7,0.91,1.63,0.2,0.34,0.7,0.51,0.79,1.12,0.68,0.69,0.7,0.22,0.68,0.69,0.68,0.88,0.74,0.72,0.62,0.72,0.77,0.92,0.66,67.83,0.78,0.68,0.99,0.67,0.68,0.82,1.84,0.47,0.57,0.41,74.58,192934.0,220904.0,176082.0,44822.0,180525.0,5284.0,1799.0,2396.0,89.0,0.601,512.0,244.0,86.0,1020.0,125.0,312.0,189.0,142.38,18662.0,41084.0,7416.0,1608.0,79.2,114.2,94.9,122.5,122.5,175261.0,29352.0,6211.0,1698.0,75.7,144177.0,131374.0,123519.0,20181.0,114764.0,19073.0,17118.0,10765.0,13.58,149.37,4.65,3.95,1.69,4.87,4.28,15.03,5.36,14.35,7.17,2.26,4.35,7.18,246950.0,15444.0,22840.0,1274.0,6193.0,31544.0,7567.0,11475.0,7295.0,72208.0,78.6,76.2,74.2,274927.39,169.76
2015-07-01,124.6,102.0,82.6,104.6,109.6,119.3,107.4,111.9,6839.0,10111.0,13959.0,5870.0,112.52,90.98,118.79,102.02,93.68,69.1,270.39,129.04,89.77,88.79,93.67,85.30954,102.25861,95.90464,84.55,61.3,100.04,70.8,72.4,69.7,1437840.57,242973.33,7518127.67,474030.43,131547.94,342482.49,2655236.94,8668133.87,17954680.57,3271.0,3177.0,1836.0,2885.18,4917.0,2538.0,8787.0,289797.0,292834.0,453321.0,8.6,0.65,1.52,0.86,-0.31,0.15,0.84,0.61,0.0,0.3,0.59,0.19,0.54,1.17,0.44,0.5,-0.08,0.36,0.5,0.39,0.4,0.71,0.56,0.53,0.55,0.67,0.63,0.51,0.61,65.68,0.28,0.72,0.59,0.69,0.58,0.53,0.55,0.85,0.75,0.73,73.67,205916.0,205832.0,178198.0,27634.0,214651.0,6599.0,1895.0,2466.0,93.0,0.6,507.0,247.0,75.0,1007.0,134.0,315.0,187.0,140.43,21507.0,45622.0,8308.0,1622.0,78.8,113.6,92.7,120.9,120.9,186995.0,32398.0,6515.0,1698.0,74.8,143657.0,130415.0,124518.0,21242.0,112139.0,18339.0,18230.0,12687.0,13.69,149.59,4.83,4.17,1.9,4.97,4.3,15.91,5.51,14.92,7.51,2.27,4.31,7.46,234452.0,13092.0,19895.0,1316.0,6172.0,30852.0,7068.0,11144.0,7553.0,72476.0,75.3,73.2,71.5,288584.86,
2015-08-01,127.1,102.4,76.6,106.8,109.6,117.9,107.9,110.6,7077.0,10313.0,14292.0,6127.0,112.14,89.78,116.43,100.21,90.43,69.95,261.25,133.56,88.95,88.23,92.49,85.63775,103.85933,95.8249,84.66,59.31,101.56,68.7,70.7,67.1,1446836.39,241127.41,7456988.34,472625.11,131988.46,340636.65,2617474.44,8638270.63,17932059.76,3260.0,3144.0,1841.0,2858.72,4907.0,2511.0,8813.0,289197.0,291258.0,451023.0,8.8,-0.01,0.29,0.37,0.2,-0.27,0.62,0.75,0.82,0.14,-0.32,0.31,0.32,0.32,0.18,-0.03,0.17,0.17,0.42,-0.02,0.32,0.31,0.48,0.51,0.42,0.56,0.43,0.34,0.55,65.15,0.36,0.63,0.43,0.28,0.4,0.22,0.59,0.56,0.34,0.2,73.32,196293.0,204326.0,172782.0,31544.0,210515.0,5283.0,1193.0,2547.0,94.0,0.624,487.0,235.0,78.0,1018.0,127.0,320.0,180.0,135.58,23542.0,50624.0,9218.0,1642.0,78.3,113.9,91.6,120.4,120.4,172630.0,27215.0,5836.0,1580.0,74.9,137059.0,131628.0,121404.0,18985.0,112959.0,16407.0,18052.0,12431.0,14.15,150.9,4.98,4.29,1.95,5.13,4.4,16.64,5.67,15.5,7.96,2.28,4.37,7.62,224672.0,13572.0,17470.0,1168.0,5939.0,30319.0,6871.0,11016.0,6931.0,71564.0,75.6,72.4,69.6,286414.85,
2015-09-01,126.8,99.8,78.4,103.0,108.6,108.9,108.5,107.7,7161.0,10437.0,14008.0,6184.0,111.12,91.27,116.25,102.27,86.96,69.08,261.9,131.89,85.4,86.56,91.43,87.92905,102.31493,95.24482,85.53,59.83,102.66,65.2,69.2,61.8,1451422.57,239780.36,7404239.98,471653.9,132322.12,339331.78,2578156.31,8604912.65,17877766.01,3253.0,3140.0,1907.0,2867.66,4961.0,2466.0,8694.0,289323.0,291471.0,446468.0,9.0,0.24,1.3,0.19,0.5,0.71,0.55,0.33,0.25,0.01,-0.05,0.38,0.67,0.92,0.42,0.06,0.55,0.31,0.46,0.39,0.55,0.55,0.59,0.56,0.48,0.64,0.69,0.55,0.48,66.49,0.46,0.63,0.39,0.95,1.42,0.42,0.22,0.66,0.61,1.3,72.93,181897.0,197627.0,161934.0,35692.0,169211.0,5819.0,1727.0,2395.0,85.0,0.612,507.0,234.0,82.0,1034.0,126.0,342.0,188.0,126.0,26021.0,56470.0,10281.0,1668.0,78.0,114.5,91.0,118.6,118.6,166345.0,26246.0,5945.0,1539.0,74.5,141994.0,131348.0,122470.0,18992.0,114527.0,18575.0,17215.0,13559.0,14.15,149.15,4.98,4.18,1.74,4.87,4.45,15.8,5.81,15.32,8.15,2.28,4.56,7.97,235886.0,16624.0,18178.0,1140.0,6569.0,30430.0,6686.0,11449.0,6734.0,70360.0,72.2,70.0,68.1,292075.87,166.96
2015-10-01,124.3,100.6,76.3,104.1,108.0,105.3,108.5,109.7,7631.0,11133.0,14159.0,6343.0,108.7,93.05,117.88,103.76,84.72,69.98,263.98,116.98,84.93,85.25,91.22,88.38076,102.49191,95.68256,88.77,56.05,110.57,68.8,67.4,70.7,1448473.44,238030.11,7347534.48,470464.98,132741.74,337723.24,2536098.52,8577441.35,17840393.33,3250.0,3136.0,1924.0,2867.55,4958.0,2471.0,8486.0,289055.0,291078.0,452894.0,9.1,0.77,0.75,0.39,0.67,1.72,0.55,0.57,0.1,0.39,0.68,0.65,0.62,1.39,0.64,1.0,0.68,-0.25,0.99,0.34,0.63,0.54,0.66,0.59,0.61,0.66,0.73,0.48,0.74,67.02,0.52,0.64,0.66,1.89,1.76,0.76,0.36,0.88,1.88,2.63,74.67,190799.0,198489.0,157316.0,41173.0,200066.0,6799.0,1232.0,2406.0,90.0,0.614,515.0,224.0,81.0,1051.0,125.0,355.0,190.0,143.33,28293.0,64086.0,11457.0,1693.0,78.1,111.9,90.7,117.5,117.5,161592.0,23684.0,5784.0,1091.0,74.6,138919.0,126563.0,119271.0,19034.0,110844.0,18889.0,15726.0,11316.0,14.15,149.83,5.08,4.33,1.8,4.9,4.63,16.34,5.84,14.31,8.06,2.27,4.48,8.19,226431.0,14556.0,19258.0,1086.0,5991.0,30977.0,5940.0,8756.0,6460.0,73441.0,71.5,68.5,66.1,312799.92,
2015-11-01,110.4,99.1,77.9,99.9,107.5,101.0,108.7,106.4,7791.0,11132.0,13912.0,6373.0,107.89,90.47,113.72,102.36,86.5,70.26,251.9,140.02,84.28,84.79,90.76,90.48616,101.27608,94.67194,85.55,54.31,106.38,69.0,67.9,70.5,1453618.78,236624.43,7299320.72,469391.83,133066.26,336325.57,2498089.41,8547183.39,17814223.11,3359.0,3116.0,1948.0,2859.51,4976.0,2456.0,8374.0,299139.0,288882.0,460454.0,9.1,1.83,0.76,0.31,0.79,1.08,0.64,0.52,0.22,1.03,2.46,0.79,0.46,1.09,0.99,2.3,0.63,-0.05,1.14,0.87,0.6,0.54,0.66,0.65,0.65,0.75,0.71,0.49,0.7,78.02,0.76,0.57,0.85,1.52,1.19,1.0,0.34,1.06,1.64,1.93,71.7,172747.0,198168.0,162587.0,35582.0,167479.0,5350.0,1045.0,2380.0,77.0,0.592,497.0,217.0,83.0,956.0,124.0,296.0,184.0,130.44,30679.0,71712.0,12713.0,1711.0,77.7,108.4,89.2,118.8,118.8,165963.0,23376.0,4733.0,1121.0,74.8,137953.0,128523.0,120139.0,18163.0,112219.0,17575.0,16277.0,11193.0,14.15,149.56,5.29,4.56,1.61,5.15,4.83,17.6,6.03,15.03,8.97,2.28,4.56,8.13,233154.0,14802.0,19205.0,1084.0,5695.0,31090.0,6234.0,10585.0,6709.0,75829.0,73.8,70.1,66.7,292370.58,
2015-12-01,110.3,97.6,64.3,98.9,106.2,103.6,107.3,99.9,7852.0,11084.0,13410.0,6284.0,107.74,90.62,114.08,100.22,86.5,70.72,258.31,131.08,87.37,83.76,90.95,89.46325,101.24108,94.63388,87.17,57.95,106.65,69.9,66.8,73.4,1451917.29,235984.27,7244527.11,467925.31,132978.52,334946.79,2462519.06,8521461.59,17784822.1,3677.0,3092.0,1937.0,2839.47,5029.0,2498.0,8107.0,325621.0,287814.0,473312.0,9.1,1.5,0.49,0.46,1.15,1.36,0.7,0.57,0.22,0.43,1.96,0.71,0.97,0.53,1.1,1.66,1.01,0.17,0.91,1.26,0.86,0.76,0.72,0.69,0.7,0.79,0.73,0.75,0.6,74.8,0.81,0.61,1.18,0.49,0.44,0.88,0.1,0.82,0.81,0.39,72.46,175243.0,201879.0,155561.0,46318.0,138675.0,2582.0,541.0,2532.0,87.0,0.631,584.0,227.0,77.0,913.0,127.0,314.0,216.0,133.74,35153.0,85354.0,13710.0,1725.0,77.6,106.4,86.6,119.3,119.3,193186.0,27404.0,5578.0,1556.0,75.6,135085.0,127343.0,119555.0,18999.0,110855.0,16316.0,16415.0,11049.0,14.15,149.18,5.35,4.49,1.26,4.99,4.86,16.28,6.24,18.1,9.79,2.3,4.7,8.04,265343.0,19463.0,25272.0,1326.0,6147.0,30202.0,7329.0,8941.0,7717.0,81679.0,71.7,69.0,66.6,273545.9,165.68
2016-01-01,105.1,99.0,76.4,99.4,107.4,107.5,107.5,102.5,7761.0,11830.0,12661.0,6190.0,105.46,89.89,115.33,92.98,83.3,70.29,258.82,127.53,81.78,82.96,88.56,82.02038,101.46347,94.16962,89.04,57.08,110.34,69.6,68.2,71.4,1449710.04,233960.6,7191372.86,466812.15,132894.55,333917.6,2437221.0,8517505.45,17761950.24,3674.0,3110.0,1946.0,2859.26,5054.0,2515.0,8149.0,323572.0,287078.0,469544.0,9.6,2.28,0.81,0.45,-0.24,1.77,0.81,1.19,0.31,0.22,2.89,0.57,0.67,1.75,1.12,2.48,-0.06,0.24,0.92,1.29,0.63,0.94,0.74,0.69,0.87,0.84,0.86,0.84,0.95,77.48,0.36,0.93,0.92,1.14,1.53,1.78,0.39,1.37,0.69,1.14,72.1,192337.0,187760.0,150730.0,37029.0,147444.0,4158.0,1176.0,2353.0,75.0,0.612,492.0,203.0,76.0,800.0,134.0,246.0,182.0,126.85,1497.0,3259.0,1123.0,23.0,77.2,107.2,88.3,115.7,115.7,131253.0,18424.0,4346.0,1254.0,74.3,128292.0,124918.0,113511.0,17278.0,109073.0,14779.0,15270.0,10493.0,14.15,146.5,5.52,4.72,1.6,5.23,4.99,18.97,6.32,16.92,9.88,2.3,4.81,8.36,200658.0,11431.0,13054.0,827.0,5254.0,27936.0,6199.0,8920.0,5988.0,70509.0,70.0,67.3,65.1,264276.25,
2016-02-01,108.3,97.5,74.3,98.8,104.9,95.3,107.2,104.1,7714.0,11352.0,13525.0,6165.0,105.67,90.29,114.73,99.94,86.41,70.31,242.13,124.55,82.28,82.31,89.72,82.42553,101.35562,94.1603,95.23,66.52,114.36,68.6,67.8,69.8,1447222.59,232319.14,7147349.73,465663.14,132844.13,332819.02,2405256.89,8492798.25,17712906.94,3578.0,3128.0,1903.0,2863.72,5009.0,2492.0,8103.0,313438.0,283851.0,464244.0,10.3,1.06,-0.15,1.01,0.24,0.62,0.94,0.77,5.9,0.66,1.28,0.92,1.05,0.39,1.06,1.44,0.39,0.63,1.06,1.06,1.0,0.85,0.69,0.66,0.69,0.73,0.78,0.97,0.66,77.21,0.75,0.59,1.42,1.29,0.79,0.76,0.54,0.89,1.55,1.45,72.8,166515.0,193078.0,155818.0,37260.0,137507.0,5317.0,1509.0,2335.0,77.0,0.615,548.0,222.0,67.0,929.0,124.0,247.0,203.0,129.01,3517.0,6241.0,2100.0,34.0,77.6,108.3,87.7,114.8,114.8,122734.0,19367.0,3823.0,892.0,74.4,123831.0,126796.0,113054.0,16758.0,111744.0,13777.0,15294.0,10086.0,14.15,147.58,5.55,4.83,1.76,5.42,5.26,18.26,6.27,16.16,10.09,2.3,4.85,7.95,205487.0,10608.0,13761.0,1104.0,5579.0,29751.0,6380.0,9824.0,5669.0,71587.0,72.6,67.3,62.6,250935.68,
2016-03-01,108.6,98.3,76.2,99.2,106.4,99.5,107.9,102.1,7798.0,11316.0,13963.0,6402.0,103.81,89.34,108.21,95.78,85.41,70.67,244.45,137.12,80.3,81.38,88.41,81.94289,101.26588,93.85977,89.31,53.5,113.19,68.6,68.9,68.8,1442851.94,230496.85,7106408.43,465338.4,132661.98,332676.41,2365880.12,8462268.22,17658604.29,3258.0,3148.0,1828.0,2860.86,5026.0,2499.0,8380.0,285056.0,283630.0,458121.0,11.0,1.24,-0.64,0.7,0.69,0.16,0.78,0.6,0.63,-1.65,1.61,0.71,0.24,-0.36,0.69,1.51,0.59,0.31,0.89,0.52,0.43,0.23,0.65,0.61,0.48,0.61,0.48,0.36,0.59,69.44,0.76,0.5,0.43,0.51,0.43,0.5,0.64,0.97,0.58,0.44,71.85,176580.0,192866.0,152604.0,40262.0,193037.0,5661.0,1654.0,2264.0,81.0,0.568,553.0,226.0,59.0,964.0,117.0,230.0,204.0,126.37,5392.0,9462.0,3149.0,52.0,77.0,105.1,87.1,114.3,114.3,147641.0,25617.0,4822.0,1199.0,73.9,123615.0,126152.0,110268.0,15598.0,109987.0,14032.0,15923.0,12127.0,14.15,146.01,5.59,4.94,1.8,5.59,5.33,17.9,6.24,15.35,10.09,2.28,4.89,8.02,231281.0,14445.0,16849.0,1011.0,5429.0,31369.0,7204.0,10074.0,6469.0,73427.0,72.5,67.4,62.8,279678.43,163.31
2016-04-01,110.1,98.3,76.5,99.3,105.9,94.7,108.6,105.6,8046.0,11782.0,14014.0,6464.0,103.96,89.77,111.25,95.04,80.33,68.67,232.85,119.33,81.94,80.16,86.95,83.29211,102.24348,93.527,87.68,51.88,111.54,68.6,67.7,69.9,1437965.49,229034.05,7069649.86,464651.51,132229.42,332422.09,2330404.69,8428872.89,17619692.4,3250.0,3140.0,1850.0,2853.44,5033.0,2449.0,8293.0,285007.0,281892.0,456191.0,11.3,1.09,-0.38,0.26,0.4,0.03,2.33,0.23,0.2,1.47,1.14,0.2,0.58,0.69,0.59,0.71,0.54,0.29,0.48,0.68,0.43,0.65,0.62,0.57,0.54,0.67,0.78,0.82,0.59,66.76,0.59,0.57,0.51,0.33,0.36,0.49,0.55,0.46,0.4,0.29,72.43,161454.0,182544.0,145779.0,36765.0,164516.0,5197.0,1585.0,2290.0,87.0,0.602,547.0,222.0,63.0,959.0,112.0,243.0,202.0,117.53,6598.0,13856.0,4336.0,333.0,77.11,105.7,88.4,114.6,114.6,132062.0,25548.0,4191.0,1145.0,74.3,123157.0,126529.0,107410.0,16183.0,110611.0,14495.0,16065.0,11531.0,14.15,145.77,5.74,5.14,2.11,5.98,5.36,18.17,6.33,14.49,10.6,2.27,4.99,8.25,211721.0,12015.0,15273.0,1176.0,5299.0,29801.0,6691.0,9840.0,5679.0,70185.0,72.4,67.1,62.3,277713.83,
2016-05-01,112.9,98.3,82.0,99.0,105.9,102.6,107.0,102.4,7379.0,10932.0,13976.0,6397.0,103.24,90.04,109.73,93.74,79.91,68.15,228.43,118.52,80.24,81.36,87.04,84.35759,101.30935,92.72665,90.85,47.35,119.85,70.7,67.3,74.5,1441421.28,227056.68,7047204.22,463903.38,131866.78,332036.6,2297694.36,8409508.37,17596082.16,3216.0,3119.0,1909.0,2847.6,5051.0,2468.0,8363.0,281957.0,283505.0,451658.0,11.3,0.78,1.79,0.63,0.91,-0.58,1.62,1.35,0.16,0.01,0.87,0.71,0.37,1.4,0.59,0.81,0.81,0.64,0.7,0.49,0.51,0.99,0.6,0.62,0.62,0.73,0.81,0.95,0.6,63.0,0.73,0.54,0.86,0.82,1.13,0.64,0.08,0.57,0.6,0.98,72.31,174400.0,191727.0,150072.0,41655.0,172072.0,5332.0,1491.0,2487.0,100.0,0.628,508.0,232.0,51.0,913.0,112.0,268.0,188.0,128.8,8494.0,17535.0,5481.0,346.0,76.81,101.0,85.6,113.7,113.7,137429.0,24719.0,4059.0,1280.0,73.6,125198.0,127463.0,110133.0,15044.0,111645.0,13509.0,15470.0,10960.0,14.15,140.58,5.88,5.35,2.21,6.23,5.68,18.37,6.4,14.89,10.22,2.35,5.18,8.31,227095.0,13050.0,15455.0,1151.0,5583.0,31392.0,6858.0,10426.0,6080.0,75528.0,76.6,68.4,60.8,278446.86,
2016-06-01,111.4,97.1,77.7,98.4,104.6,99.4,105.2,103.4,6848.0,10614.0,13922.0,6207.0,102.14,88.91,110.09,92.48,77.49,67.85,227.45,114.57,80.35,80.15,85.37,84.8667,101.16944,93.31128,98.05,52.36,128.5,72.8,68.1,78.0,1440369.42,225424.38,7021730.2,462558.34,131457.06,331101.28,2261954.96,8392405.43,17566917.75,3223.0,3071.0,1942.0,2817.24,5070.0,2449.0,8014.0,281668.0,280395.0,450574.0,11.4,0.71,0.63,0.26,0.32,-0.53,0.83,0.35,0.11,0.04,0.71,0.25,0.33,0.24,0.39,0.68,0.3,-0.11,0.56,0.24,0.3,0.4,0.45,0.45,0.31,0.59,0.49,0.4,0.56,55.23,0.48,0.42,0.4,1.69,1.63,0.26,1.93,0.65,1.42,2.21,71.4,179502.0,186962.0,144477.0,42486.0,178856.0,5570.0,1824.0,2558.0,101.0,0.651,516.0,250.0,54.0,968.0,114.0,264.0,191.0,132.38,11080.0,21631.0,6651.0,763.0,77.05,103.1,87.6,111.9,111.9,139567.0,26849.0,4188.0,1198.0,73.8,121393.0,128827.0,106811.0,15411.0,112690.0,13965.0,16418.0,11898.0,14.15,144.18,5.71,5.17,1.92,5.99,5.5,17.85,6.23,14.69,9.64,2.23,5.12,8.26,229664.0,14648.0,17452.0,1147.0,5472.0,30363.0,7072.0,11111.0,6344.0,73868.0,76.6,69.0,61.8,282474.56,163.74
2016-07-01,113.6,97.5,77.6,100.7,103.9,105.0,103.6,102.3,6686.0,10381.0,14126.0,6106.0,101.66,89.83,101.53,93.0,76.68,68.18,224.79,116.76,79.98,80.27,85.02,81.40635,101.19905,93.33666,97.67,51.3,128.59,75.3,69.8,81.3,1435301.26,223712.82,7003842.24,461858.98,131450.27,330408.72,2221178.88,8385353.84,17551658.1,3252.0,3071.0,1942.0,2815.24,5076.0,2443.0,7951.0,283409.0,279598.0,452705.0,11.7,1.32,-0.29,0.53,-0.38,0.4,0.61,0.7,0.04,0.02,1.75,0.1,0.62,-0.1,0.71,1.33,-0.13,0.04,0.93,0.53,0.41,0.36,0.43,0.37,0.39,0.51,0.53,0.47,0.39,59.52,0.19,0.49,0.54,0.18,-0.39,0.37,0.49,0.35,1.06,-0.01,72.16,185845.0,202563.0,158583.0,43980.0,185053.0,5091.0,1635.0,2584.0,97.0,0.674,510.0,236.0,43.0,953.0,120.0,267.0,189.0,138.16,14541.0,25610.0,7668.0,772.0,76.55,99.8,87.3,110.7,110.7,146578.0,28192.0,4682.0,1947.0,73.8,121561.0,129458.0,104728.0,14930.0,114075.0,15792.0,15360.0,11137.0,14.15,142.1,5.79,5.27,1.95,5.89,5.33,18.4,6.28,15.68,9.76,2.26,5.16,8.31,205877.0,11506.0,13127.0,1129.0,5118.0,28738.0,6179.0,10488.0,6315.0,73225.0,78.9,70.6,62.6,287969.77,
2016-08-01,111.7,95.7,76.2,97.8,101.9,96.6,103.3,99.4,6750.0,10428.0,14262.0,6281.0,101.09,89.39,104.86,89.17,73.44,66.57,223.53,116.83,78.68,78.62,83.8,87.40392,99.33152,92.91874,100.05,54.69,130.29,77.2,70.2,84.5,1430438.2,223261.44,6995347.37,460999.31,131763.3,329236.01,2187306.06,8374924.13,17521120.88,3241.0,3094.0,1929.0,2827.91,5079.0,2471.0,7924.0,281692.0,281282.0,453845.0,11.9,0.3,0.3,0.36,0.15,0.27,0.8,0.96,0.99,-0.02,0.36,0.45,0.58,0.26,0.49,0.39,0.22,0.63,0.54,0.45,0.53,0.47,0.38,0.37,0.42,0.55,0.49,0.51,0.57,63.54,0.34,0.4,0.45,0.15,0.43,0.32,0.29,0.11,-0.27,0.04,71.65,149552.0,181319.0,143312.0,38007.0,174522.0,5211.0,1464.0,2609.0,105.0,0.684,526.0,250.0,47.0,995.0,117.0,274.0,195.0,144.24,18455.0,27752.0,8488.0,785.0,76.85,96.6,85.1,110.6,110.6,148967.0,29121.0,4385.0,1414.0,73.5,115152.0,128820.0,103207.0,13934.0,114173.0,12313.0,14379.0,9744.0,14.15,138.55,5.85,5.38,1.94,6.12,5.17,17.39,6.29,16.11,9.83,2.29,5.09,8.14,221869.0,13049.0,13876.0,1278.0,5630.0,31193.0,6555.0,11414.0,6888.0,77472.0,81.7,72.4,63.4,294391.38,
2016-09-01,114.1,96.9,75.2,98.8,103.4,100.1,104.4,96.0,6998.0,10890.0,14092.0,6398.0,100.76,88.31,104.61,88.48,74.36,66.85,221.1,116.65,77.39,77.46,83.16,90.83568,98.89074,92.84556,106.95,58.68,139.13,78.9,70.0,88.0,1426844.8,221816.17,6967405.85,460593.46,131534.54,329058.92,2148264.77,8364051.8,17487028.9,3233.0,3110.0,1931.0,2839.08,5037.0,2420.0,7902.0,281090.0,280190.0,455719.0,11.9,-0.29,0.63,-0.23,0.43,-0.1,0.33,0.1,0.18,0.18,-0.6,-0.06,0.33,0.37,-0.01,-0.47,0.42,-0.4,-0.04,0.02,0.17,0.2,0.34,0.34,0.18,0.34,0.3,0.21,0.29,56.84,0.23,0.42,0.23,0.2,0.03,0.07,0.33,-0.14,0.36,0.18,71.79,174613.0,177669.0,133300.0,44368.0,165115.0,4846.0,2144.0,2671.0,108.0,0.695,549.0,238.0,54.0,1001.0,114.0,282.0,203.0,140.47,20731.0,30889.0,9527.0,1049.0,76.76,96.2,85.6,113.6,113.6,130997.0,23974.0,4154.0,828.0,74.2,120716.0,125465.0,106231.0,16483.0,112425.0,13886.0,13664.0,9421.0,14.15,138.37,5.87,5.4,1.67,6.12,5.26,16.79,6.31,15.71,9.97,2.28,5.14,8.14,219440.0,15604.0,16395.0,1136.0,5380.0,29794.0,5618.0,8630.0,6282.0,73850.0,83.6,73.5,63.8,282386.66,162.87
2016-10-01,112.8,95.6,73.1,97.8,102.4,101.7,102.7,94.4,7031.0,10856.0,13973.0,6373.0,98.87,88.55,104.36,91.33,75.82,66.87,220.79,112.2,80.31,76.24,84.0,89.43547,98.40382,92.31024,105.98,59.11,137.23,79.6,70.5,88.8,1427773.83,220492.2,6954476.02,458705.95,131721.83,326984.12,2120904.56,8350400.98,17454000.61,3230.0,3127.0,1896.0,2841.46,5044.0,2413.0,7904.0,281465.0,280763.0,457314.0,11.9,-0.05,0.42,-0.13,0.45,0.75,0.43,0.01,0.02,0.07,-0.45,0.2,0.47,0.54,0.17,-0.14,0.28,-0.23,0.08,0.26,0.36,0.3,0.35,0.33,0.34,0.4,0.4,0.31,0.42,58.98,0.15,0.46,0.19,0.16,0.13,0.34,0.21,0.27,0.12,0.15,71.92,169982.0,180170.0,141848.0,38322.0,171281.0,4635.0,1654.0,2624.0,101.0,0.682,536.0,222.0,65.0,940.0,114.0,243.0,198.0,142.23,23028.0,34086.0,10791.0,1056.0,76.52,94.4,84.1,111.0,111.0,132346.0,22510.0,3419.0,757.0,73.3,119997.0,130622.0,107792.0,15614.0,116507.0,11659.0,14157.0,10580.0,14.05,134.02,5.89,5.51,1.61,6.15,5.24,17.67,6.24,15.69,9.29,2.28,5.2,8.07,216059.0,14418.0,15744.0,1167.0,5799.0,30805.0,6291.0,9843.0,6422.0,76803.0,83.9,73.7,63.9,288332.61,
2016-11-01,115.4,95.7,76.7,97.8,103.0,105.2,101.7,94.5,7335.0,11134.0,13952.0,6366.0,99.16,87.94,102.14,90.52,76.17,66.5,223.41,122.63,80.33,79.12,84.23,91.16055,98.53885,92.21388,110.3,60.1,143.76,79.0,71.0,87.3,1428218.82,219090.41,6933492.64,455967.07,131701.84,324265.23,2087989.81,8326887.63,17407866.53,3356.0,3128.0,1881.0,2837.15,5108.0,2400.0,7904.0,292450.0,281981.0,460141.0,12.0,-0.2,0.3,-0.16,0.2,0.28,0.57,0.47,0.06,0.27,-0.47,0.26,0.41,0.22,0.17,-0.06,0.19,-0.21,0.12,0.2,0.35,0.32,0.36,0.35,0.35,0.39,0.38,0.32,0.29,57.1,0.23,0.43,0.26,-0.03,0.05,0.17,0.16,0.15,0.06,-0.16,72.33,208588.0,199406.0,145046.0,54360.0,212126.0,5362.0,1596.0,2609.0,111.0,0.699,567.0,230.0,50.0,923.0,112.0,211.0,210.0,136.56,24761.0,38475.0,12171.0,1062.0,76.54,97.1,84.7,109.9,109.9,148675.0,24872.0,3788.0,803.0,74.2,117641.0,129886.0,105080.0,15169.0,114529.0,12195.0,15392.0,11768.0,13.9,137.89,5.83,5.48,1.44,6.09,5.25,17.43,6.16,15.32,9.14,2.35,5.26,7.77,227695.0,15552.0,16732.0,1076.0,5400.0,30656.0,5931.0,10216.0,7088.0,82662.0,82.1,72.5,63.3,285381.96,
2016-12-01,117.6,97.5,76.6,98.5,105.8,109.5,105.0,95.9,7526.0,11357.0,13544.0,6366.0,100.94,86.01,98.14,92.42,77.36,66.44,226.02,134.38,84.41,83.0,84.91,89.36928,98.34782,92.06215,110.73,72.63,136.13,77.8,70.9,85.0,1432277.68,218037.65,6927216.82,454423.13,132049.16,322373.97,2066669.8,8324874.55,17390571.22,3668.0,3127.0,1858.0,2829.11,5149.0,2405.0,8254.0,317819.0,283402.0,465943.0,12.1,0.08,-0.59,-0.31,0.32,1.11,0.49,1.01,0.07,0.02,-0.05,0.36,0.65,-0.01,0.4,0.32,0.41,-0.4,0.32,0.47,0.53,0.31,0.36,0.36,0.38,0.37,0.4,0.5,0.3,59.79,0.36,0.35,0.19,0.54,0.83,0.33,0.34,0.72,0.2,0.69,71.12,234027.0,215582.0,153894.0,61688.0,196068.0,4102.0,973.0,2730.0,118.0,0.703,625.0,232.0,58.0,853.0,118.0,232.0,231.0,130.68,28609.0,44217.0,13898.0,1533.0,76.71,98.8,85.7,107.8,107.8,169971.0,29002.0,4446.0,927.0,73.2,113331.0,132410.0,102678.0,14801.0,114359.0,11856.0,18088.0,12568.0,13.65,144.71,5.71,5.26,1.04,5.99,4.99,17.14,6.13,17.43,9.22,2.33,5.15,7.65,249582.0,19676.0,19774.0,1436.0,5057.0,30253.0,5807.0,9445.0,7780.0,84712.0,80.4,71.6,63.1,265560.6,162.68
2017-01-01,119.3,98.0,78.3,99.4,108.4,109.3,108.5,97.6,7778.0,11906.0,13191.0,6516.0,99.73,93.67,114.71,97.65,77.6,68.8,229.7,116.71,79.15,85.42,88.61,94.86355,97.0467,92.16968,102.25,68.19,124.95,80.0,73.5,86.7,1430977.77,218299.15,6907717.84,455228.01,132264.63,322963.39,2044703.51,8330025.42,17378357.78,3700.0,3124.0,1892.0,2836.5,5227.0,2427.0,8212.0,318642.0,282822.0,471910.0,12.7,0.35,0.17,-0.1,-0.36,0.77,0.55,0.45,0.29,0.63,0.17,0.12,0.37,0.8,0.25,0.32,-0.24,-0.05,0.24,0.25,0.27,0.38,0.3,0.27,0.4,0.38,0.43,0.4,0.52,63.27,0.02,0.45,0.31,0.64,0.43,0.69,0.41,0.32,0.88,0.7,73.96,215446.0,207277.0,148423.0,58854.0,173825.0,4482.0,1069.0,2687.0,114.0,0.691,551.0,205.0,48.0,803.0,124.0,180.0,204.0,144.77,933.0,2499.0,1281.0,6.0,76.91,97.5,84.5,108.4,108.4,121378.0,22175.0,2940.0,707.0,75.1,117510.0,132426.0,105387.0,15133.0,115759.0,11352.0,16318.0,12670.0,13.17,140.72,5.76,5.4,1.32,6.03,4.89,17.32,6.09,16.16,9.03,2.34,5.16,7.64,212483.0,12678.0,12718.0,1020.0,4722.0,30342.0,6195.0,10773.0,7137.0,78436.0,83.7,74.0,64.7,286332.23,
2017-02-01,120.9,99.1,82.7,100.0,109.1,112.3,108.0,97.3,7684.0,11370.0,13491.0,6332.0,99.93,92.61,116.65,98.19,76.44,69.28,228.93,112.55,79.11,84.58,88.76,100.16193,99.74469,92.45426,113.8,74.55,139.96,80.6,73.5,87.9,1436628.62,217193.26,6893287.96,456005.35,132446.41,323558.94,2020254.05,8331288.66,17369385.8,3620.0,3145.0,1920.0,2861.62,5274.0,2432.0,8158.0,310291.0,282001.0,469914.0,13.3,-0.45,0.24,0.18,-0.13,0.24,0.65,0.31,5.04,0.66,-0.75,0.08,0.84,0.58,0.25,-0.47,-0.02,0.13,-0.12,0.57,0.54,0.59,0.26,0.26,0.28,0.26,0.33,0.64,0.31,50.94,0.19,0.3,0.54,0.08,0.06,0.31,0.65,-0.08,0.14,-0.09,75.02,222927.0,224660.0,156349.0,68311.0,195091.0,5314.0,1358.0,2676.0,108.0,0.671,582.0,217.0,45.0,906.0,113.0,195.0,215.0,141.37,1902.0,5763.0,2340.0,11.0,76.53,98.9,84.2,108.3,108.3,112374.0,20017.0,2611.0,647.0,74.6,108765.0,128105.0,99924.0,13907.0,111807.0,11954.0,16857.0,12419.0,12.82,143.27,5.67,5.3,1.26,5.76,4.75,16.17,6.0,15.96,8.73,2.31,5.1,7.67,187407.0,14673.0,10902.0,902.0,4183.0,25714.0,5769.0,11157.0,6129.0,68190.0,85.9,74.3,62.9,266414.4,
2017-03-01,119.2,97.3,77.1,99.4,105.9,105.1,106.1,99.4,7965.0,12149.0,13937.0,6538.0,101.16,86.32,117.06,102.17,77.12,68.23,248.06,120.09,80.32,85.34,86.55,98.89873,99.5798,92.4165,109.38,66.79,137.77,83.1,74.4,92.0,1443099.11,216633.54,6882916.15,455841.47,132233.16,323608.31,2003723.57,8322696.13,17339901.98,3307.0,3165.0,1925.0,2877.98,5253.0,2454.0,8131.0,284499.0,282241.0,470828.0,13.9,0.34,1.18,-0.29,-0.12,-0.86,0.69,0.52,0.95,-0.63,0.31,-0.15,0.34,0.48,0.18,0.18,-0.05,-0.29,-0.11,0.42,0.14,0.42,0.27,0.26,0.24,0.28,0.25,0.24,0.37,55.76,0.08,0.39,0.15,0.01,-0.38,0.47,0.16,0.14,0.05,-0.17,73.13,207303.0,219509.0,157567.0,61942.0,228930.0,5952.0,1686.0,2550.0,97.0,0.637,585.0,240.0,60.0,984.0,115.0,205.0,216.0,144.52,3117.0,8584.0,3345.0,19.0,76.87,100.8,84.3,110.1,110.1,158055.0,25761.0,4120.0,1169.0,74.6,118568.0,140973.0,107779.0,14293.0,124729.0,10743.0,16262.0,12231.0,12.15,141.09,5.81,5.63,1.16,6.76,4.5,10.59,5.97,15.45,8.75,2.33,5.02,7.43,249510.0,20886.0,16017.0,1463.0,6018.0,34159.0,6915.0,12389.0,7884.0,85449.0,87.7,75.0,62.6,306997.27,164.36
2017-04-01,118.5,97.4,79.7,99.9,104.4,105.6,104.2,93.9,7697.0,11135.0,14182.0,6454.0,100.48,88.68,121.17,99.87,78.32,68.81,228.7,127.74,81.43,85.74,88.54,95.85011,99.38628,92.82509,109.01,71.32,134.14,84.3,76.8,92.0,1448448.8,216396.59,6880129.9,456094.48,132334.3,323760.18,1986989.62,8322232.14,17339076.85,3281.0,3164.0,1878.0,2863.37,5156.0,2437.0,8173.0,283684.0,281927.0,478620.0,13.7,0.58,-1.09,-0.28,0.48,-0.06,1.0,0.09,0.03,0.55,0.68,-0.03,0.49,-0.6,0.37,0.34,0.39,-0.06,0.01,0.68,0.28,0.15,0.25,0.22,0.3,0.34,0.31,0.42,0.32,60.59,0.13,0.29,0.21,-1.1,-1.24,0.12,-0.02,0.61,-0.76,-1.77,73.67,201799.0,221588.0,160636.0,60952.0,184162.0,5900.0,1492.0,2539.0,110.0,0.645,559.0,216.0,49.0,869.0,109.0,207.0,207.0,147.67,4490.0,12557.0,4296.0,36.0,76.61,98.9,84.0,110.8,110.8,131499.0,20858.0,3488.0,1062.0,74.5,115501.0,137358.0,102974.0,12872.0,120603.0,13009.0,16483.0,12532.0,11.59,138.49,5.83,5.71,1.2,6.87,4.43,11.33,5.94,15.02,8.58,2.36,4.94,7.58,202388.0,14997.0,11000.0,1026.0,3833.0,28447.0,6178.0,10956.0,6301.0,74376.0,87.1,75.8,64.8,273653.05,
2017-05-01,118.4,98.0,80.0,99.9,106.2,112.6,104.7,94.7,7248.0,10939.0,13665.0,6342.0,101.56,89.46,115.46,102.69,79.66,69.2,225.19,127.09,81.97,85.34,88.43,95.73551,99.21523,92.93029,103.49,66.45,128.18,84.4,77.4,91.8,1454705.92,215804.29,6880500.01,455709.83,131776.41,323933.42,1980046.75,8324273.56,17358040.02,3258.0,3163.0,1872.0,2855.9,5143.0,2440.0,8016.0,283484.0,282927.0,482804.0,13.4,-0.35,2.14,-0.23,0.98,-0.42,0.62,0.23,0.08,0.09,-0.56,0.07,0.05,1.56,-0.08,-0.44,0.81,-0.4,0.02,-0.16,0.05,0.51,0.23,0.25,0.12,0.23,0.18,0.18,0.32,51.74,0.4,0.15,0.24,-0.93,-0.51,0.52,0.63,-0.05,-1.1,-1.56,73.28,229462.0,224118.0,164213.0,59905.0,243690.0,7576.0,2132.0,2653.0,115.0,0.659,561.0,238.0,44.0,936.0,110.0,211.0,207.0,146.42,5842.0,16324.0,5504.0,48.0,77.15,100.8,84.9,111.9,111.9,163284.0,26831.0,4119.0,1317.0,74.4,114090.0,140305.0,101798.0,12479.0,123420.0,10969.0,16587.0,11786.0,11.15,142.89,6.04,6.06,1.33,7.42,4.41,11.79,6.02,15.48,8.59,2.41,4.96,7.65,233296.0,17774.0,12817.0,1391.0,4963.0,32003.0,7392.0,13750.0,7753.0,86452.0,85.2,74.1,63.2,303614.57,
2017-06-01,119.4,99.1,82.4,100.6,106.7,111.2,105.7,96.0,7010.0,10791.0,14017.0,6328.0,102.25,90.45,116.96,105.6,80.97,69.97,224.22,121.96,84.17,87.04,89.78,92.22073,100.06342,93.83785,100.06,70.81,119.56,82.5,78.1,87.3,1452962.39,215344.96,6879420.01,455084.26,131843.93,323240.34,1965278.37,8328308.24,17365522.45,3271.0,3169.0,1887.0,2861.38,5128.0,2417.0,7848.0,285596.0,283583.0,482101.0,13.1,-0.5,-0.77,-0.07,0.21,-0.52,0.46,0.33,0.08,0.09,-0.93,-0.12,0.43,-0.83,-0.04,-0.81,0.06,0.1,-0.25,0.13,0.21,0.08,0.28,0.28,0.22,0.28,0.24,0.34,0.26,47.18,0.04,0.45,0.16,-0.67,-0.96,-0.32,0.93,0.05,-0.62,-1.22,75.53,219999.0,236004.0,173258.0,62746.0,205805.0,6797.0,2236.0,2675.0,120.0,0.699,576.0,246.0,44.0,981.0,111.0,220.0,213.0,137.29,6944.0,19631.0,6887.0,53.0,77.06,99.9,84.4,113.0,113.0,161030.0,28025.0,4179.0,1562.0,73.9,125753.0,142235.0,111796.0,14482.0,124903.0,12193.0,17777.0,13296.0,10.15,142.77,5.64,5.42,1.02,6.74,3.93,10.3,5.84,15.21,8.17,2.34,4.89,7.45,244643.0,24822.0,16051.0,1375.0,4997.0,30550.0,7375.0,12966.0,7457.0,81778.0,85.6,74.6,64.0,298649.96,165.74
2017-07-01,115.9,99.6,83.0,101.3,108.1,112.8,107.2,96.1,6655.0,10429.0,14061.0,6168.0,100.19,90.7,115.89,104.44,81.2,69.84,216.68,126.58,83.84,88.29,89.73,91.26823,99.37645,93.96733,104.78,73.52,125.62,83.3,78.9,88.1,1451555.49,214754.23,6886948.31,453456.17,131641.3,321814.88,1956228.6,8347761.16,17390948.44,3280.0,3164.0,1876.0,2852.71,5084.0,2426.0,7946.0,287604.0,284776.0,476342.0,12.9,-0.47,1.64,-0.23,-0.42,0.34,0.37,0.36,-0.02,-0.02,-0.81,-0.25,0.34,1.28,-0.09,-0.54,-0.35,-0.43,-0.4,0.16,0.11,0.4,0.13,0.1,0.17,0.15,0.19,0.16,0.16,41.82,-0.2,0.31,-0.18,-0.72,-0.3,0.38,0.3,-0.01,-0.84,-1.16,75.4,224731.0,231150.0,168252.0,62898.0,216462.0,7093.0,2276.0,2623.0,111.0,0.723,549.0,242.0,50.0,978.0,120.0,214.0,203.0,138.85,8730.0,22972.0,8129.0,392.0,77.35,101.3,84.4,111.0,111.0,151677.0,27132.0,4524.0,1467.0,74.3,115403.0,141723.0,104206.0,12148.0,125555.0,10765.0,16169.0,9993.0,10.01,144.32,5.71,5.6,1.15,6.83,3.76,16.07,5.81,14.78,8.14,2.4,4.76,7.34,215887.0,18504.0,10773.0,1307.0,4857.0,29511.0,6532.0,11977.0,7606.0,83574.0,85.5,74.9,64.5,305010.05,
2017-08-01,114.5,99.9,82.8,100.0,109.0,116.5,107.1,96.6,6719.0,10475.0,14328.0,6368.0,98.02,89.72,113.76,104.73,84.08,69.65,211.39,114.84,82.75,88.2,90.14,95.08767,99.83309,93.42439,101.48,69.31,122.93,84.1,79.5,88.9,1447566.54,214369.92,6882657.6,453053.26,131344.31,321708.94,1948409.33,8348577.65,17385944.17,3295.0,3172.0,1891.0,2862.26,5073.0,2409.0,7983.0,289679.0,285501.0,472049.0,12.7,-1.07,0.57,0.2,0.29,1.53,0.41,0.29,0.24,-0.56,-1.84,0.26,0.01,1.73,-0.32,-1.11,0.24,0.09,-0.34,-0.29,0.11,0.16,0.08,0.14,0.13,0.26,0.24,0.15,0.3,46.38,0.04,0.21,0.35,0.1,0.24,0.13,0.36,0.1,-0.17,-0.05,76.41,232099.0,241049.0,173711.0,67338.0,255809.0,8488.0,2192.0,2576.0,100.0,0.703,547.0,250.0,80.0,1015.0,117.0,248.0,202.0,145.45,9885.0,25389.0,9269.0,404.0,77.33,101.1,84.2,112.8,112.8,180881.0,28974.0,4821.0,1844.0,73.7,117548.0,139653.0,109354.0,12193.0,122118.0,8871.0,16685.0,11193.0,9.15,143.86,5.7,5.57,1.06,6.91,3.49,13.71,5.81,15.71,8.47,2.41,4.57,7.1,236178.0,20335.0,11954.0,1426.0,5421.0,30740.0,6920.0,13264.0,8604.0,83415.0,87.9,76.4,65.1,329662.46,
2017-09-01,115.0,100.8,82.6,101.1,108.1,120.8,105.1,96.9,7115.0,11097.0,14305.0,6521.0,97.01,92.36,114.57,101.41,83.32,71.94,204.8,115.61,85.0,90.6,90.78,91.50566,99.98567,93.38083,99.67,70.12,119.38,85.8,81.9,89.9,1444136.91,214026.41,6873432.95,451828.54,131249.8,320578.75,1939815.94,8347226.81,17372103.41,3293.0,3186.0,1929.0,2877.79,5080.0,2414.0,8040.0,290628.0,287713.0,472345.0,12.5,-0.41,-0.12,0.13,0.28,0.79,0.32,0.56,0.04,0.5,-0.74,0.18,0.5,0.24,0.14,-0.37,0.12,0.04,0.0,0.25,0.37,0.13,0.2,0.22,0.24,0.24,0.26,0.3,0.16,52.01,0.17,0.25,0.11,0.47,0.62,-0.02,0.06,0.02,0.39,0.74,78.21,244382.0,241531.0,176548.0,64983.0,230477.0,7599.0,1687.0,2653.0,114.0,0.717,536.0,236.0,81.0,1018.0,115.0,275.0,198.0,150.28,10711.0,28442.0,10392.0,424.0,77.49,101.8,85.0,110.1,110.1,168008.0,25562.0,4542.0,1105.0,73.6,116532.0,141261.0,106398.0,12412.0,126037.0,9465.0,15978.0,11853.0,8.35,145.42,5.51,5.27,0.93,6.76,3.23,13.28,5.7,15.27,8.29,2.39,4.44,7.01,225178.0,23142.0,11990.0,1494.0,5216.0,29084.0,6635.0,11531.0,7721.0,81017.0,88.7,77.2,66.1,308401.77,166.1
2017-10-01,116.6,101.3,82.8,101.5,109.4,118.5,107.3,95.3,7309.0,11175.0,14263.0,6639.0,98.33,92.4,109.53,101.31,82.75,71.09,209.87,116.74,82.93,88.58,90.04,88.0511,100.63886,93.67407,102.81,73.0,122.69,88.9,83.5,94.4,1454575.69,213621.76,6899942.34,451376.54,130952.63,320423.91,1941840.64,8362078.26,17395988.54,3294.0,3198.0,1921.0,2883.85,5096.0,2411.0,8064.0,291907.0,289807.0,474499.0,12.3,-0.05,1.33,-0.39,0.71,0.49,0.52,0.32,0.06,0.4,-0.17,0.32,0.37,0.98,0.24,0.01,0.57,0.05,0.03,0.41,0.35,0.43,0.25,0.28,0.31,0.34,0.32,0.35,0.3,56.57,0.32,0.25,0.34,0.2,0.1,0.33,0.31,0.32,0.49,0.16,77.79,240056.0,237682.0,172667.0,65016.0,244137.0,8241.0,1528.0,2627.0,115.0,0.721,524.0,223.0,87.0,997.0,117.0,279.0,194.0,149.12,11551.0,31229.0,11741.0,651.0,77.66,103.2,83.9,110.6,110.6,166842.0,29777.0,5055.0,1170.0,74.1,121179.0,143832.0,108944.0,12046.0,127496.0,10837.0,16345.0,13138.0,8.01,144.47,5.48,5.3,1.01,6.85,3.04,12.83,5.64,14.82,8.4,2.43,4.3,6.77,236677.0,19713.0,12691.0,1712.0,5285.0,31579.0,6877.0,12627.0,8498.0,87851.0,89.6,77.6,66.0,321575.18,
2017-11-01,116.1,101.8,83.5,102.4,109.2,123.8,105.3,99.0,7491.0,11462.0,14409.0,6503.0,96.43,92.78,111.27,102.77,85.04,71.21,218.55,111.58,85.01,90.64,91.3,91.80789,100.75132,93.73995,103.96,72.38,125.01,88.8,84.0,93.8,1456305.17,213087.0,6902244.12,450997.07,130348.69,320648.38,1937273.22,8353676.41,17394038.94,3406.0,3227.0,1893.0,2893.86,5137.0,2423.0,7965.0,302583.0,292241.0,477549.0,12.1,-0.38,1.27,-0.45,0.1,0.52,0.34,0.42,0.03,0.15,-0.72,0.08,0.12,1.32,-0.07,-0.29,0.09,-0.43,-0.13,-0.02,0.1,0.22,0.07,0.12,0.13,0.2,0.19,0.08,0.24,46.38,0.05,0.17,0.32,0.52,0.8,0.36,0.31,0.29,0.24,0.66,78.36,243887.0,246349.0,172738.0,73612.0,244242.0,8166.0,1665.0,2595.0,110.0,0.713,526.0,230.0,72.0,973.0,119.0,281.0,194.0,156.42,12646.0,34638.0,13094.0,666.0,77.84,103.9,84.9,109.3,109.3,168888.0,28366.0,5496.0,1446.0,74.7,122329.0,145801.0,112533.0,13146.0,129472.0,9387.0,16234.0,12035.0,7.4,144.4,5.35,5.19,0.88,6.8,2.92,11.98,5.48,14.21,8.28,2.42,4.27,6.41,245740.0,22314.0,13728.0,1470.0,7613.0,31661.0,6601.0,12424.0,8731.0,92949.0,89.6,78.8,68.2,316734.85,
2017-12-01,114.5,105.0,87.3,104.0,113.4,132.2,108.6,103.7,7620.0,11441.0,14181.0,6389.0,94.9,93.32,114.8,103.75,86.8,72.02,211.04,117.37,86.03,93.33,93.1,96.13966,102.12043,94.46191,109.46,82.84,127.2,90.5,85.3,95.9,1460720.78,212708.67,6911209.18,450247.74,129300.28,320947.46,1944525.75,8376124.68,17429880.52,3721.0,3229.0,1830.0,2881.44,5139.0,2439.0,8009.0,329044.0,292994.0,481559.0,11.9,0.54,-0.4,0.03,0.84,1.23,0.4,0.42,0.15,-0.11,0.42,0.46,0.6,0.21,0.52,0.48,0.67,0.14,0.49,0.54,0.54,0.29,0.38,0.38,0.45,0.46,0.49,0.46,0.4,56.84,0.34,0.41,0.35,0.89,0.74,0.21,0.07,0.55,0.9,1.24,78.28,256643.0,231842.0,169170.0,62672.0,210939.0,7436.0,1322.0,2612.0,119.0,0.713,571.0,223.0,39.0,863.0,125.0,304.0,211.0,153.86,14364.0,41331.0,14375.0,680.0,77.67,105.4,86.9,106.7,106.7,171978.0,32865.0,6174.0,1603.0,75.2,127613.0,145813.0,118267.0,15185.0,130187.0,11180.0,16078.0,13608.0,7.0,150.72,4.99,4.62,0.6,6.44,2.68,10.14,5.31,16.24,7.91,2.4,4.18,6.16,273365.0,32218.0,18378.0,1720.0,6767.0,29269.0,7106.0,11972.0,9035.0,93717.0,92.1,80.6,69.3,283745.91,167.0
2018-01-01,117.4,102.1,87.4,101.5,111.5,125.4,108.4,99.4,7612.0,11957.0,13900.0,6602.0,94.96,96.65,115.48,101.49,89.63,71.69,217.83,118.39,86.66,90.39,93.3,97.02512,101.16558,93.99061,116.96,89.99,134.94,90.6,85.9,95.6,1463684.16,212500.93,6921755.82,451672.86,129372.3,322300.56,1942222.2,8399415.51,17474047.76,3752.0,3225.0,1860.0,2888.56,5224.0,2458.0,8032.0,329812.0,292778.0,488509.0,12.3,0.74,-0.85,0.14,-0.98,1.1,0.42,0.22,0.22,0.11,1.12,0.01,0.16,0.2,0.32,0.9,-0.66,0.23,0.01,0.57,0.1,-0.03,-0.01,-0.03,0.19,0.28,0.19,0.19,0.15,57.91,-0.33,0.18,0.39,0.76,0.58,0.69,0.31,0.46,0.79,0.91,79.5,248287.0,248721.0,179944.0,68778.0,210565.0,6707.0,1945.0,2615.0,109.0,0.707,502.0,211.0,43.0,839.0,132.0,279.0,186.0,147.23,400.0,2501.0,936.0,18.0,77.69,102.2,85.6,108.1,108.1,149041.0,26496.0,4593.0,1115.0,75.3,124946.0,151013.0,114898.0,13463.0,133581.0,9039.0,16728.0,13047.0,6.9,146.43,5.15,4.92,0.81,6.7,2.77,10.75,5.34,15.2,8.06,2.48,4.17,6.01,237831.0,20038.0,11175.0,1503.0,5026.0,30985.0,7571.0,13150.0,9058.0,92960.0,94.8,81.9,69.3,298990.14,
2018-02-01,115.1,101.5,88.2,100.7,111.1,126.7,107.2,98.6,7572.0,11659.0,13563.0,6413.0,94.23,94.55,112.18,101.99,91.43,72.41,221.09,120.86,86.32,90.63,93.79,93.76847,101.05658,93.85911,120.57,99.09,134.89,91.8,86.8,96.9,1460141.82,212542.48,6924480.19,452206.47,129336.22,322870.24,1935022.63,8407469.21,17504415.94,3644.0,3213.0,1859.0,2883.14,5295.0,2464.0,8083.0,318757.0,292175.0,482891.0,12.7,-0.33,0.22,0.03,-0.38,0.74,0.38,0.17,3.89,0.05,-0.61,0.05,0.74,0.55,0.24,-0.32,-0.35,0.22,-0.2,0.61,0.47,0.4,0.07,0.12,0.2,0.25,0.25,0.48,0.17,48.53,-0.14,0.31,0.38,0.07,0.15,0.17,0.13,-0.42,0.23,-0.02,79.42,233664.0,242016.0,176665.0,65350.0,203610.0,7780.0,2108.0,2617.0,111.0,0.691,514.0,223.0,43.0,926.0,121.0,279.0,190.0,148.97,893.0,4225.0,1652.0,40.0,77.83,101.7,84.1,110.0,110.0,129782.0,21857.0,4107.0,1134.0,76.2,134234.0,150543.0,126795.0,14028.0,133698.0,9591.0,16606.0,13293.0,6.72,145.76,5.08,4.89,0.8,7.03,2.73,10.16,5.23,13.48,7.85,2.42,4.08,6.09,228176.0,19637.0,10875.0,1752.0,4811.0,29492.0,6956.0,12728.0,7328.0,82817.0,91.9,81.0,70.4,275140.5,
2018-03-01,116.3,102.8,91.6,101.2,113.0,133.5,108.4,98.5,7866.0,11950.0,14731.0,6592.0,95.88,94.09,115.75,101.56,96.24,72.63,226.76,114.19,86.44,90.2,94.29,93.13043,101.1325,93.96775,115.64,92.09,131.35,91.8,86.6,97.3,1454481.83,212729.93,6923235.22,452664.71,129311.52,323353.19,1934699.53,8414869.87,17538778.59,3352.0,3183.0,1891.0,2867.37,5331.0,2459.0,8201.0,293851.0,290621.0,482404.0,13.2,0.07,0.19,0.08,0.33,-0.25,0.48,0.05,0.28,-0.33,-0.18,0.13,0.08,0.23,0.04,-0.07,0.23,0.0,-0.13,0.17,0.1,0.13,0.23,0.27,0.13,0.26,0.19,0.13,0.15,50.4,0.15,0.36,0.1,0.64,0.56,0.17,0.24,0.0,0.45,0.89,80.78,258725.0,248367.0,185568.0,62799.0,254759.0,9947.0,2833.0,2557.0,114.0,0.673,537.0,222.0,45.0,979.0,118.0,279.0,199.0,155.83,1668.0,6718.0,2718.0,49.0,77.9,102.5,84.4,110.9,110.9,172842.0,27204.0,5968.0,1339.0,76.5,128867.0,151352.0,119119.0,13595.0,134638.0,10340.0,16635.0,13086.0,6.58,148.16,4.88,4.54,0.73,6.69,2.54,9.31,5.17,13.97,7.81,2.43,4.01,6.02,258876.0,25721.0,14383.0,2044.0,6534.0,30681.0,7741.0,13369.0,9038.0,91063.0,92.7,81.6,70.9,311301.63,168.04
2018-04-01,118.0,102.8,90.8,102.6,112.9,131.4,108.8,100.4,7847.0,11933.0,14378.0,6563.0,99.49,95.49,114.06,102.27,98.1,74.79,205.82,130.52,86.65,92.3,95.9,94.23991,103.09611,94.49313,109.94,85.2,126.44,90.4,87.0,94.1,1447352.54,212820.82,6927811.37,453276.94,129421.37,323855.56,1937286.56,8424024.21,17576910.66,3341.0,3200.0,1923.0,2882.2,5310.0,2445.0,8229.0,293317.0,292167.0,475467.0,13.0,0.09,0.17,0.22,0.62,0.0,0.91,0.12,0.08,-0.07,0.27,0.06,0.03,0.6,0.09,0.12,0.43,-0.05,-0.01,0.17,0.04,0.2,0.09,0.15,0.04,0.21,0.13,0.21,0.15,53.89,0.29,0.06,0.21,0.57,0.93,0.34,0.29,-0.03,0.56,0.71,80.25,264690.0,271069.0,201733.0,69336.0,254154.0,9095.0,3300.0,2597.0,117.0,0.684,516.0,229.0,35.0,968.0,120.0,270.0,191.0,151.21,2549.0,8948.0,3669.0,60.0,77.97,103.0,85.7,110.9,110.9,178803.0,31137.0,6222.0,1160.0,76.6,134522.0,149183.0,123092.0,15230.0,132388.0,11692.0,16808.0,13119.0,6.4,147.61,4.75,4.26,0.83,5.96,2.17,9.11,5.16,13.3,7.91,2.42,3.99,6.04,256169.0,23641.0,15015.0,2163.0,5455.0,31665.0,7811.0,13292.0,8904.0,89850.0,93.2,82.0,71.0,296677.0,
2018-05-01,120.3,89.9,73.3,94.7,94.8,98.2,94.0,86.8,7418.0,11401.0,13863.0,6634.0,93.19,96.07,112.52,96.81,81.84,72.22,198.3,118.16,87.52,83.17,90.57,92.14062,95.85474,92.40663,113.5,83.82,133.29,89.2,87.2,91.3,1444750.18,212665.71,6923304.81,453723.55,129355.69,324367.87,1937370.96,8423989.65,17612172.98,3336.0,3191.0,1941.0,2876.65,5308.0,2448.0,8319.0,293747.0,292744.0,472944.0,12.8,0.32,0.83,-0.06,0.58,0.4,0.57,0.11,0.06,0.16,0.36,0.13,-0.09,1.37,0.07,0.19,0.54,0.0,0.02,0.12,0.0,0.25,0.12,0.19,0.18,0.22,0.21,0.12,0.31,55.35,0.38,0.05,0.14,1.38,1.64,0.41,0.23,0.19,1.11,1.97,80.83,186749.0,218581.0,165583.0,52998.0,203081.0,7423.0,1825.0,2607.0,111.0,0.704,454.0,210.0,26.0,765.0,118.0,267.0,168.0,135.17,3602.0,13821.0,4727.0,78.0,75.45,84.2,84.3,109.6,109.6,164415.0,30496.0,5717.0,1242.0,76.3,133425.0,152811.0,120003.0,12994.0,134965.0,11705.0,17547.0,12518.0,6.4,107.13,4.7,4.19,0.83,5.92,2.04,8.76,5.12,13.18,7.77,2.4,4.06,6.04,256705.0,24743.0,12555.0,1999.0,6219.0,30626.0,8394.0,14484.0,8710.0,91311.0,94.4,82.2,70.3,242134.15,
2018-06-01,119.0,103.4,91.6,102.7,112.6,129.6,108.6,101.0,6885.0,11066.0,13778.0,6504.0,90.41,92.82,113.38,105.23,90.26,73.24,196.56,121.43,91.46,93.58,92.94,99.04232,99.47033,94.33867,104.0,77.95,121.36,87.0,86.1,88.0,1448176.85,212268.26,6908115.28,456323.56,129492.31,326831.26,1930151.18,8407799.13,17626468.09,3336.0,3185.0,1989.0,2886.34,5267.0,2459.0,8052.0,295204.0,293168.0,465447.0,12.6,2.03,2.48,0.34,-0.16,1.58,0.37,0.33,0.02,0.0,3.09,0.19,0.26,2.49,0.83,2.29,-0.07,0.0,1.4,0.37,0.23,0.63,0.32,0.25,0.42,0.42,0.58,0.24,0.42,65.54,0.05,0.39,1.11,1.87,1.48,1.19,0.97,1.01,1.86,2.33,79.1,266835.0,235055.0,178238.0,56817.0,244731.0,8635.0,2944.0,2590.0,117.0,0.723,482.0,266.0,30.0,1051.0,121.0,313.0,178.0,151.89,5012.0,16883.0,5764.0,97.0,77.68,109.0,85.6,108.6,108.6,163497.0,31531.0,5730.0,1205.0,75.9,133875.0,152551.0,122176.0,13936.0,135400.0,9739.0,17742.0,12792.0,6.4,156.7,4.5,3.88,1.07,5.54,1.9,8.55,5.04,13.3,7.63,2.37,4.06,5.99,262969.0,29339.0,15366.0,1950.0,5672.0,30721.0,8082.0,13949.0,7889.0,88141.0,89.5,80.0,70.8,331396.04,167.83
2018-07-01,118.3,102.9,86.1,104.7,110.8,127.4,107.1,97.3,6747.0,10791.0,14523.0,6483.0,91.01,93.49,105.9,97.08,90.57,73.61,189.39,118.03,87.15,88.19,91.53,97.61006,100.64775,94.61367,103.48,76.45,121.5,87.7,86.7,88.7,1455354.59,212397.18,6906257.43,457653.11,129807.6,327845.51,1931398.28,8415336.69,17653889.06,3357.0,3181.0,1970.0,2877.8,5264.0,2457.0,8010.0,298352.0,293590.0,466578.0,12.4,-0.12,1.54,0.47,-0.6,0.49,0.07,0.31,-0.08,0.08,-0.59,-0.23,0.68,0.89,0.13,-0.56,-0.54,0.33,0.45,-0.14,0.32,0.71,0.28,0.19,0.26,0.36,0.36,0.45,0.3,49.61,-0.05,0.36,0.64,0.51,0.44,0.17,0.61,0.23,0.93,0.5,80.23,240778.0,232046.0,184099.0,47947.0,234222.0,8855.0,2858.0,2575.0,114.0,0.729,444.0,232.0,31.0,1011.0,131.0,327.0,164.0,150.87,5737.0,20451.0,6722.0,112.0,77.71,104.8,84.8,108.1,108.1,176047.0,32438.0,6666.0,2325.0,75.3,136096.0,153713.0,125153.0,13482.0,135762.0,9793.0,18041.0,12305.0,6.4,147.5,4.38,3.52,1.15,4.7,1.79,8.38,5.1,13.27,7.61,2.39,4.07,6.06,254611.0,25992.0,12651.0,2150.0,5454.0,30925.0,8186.0,13909.0,8831.0,92083.0,91.2,81.1,71.2,317651.92,
2018-08-01,113.3,102.4,91.9,101.1,111.2,130.6,106.7,98.2,6895.0,10809.0,14682.0,6671.0,96.11,94.26,116.41,100.63,97.28,74.84,179.45,120.2,90.08,93.49,95.62,99.24452,100.23746,95.46711,104.38,83.02,118.61,88.8,86.7,91.1,1458816.67,212484.34,6901863.0,458844.83,130037.02,328807.81,1933309.61,8422123.15,17688911.0,3340.0,3183.0,1995.0,2883.75,5227.0,2448.0,8379.0,298488.0,296180.0,472753.0,12.2,-0.34,0.44,0.56,0.19,-1.22,0.53,0.36,0.25,0.03,-0.72,0.2,-0.16,0.12,-0.16,-0.46,0.16,0.35,0.01,-0.31,-0.02,0.19,0.22,0.21,0.2,0.31,0.17,0.14,0.23,51.7,0.34,0.12,0.13,0.7,0.68,0.07,0.15,0.41,0.51,1.0,79.32,257235.0,252110.0,196234.0,55876.0,278414.0,9697.0,2988.0,2522.0,93.0,0.669,474.0,246.0,67.0,1055.0,125.0,370.0,175.0,142.19,6844.0,23837.0,7986.0,144.0,77.85,105.4,84.6,108.0,108.0,203896.0,35273.0,7439.0,1990.0,75.5,140362.0,158785.0,128067.0,14963.0,140295.0,12634.0,17831.0,14741.0,6.4,148.93,4.32,3.43,1.17,4.7,1.65,7.82,5.07,14.13,7.57,2.36,3.95,6.02,275408.0,27409.0,14706.0,2508.0,5693.0,30592.0,8712.0,14898.0,9980.0,98299.0,88.0,79.6,71.5,337134.33,
2018-09-01,112.9,100.0,89.0,98.9,107.9,119.7,105.0,99.6,7031.0,11130.0,14164.0,6754.0,93.78,93.71,115.55,100.39,96.43,74.55,170.63,121.1,88.19,90.93,94.68,100.33542,100.24839,94.85812,106.79,80.38,124.4,88.6,87.1,90.3,1462844.96,212389.49,6904416.5,460229.45,130292.16,329937.29,1936124.99,8429222.74,17727604.73,3329.0,3191.0,1993.0,2882.97,5245.0,2409.0,8380.0,298659.0,296573.0,477715.0,12.0,0.1,0.37,0.11,-0.02,1.69,0.28,0.38,0.24,-0.07,0.0,0.37,0.4,0.96,0.31,0.36,0.02,0.0,0.2,0.39,0.39,0.32,0.31,0.28,0.27,0.28,0.36,0.3,0.33,62.14,0.21,0.33,0.09,1.52,1.79,0.45,0.23,0.39,1.2,2.19,79.95,231537.0,238405.0,194739.0,43665.0,211716.0,9115.0,2250.0,2486.0,92.0,0.71,442.0,229.0,58.0,998.0,125.0,377.0,163.0,154.92,7955.0,26077.0,9384.0,152.0,77.6,103.9,84.2,107.4,107.4,173174.0,31508.0,6703.0,1938.0,76.4,134497.0,158086.0,127488.0,13441.0,139596.0,7799.0,18814.0,12466.0,6.4,146.52,4.2,3.21,1.04,4.32,1.49,7.26,5.05,14.0,7.47,2.34,3.91,6.15,250461.0,29838.0,12448.0,2183.0,5787.0,27750.0,7473.0,13272.0,8496.0,88098.0,88.6,80.2,72.0,305485.84,169.44
2018-10-01,117.8,100.4,89.3,99.6,109.3,125.3,105.6,99.2,7431.0,11527.0,14659.0,6811.0,92.13,93.79,113.82,97.28,96.41,75.01,162.57,114.91,89.09,91.47,94.15,102.5033,100.86465,94.62477,107.91,78.74,127.36,89.8,86.2,93.5,1462580.91,212835.76,6904481.0,460762.59,130590.91,330171.68,1941151.99,8439877.69,17764315.42,3317.0,3178.0,2008.0,2874.74,5255.0,2409.0,8370.0,298658.0,297994.0,478657.0,11.8,0.59,0.14,0.76,0.33,0.92,0.27,0.25,0.04,0.02,0.91,0.46,0.17,0.54,0.41,0.81,0.37,0.4,0.44,0.39,0.28,0.2,0.17,0.16,0.2,0.26,0.24,0.21,0.25,60.31,0.3,0.06,0.58,0.89,0.26,0.48,0.35,0.48,1.43,1.1,78.78,243362.0,244845.0,205097.0,39748.0,250018.0,10858.0,2310.0,2614.0,103.0,0.736,452.0,229.0,33.0,1026.0,123.0,419.0,167.0,156.05,9358.0,28077.0,11453.0,162.0,77.6,102.1,84.3,107.9,107.9,208650.0,35887.0,7919.0,2109.0,76.0,138101.0,160313.0,130813.0,15310.0,141656.0,7234.0,18499.0,12206.0,6.4,147.24,4.18,3.19,1.15,4.23,1.34,7.26,5.01,14.09,7.47,2.36,3.82,6.01,275757.0,28547.0,16444.0,2443.0,6038.0,31747.0,8947.0,14868.0,9891.0,98187.0,91.6,81.9,72.5,334098.95,
2018-11-01,118.8,100.3,86.0,100.9,108.0,119.7,105.0,97.8,7574.0,11759.0,14409.0,6700.0,93.65,95.58,116.51,103.1,94.63,75.97,151.66,113.81,96.78,91.52,95.68,103.47699,101.12926,94.71629,114.5,84.0,134.83,94.7,88.5,101.2,1462823.78,212931.35,6909778.18,460489.72,130653.04,329836.67,1944492.57,8451286.66,17800013.32,3448.0,3172.0,2016.0,2871.52,5279.0,2442.0,8203.0,310320.0,299251.0,478651.0,11.7,0.39,-0.71,0.48,-0.43,-0.74,-0.71,0.36,0.04,-0.07,0.34,-0.63,0.41,-1.0,0.07,-0.28,-0.41,0.07,-0.61,0.64,0.0,-0.13,-0.03,-0.07,0.19,0.34,0.07,0.06,0.29,54.57,-0.82,0.46,0.19,-0.49,-1.14,-0.17,0.13,0.15,-0.16,-0.81,81.03,229944.0,225797.0,190763.0,35033.0,232659.0,10043.0,2069.0,2567.0,104.0,0.707,462.0,230.0,34.0,993.0,125.0,408.0,171.0,147.83,10571.0,31643.0,13132.0,172.0,77.4,103.2,84.6,105.8,105.8,192120.0,29119.0,7759.0,1911.0,75.4,136176.0,168970.0,127074.0,15198.0,151166.0,9658.0,17796.0,11553.0,6.4,147.63,4.05,3.08,1.06,4.16,1.23,6.82,4.85,13.58,7.49,2.31,3.78,5.64,283042.0,28526.0,15926.0,2389.0,6303.0,31849.0,8559.0,14163.0,10066.0,111896.0,96.8,84.8,73.2,318050.47,
2018-12-01,119.3,99.9,84.0,100.6,108.7,117.4,106.4,100.6,7783.0,11719.0,13796.0,6758.0,95.56,96.32,116.12,99.16,95.04,77.08,153.54,115.06,90.7,93.07,95.93,100.47201,100.86381,95.24876,127.8,95.9,149.07,95.9,88.7,103.1,1461003.37,213767.33,6914474.53,460336.84,130094.54,330242.3,1955152.45,8490189.85,17833122.9,3786.0,3162.0,2037.0,2872.62,5336.0,2495.0,8124.0,338876.0,300806.0,477742.0,11.7,0.44,-0.15,0.57,1.14,-0.54,0.32,0.29,0.21,0.01,0.5,0.38,0.62,-0.89,0.52,0.32,1.07,0.15,0.13,0.85,0.53,0.35,0.39,0.5,0.29,0.38,0.3,0.53,0.25,61.1,0.67,0.37,-0.16,-1.08,-0.45,0.29,0.13,0.09,-1.23,-1.67,81.75,214519.0,225574.0,192322.0,33253.0,169018.0,7379.0,1106.0,2691.0,103.0,0.715,512.0,216.0,34.0,894.0,132.0,417.0,189.0,145.88,12125.0,42339.0,14660.0,180.0,77.5,103.2,85.3,109.9,109.9,189373.0,35468.0,7603.0,2061.0,75.0,141294.0,167086.0,132045.0,14906.0,149771.0,13255.0,17733.0,10641.0,6.4,150.05,3.94,2.83,0.85,3.94,1.17,6.38,4.88,15.36,7.42,2.37,3.76,5.54,306775.0,38000.0,18144.0,2675.0,6163.0,29686.0,9752.0,12685.0,10131.0,109801.0,95.7,84.7,74.0,273228.75,169.02
2019-01-01,120.3,99.6,81.2,100.4,109.1,120.5,106.4,100.5,8125.0,12938.0,13933.0,6820.0,95.77,99.13,114.97,101.42,99.16,77.04,134.33,122.3,91.41,92.99,97.2,98.73276,102.42566,95.24602,128.64,96.27,150.22,97.7,89.2,106.3,1456103.56,214282.62,6913449.2,460636.09,129752.28,330883.81,1952274.92,8499935.54,17876230.27,3816.0,3168.0,2033.0,2879.95,5444.0,2505.0,8172.0,339979.0,300981.0,483107.0,12.2,0.9,0.24,0.32,-1.15,0.02,0.26,0.61,0.12,0.04,0.97,-0.13,0.51,0.05,0.41,0.64,-0.74,0.37,0.11,0.65,0.26,0.35,0.29,0.28,0.39,0.47,0.43,0.39,0.42,61.88,-0.32,0.71,0.3,0.01,0.07,0.57,0.49,0.58,-0.26,-0.26,82.13,224310.0,249053.0,202885.0,46168.0,190415.0,6811.0,1919.0,2631.0,99.0,0.712,463.0,207.0,31.0,891.0,137.0,377.0,171.0,152.53,1022.0,3380.0,1402.0,10.0,77.5,101.6,85.5,106.8,106.8,163779.0,26861.0,6932.0,2203.0,74.7,141963.0,167649.0,131371.0,14998.0,151027.0,10507.0,15348.0,9421.0,6.4,151.17,4.06,3.04,1.1,4.19,1.19,6.58,4.89,14.24,7.39,2.35,3.75,5.59,268547.0,22358.0,12476.0,2138.0,6024.0,31004.0,10248.0,15205.0,10210.0,104011.0,95.5,84.7,74.3,297704.63,
2019-02-01,105.9,101.2,85.9,99.6,111.4,127.1,107.2,102.9,8209.0,12627.0,13574.0,6915.0,95.81,96.61,116.39,99.44,98.02,77.23,150.68,125.14,91.48,92.96,96.52,97.0347,100.78871,95.14626,139.39,112.24,157.48,96.2,90.4,102.1,1449488.31,214524.25,6912822.28,460880.17,129123.03,331757.14,1948595.13,8506499.23,17895450.63,3695.0,3168.0,2023.0,2881.53,5461.0,2505.0,8365.0,328914.0,300655.0,479463.0,12.5,0.78,0.38,0.2,-0.33,-0.34,0.49,0.18,3.53,0.0,1.24,0.09,0.39,0.29,0.48,0.9,-0.25,0.35,0.02,0.86,0.28,0.36,0.13,0.12,0.16,0.2,0.24,0.34,0.27,59.01,0.06,0.17,0.34,0.88,1.25,0.35,0.09,0.54,0.4,1.22,79.96,252981.0,230442.0,195645.0,34796.0,245782.0,9631.0,2526.0,2489.0,93.0,0.693,485.0,224.0,39.0,983.0,128.0,388.0,179.0,147.77,2043.0,5862.0,2510.0,13.0,77.4,102.6,86.7,106.8,106.8,162508.0,27324.0,6816.0,1986.0,75.1,141423.0,170615.0,133743.0,15447.0,152176.0,9782.0,18217.0,11048.0,6.4,149.45,3.96,2.95,1.1,3.99,1.14,6.2,4.78,13.23,7.25,2.25,3.64,5.66,265950.0,25226.0,13411.0,2619.0,6295.0,30545.0,8932.0,16444.0,9497.0,98046.0,94.4,84.1,74.1,286096.9,
2019-03-01,103.1,100.6,87.2,97.6,109.7,126.0,106.1,96.5,8055.0,12384.0,14070.0,6801.0,94.51,94.44,115.28,101.4,103.79,77.85,158.13,126.8,93.3,95.21,97.65,95.06492,100.08946,94.81976,125.53,97.44,144.25,93.0,89.4,96.8,1456478.76,215142.39,6916438.53,460579.04,128873.62,331705.42,1946887.89,8515760.5,17925369.8,3362.0,3186.0,1990.0,2885.02,5447.0,2469.0,8324.0,301236.0,299209.0,479576.0,12.8,1.37,0.25,0.27,0.45,1.44,0.42,0.16,0.32,-0.22,2.07,0.49,0.33,0.75,0.75,1.74,0.42,0.05,0.5,0.95,0.39,0.31,0.26,0.25,0.32,0.33,0.37,0.3,0.36,65.27,0.33,0.2,0.54,1.26,1.07,0.65,0.31,0.51,1.4,1.67,81.24,261829.0,250139.0,211793.0,38346.0,230773.0,8319.0,1671.0,2560.0,95.0,0.701,461.0,213.0,33.0,924.0,122.0,356.0,170.0,143.93,2574.0,8351.0,3539.0,15.0,77.2,98.2,83.2,107.3,107.3,170450.0,29066.0,7628.0,2004.0,75.0,141632.0,174892.0,132643.0,16678.0,155888.0,8356.0,18763.0,10185.0,6.4,148.6,3.96,2.93,0.91,3.98,1.1,5.87,4.81,13.37,7.4,2.25,3.68,5.68,279649.0,30757.0,15996.0,3012.0,6846.0,30331.0,8769.0,15427.0,9059.0,100882.0,93.7,82.7,72.1,297790.21,169.51
2019-04-01,92.7,102.4,92.5,97.6,113.7,133.0,109.2,99.2,7782.0,11569.0,13930.0,6604.0,95.87,92.79,110.6,102.63,105.3,77.92,161.06,121.83,92.72,98.34,97.01,96.26529,99.69988,95.05081,121.71,99.29,136.66,92.5,88.4,96.8,1462406.5,215180.32,6919855.28,460964.42,128773.02,332191.4,1951734.04,8525745.61,17960471.25,3323.0,3177.0,1995.0,2878.85,5390.0,2449.0,8391.0,299329.0,299581.0,473234.0,12.6,0.63,0.24,-0.24,0.18,0.94,1.51,0.17,0.09,0.03,0.62,0.42,0.32,1.03,0.42,0.78,0.19,-0.05,0.36,0.46,0.36,0.43,0.41,0.46,0.32,0.37,0.4,0.47,0.34,59.01,0.57,0.38,0.72,0.92,0.9,0.63,0.38,0.29,1.0,1.07,80.3,267807.0,250647.0,217091.0,33557.0,255351.0,9412.0,2798.0,2604.0,96.0,0.71,489.0,228.0,35.0,976.0,117.0,381.0,181.0,150.15,3053.0,9719.0,4597.0,19.0,79.1,100.7,84.6,108.5,108.5,189076.0,32216.0,8488.0,2142.0,74.6,138008.0,176107.0,131626.0,16112.0,157213.0,6973.0,18714.0,10963.0,6.4,151.17,3.94,2.85,1.0,3.66,1.07,6.12,4.81,13.36,7.38,2.22,3.67,5.73,284925.0,25192.0,15766.0,3450.0,6687.0,32453.0,9324.0,16586.0,10357.0,105532.0,92.3,82.7,73.4,301320.24,
2019-05-01,100.5,101.6,90.5,98.4,110.4,130.1,106.1,99.6,7768.0,11927.0,14236.0,6728.0,94.46,94.27,110.54,101.86,102.45,77.68,166.72,119.41,89.71,93.11,96.63,97.85954,100.68714,95.49719,117.01,96.27,130.83,89.7,87.7,91.9,1466551.31,215470.06,6913079.51,460934.89,128692.09,332242.79,1957323.89,8528688.72,17982763.23,3327.0,3160.0,1999.0,2864.22,5314.0,2435.0,8294.0,300762.0,299050.0,470148.0,12.4,-0.56,0.98,-0.1,0.34,0.07,0.59,0.16,-0.04,-0.03,-0.89,0.03,-0.11,1.16,-0.23,-0.6,0.15,-0.08,0.14,-0.53,-0.05,0.16,0.17,0.21,0.22,0.29,0.18,0.08,0.26,49.35,0.17,0.24,0.35,0.45,0.4,0.22,0.03,-0.02,0.7,0.54,80.29,252028.0,241963.0,205024.0,36939.0,261742.0,11230.0,2775.0,2731.0,103.0,0.742,465.0,230.0,32.0,973.0,112.0,379.0,172.0,140.53,3746.0,11965.0,5710.0,22.0,78.0,100.2,85.3,109.4,109.4,198756.0,35391.0,9197.0,2096.0,75.2,150389.0,177712.0,138271.0,18739.0,158047.0,8140.0,19425.0,12380.0,6.4,147.94,3.96,2.79,0.86,3.58,1.09,5.68,4.89,14.4,7.61,2.27,3.73,5.74,306149.0,30835.0,18669.0,3751.0,7479.0,33282.0,10319.0,16854.0,10755.0,110574.0,89.9,81.2,72.9,313736.18,
2019-06-01,102.6,100.8,89.7,97.7,109.2,126.8,105.2,98.7,7141.0,11050.0,13865.0,6557.0,95.15,93.94,111.32,100.32,103.14,77.87,148.26,113.22,91.76,93.07,96.43,96.5003,99.85176,95.32061,107.38,84.12,122.89,91.4,88.3,94.6,1458543.57,215721.93,6906974.27,466639.84,128481.77,338158.08,1965008.51,8523847.09,18016750.9,3329.0,3152.0,2033.0,2864.63,5305.0,2422.0,8395.0,301589.0,300178.0,448303.0,12.1,-0.25,0.07,0.02,0.3,-0.31,0.64,0.15,0.14,-0.02,-0.39,0.02,0.34,-0.19,0.08,-0.28,0.37,-0.24,0.11,0.06,0.21,0.26,0.25,0.29,0.14,0.2,0.2,0.35,0.17,50.39,0.43,0.2,0.06,0.8,0.63,-0.02,0.88,0.15,0.49,1.16,82.17,251942.0,250781.0,214733.0,36048.0,220782.0,9993.0,2375.0,2557.0,97.0,0.699,452.0,225.0,28.0,976.0,111.0,363.0,167.0,147.1,4755.0,14034.0,6357.0,31.0,77.8,100.1,83.4,107.5,107.5,181272.0,32144.0,7804.0,1971.0,74.8,151743.0,180829.0,140126.0,19424.0,160626.0,9058.0,20684.0,14049.0,6.4,147.96,3.92,2.76,0.86,3.5,1.04,5.61,4.87,14.05,7.76,2.25,3.76,5.65,291892.0,35424.0,19771.0,3524.0,6699.0,30885.0,9471.0,16117.0,9592.0,102904.0,92.8,83.2,74.0,283184.07,170.5
2019-07-01,105.7,99.5,88.6,97.4,109.8,125.9,106.2,98.4,6915.0,10952.0,14110.0,6507.0,94.81,94.38,111.78,101.24,102.99,78.77,153.22,110.82,93.47,92.91,96.63,99.04661,98.03391,95.29368,110.92,87.32,126.65,92.7,88.7,96.8,1451871.28,216157.54,6902751.18,466721.2,128361.56,338359.64,1973515.72,8533452.76,18039951.5,3358.0,3151.0,2070.0,2870.14,5280.0,2428.0,8229.0,304736.0,300087.0,456641.0,11.9,0.01,1.2,0.29,-0.52,-0.17,-0.2,0.44,0.04,0.57,-0.06,-0.33,0.46,0.4,0.11,-0.32,-0.47,0.36,-0.18,0.34,0.16,0.43,-0.09,-0.09,0.2,0.18,0.24,0.25,0.19,47.0,-0.45,0.16,0.09,0.4,-0.01,0.31,0.58,0.14,0.61,0.4,82.28,258019.0,243205.0,203117.0,40089.0,253434.0,10918.0,2640.0,2775.0,102.0,0.781,478.0,248.0,34.0,1052.0,124.0,379.0,177.0,121.71,5264.0,16427.0,7188.0,42.0,77.3,100.4,83.4,107.4,107.4,195828.0,36375.0,9000.0,2396.0,75.1,148743.0,183519.0,140892.0,20392.0,165453.0,7685.0,18575.0,11897.0,6.4,150.24,4.06,2.96,0.8,3.8,1.04,5.51,4.92,14.43,7.88,2.26,3.8,5.67,305869.0,29466.0,19731.0,4011.0,6783.0,33651.0,10377.0,18058.0,11798.0,116591.0,96.7,85.7,75.1,319371.9,
2019-08-01,109.4,100.6,88.6,99.0,110.1,125.1,106.5,99.6,6946.0,10987.0,14196.0,6680.0,92.89,95.52,112.28,98.74,100.6,78.93,149.35,118.43,93.12,92.47,96.45,97.92858,99.13725,95.41983,114.58,91.69,129.85,91.6,89.2,94.3,1452258.81,217307.38,6898408.96,466284.21,128223.83,338060.38,1978499.22,8544201.39,18064395.74,3344.0,3167.0,2073.0,2880.03,5313.0,2431.0,8303.0,304407.0,301772.0,462089.0,11.9,-0.35,1.19,0.56,0.23,-0.39,-0.03,0.31,0.16,0.09,-0.84,0.27,0.07,0.6,-0.06,-0.51,0.24,0.38,0.09,-0.19,0.15,0.29,0.19,0.24,0.17,0.23,0.21,0.14,0.26,54.31,0.09,0.35,0.08,-0.67,-0.51,0.17,0.42,0.33,-0.47,-1.14,83.72,238192.0,238676.0,201695.0,36981.0,256360.0,10732.0,2666.0,2989.0,108.0,0.839,482.0,240.0,31.0,1072.0,118.0,379.0,178.0,122.84,5751.0,19909.0,8517.0,53.0,76.9,101.7,83.7,106.8,106.8,195905.0,34788.0,9579.0,2709.0,75.4,150123.0,181664.0,142409.0,19770.0,163709.0,8530.0,17971.0,13099.0,5.9,150.44,3.98,2.74,0.71,3.57,1.02,5.59,4.95,14.73,7.64,2.22,3.78,6.0,304407.0,31979.0,18973.0,4232.0,7148.0,32420.0,10110.0,17760.0,11475.0,111722.0,97.7,87.3,77.3,329783.85,
2019-09-01,108.8,100.9,88.7,98.8,110.1,126.7,106.4,99.9,7244.0,11379.0,13901.0,6942.0,93.37,96.16,113.96,107.12,103.26,79.54,143.15,118.27,95.45,93.97,98.23,98.27894,99.78021,95.41357,112.19,92.43,125.36,93.4,89.8,97.2,1460102.55,218087.28,6899826.15,466109.31,128240.26,337869.05,1984211.2,8553027.18,18098357.07,3354.0,3165.0,2037.0,2868.69,5287.0,2442.0,8516.0,306294.0,302639.0,488731.0,11.9,-0.43,0.02,-0.76,0.27,0.0,0.58,0.04,0.04,-0.01,-0.7,0.1,0.05,0.12,-0.1,-0.3,0.11,-0.35,0.14,-0.29,0.07,0.06,0.12,0.16,0.06,0.13,0.08,0.09,0.07,47.26,0.29,0.08,0.09,-0.01,0.5,0.0,0.46,0.0,-0.29,-0.09,83.08,250145.0,250512.0,210332.0,40181.0,234636.0,10406.0,2413.0,2927.0,111.0,0.81,473.0,229.0,32.0,1025.0,118.0,393.0,175.0,120.71,6270.0,21506.0,10198.0,60.0,76.8,101.7,82.9,106.5,106.5,187780.0,35371.0,9300.0,2323.0,75.1,153179.0,181946.0,144216.0,18006.0,163273.0,8751.0,19459.0,12610.0,5.71,152.83,3.99,2.65,0.6,3.52,1.05,5.49,5.07,15.69,7.86,2.28,3.8,6.18,313317.0,38348.0,18816.0,4578.0,7503.0,31640.0,9946.0,18028.0,11070.0,111483.0,96.9,87.1,77.5,312479.14,170.54
2019-10-01,109.3,103.0,86.2,100.1,114.9,135.1,110.1,99.3,7755.0,11973.0,14436.0,7120.0,94.47,95.55,115.14,106.44,105.64,80.54,139.92,120.5,95.56,96.4,99.44,102.1217,100.72132,96.00245,111.82,95.24,122.87,93.5,91.5,95.7,1463564.28,218842.16,6902423.45,465697.21,128168.42,337528.79,1994361.49,8575581.57,18117098.85,3362.0,3164.0,2008.0,2860.7,5338.0,2462.0,8708.0,308319.0,305859.0,499403.0,11.7,0.05,-0.61,-0.09,0.63,0.45,0.4,0.2,0.03,-0.01,-0.03,0.29,0.19,-0.11,0.18,0.19,0.42,-0.17,0.36,0.03,0.23,0.04,0.3,0.31,0.17,0.18,0.21,0.21,0.25,59.79,0.43,0.22,0.09,0.68,0.55,-0.09,0.18,0.16,0.77,1.02,83.44,266217.0,240362.0,208285.0,32077.0,274583.0,11286.0,2650.0,2964.0,111.0,0.828,492.0,234.0,33.0,1099.0,118.0,417.0,182.0,129.47,6678.0,23523.0,12316.0,69.0,76.6,104.2,83.3,106.4,106.4,204500.0,36642.0,9498.0,2700.0,75.5,152066.0,184649.0,141865.0,19083.0,164066.0,8646.0,20406.0,12610.0,5.38,155.67,3.99,2.6,0.54,3.34,0.96,5.67,5.07,16.18,7.9,2.27,3.76,6.17,322453.0,32272.0,21050.0,4769.0,7536.0,33020.0,12041.0,19232.0,12237.0,117784.0,96.7,87.4,78.4,344259.95,
2019-11-01,107.5,100.7,85.2,98.5,111.3,123.9,107.9,101.0,8095.0,12424.0,14218.0,7258.0,94.84,96.54,117.96,106.4,102.88,82.9,130.16,122.17,96.62,96.99,99.44,100.72142,100.27729,95.98595,118.64,99.11,131.66,96.0,91.9,100.2,1467467.42,219588.08,6906614.94,466931.24,128358.81,338572.43,2005521.85,8604682.3,18157070.1,3484.0,3175.0,2060.0,2884.37,5364.0,2459.0,8705.0,319999.0,308533.0,511452.0,11.3,0.72,0.71,-0.36,0.35,0.3,0.21,1.24,0.08,-0.02,1.01,0.14,0.2,0.97,0.35,0.82,0.2,-0.2,0.79,-0.01,0.17,0.39,0.18,0.14,0.23,0.2,0.44,0.29,0.24,55.87,0.14,0.14,0.14,0.3,0.85,0.49,0.04,0.68,0.19,0.36,84.06,214474.0,240367.0,209433.0,30935.0,216645.0,8764.0,2046.0,3090.0,113.0,0.859,493.0,224.0,32.0,1008.0,120.0,416.0,182.0,134.43,7202.0,27817.0,14464.0,75.0,76.7,103.9,83.9,105.7,105.7,196737.0,34148.0,9163.0,2229.0,75.4,160426.0,186469.0,149687.0,19932.0,165393.0,10299.0,21052.0,13253.0,4.9,153.74,3.95,2.53,0.52,3.3,0.93,5.85,5.06,15.94,7.91,2.26,3.79,6.16,321729.0,35987.0,21226.0,4412.0,7405.0,32190.0,10333.0,17554.0,11687.0,121061.0,98.3,89.2,80.3,332505.77,
2019-12-01,105.8,99.0,77.0,98.1,108.4,115.4,106.6,98.9,8048.0,12201.0,13610.0,7093.0,95.59,95.65,120.09,119.83,101.76,82.42,167.58,118.7,104.72,96.89,100.54,98.74158,100.05,95.7279,121.26,110.61,128.36,97.4,93.7,101.2,1464809.08,220314.21,6925596.19,467389.95,127700.93,339689.02,2027711.96,8650876.88,18209540.98,3806.0,3155.0,2065.0,2871.61,5392.0,2469.0,8584.0,348326.0,307972.0,520305.0,11.1,3.38,-0.82,-0.48,0.0,1.54,0.42,0.92,0.2,0.66,4.69,0.24,0.73,0.35,1.43,3.55,-0.02,-0.4,1.95,1.01,0.54,0.27,0.44,0.46,0.51,0.39,0.69,0.51,0.36,58.75,0.18,0.66,1.05,2.09,1.74,0.77,0.21,0.94,1.69,2.84,84.03,198353.0,237047.0,206069.0,30978.0,163338.0,5974.0,1192.0,3107.0,110.0,0.867,528.0,228.0,30.0,870.0,127.0,434.0,195.0,133.67,8737.0,30628.0,15870.0,79.0,76.1,102.1,83.1,103.5,103.5,215154.0,36621.0,8328.0,2434.0,75.3,158760.0,200779.0,154356.0,22093.0,179480.0,8127.0,21458.0,12919.0,4.59,151.04,3.81,2.22,0.49,2.93,0.93,5.22,5.1,17.57,8.13,2.29,3.85,6.04,377766.0,48816.0,28469.0,4533.0,7904.0,31717.0,11251.0,19109.0,12782.0,133921.0,101.3,91.5,81.8,294722.59,172.04
2020-01-01,102.8,101.3,85.5,99.0,109.7,123.4,106.5,100.3,8020.0,12909.0,13533.0,6869.0,94.92,95.84,117.83,113.82,110.95,82.61,159.19,114.31,99.28,97.03,101.01,100.64651,100.27748,96.14144,121.27,105.78,131.6,97.5,92.5,102.5,1467135.25,220689.35,6948589.41,467752.81,127189.31,340563.49,2041424.23,8679142.75,18270534.47,3821.0,3159.0,2091.0,2885.15,5383.0,2484.0,8641.0,348022.0,307543.0,522407.0,11.3,0.39,0.55,-0.07,-0.48,0.32,-0.32,0.35,0.16,0.12,0.2,-0.23,0.28,0.51,0.11,-0.14,-0.18,0.15,-0.29,0.38,0.09,0.17,0.17,0.11,0.35,0.39,0.31,0.13,0.4,55.44,-0.5,0.56,0.71,0.48,0.09,0.59,0.38,0.29,1.07,0.5,83.97,216833.0,230924.0,200843.0,30081.0,183136.0,7169.0,1426.0,3168.0,115.0,0.873,469.0,210.0,31.0,899.0,132.0,386.0,174.0,138.35,257.0,951.0,1091.0,4.0,76.2,103.7,84.8,104.7,104.7,154556.0,29556.0,7181.0,2158.0,76.0,155514.0,195385.0,144898.0,19623.0,174041.0,8349.0,20618.0,12586.0,4.4,152.48,3.89,2.41,0.77,3.11,1.02,5.0,5.05,16.71,8.17,2.3,3.92,5.73,306099.0,29539.0,16760.0,3470.0,6580.0,31444.0,11760.0,18303.0,11961.0,122737.0,105.5,94.5,83.7,318666.04,
2020-02-01,101.4,101.7,85.0,99.6,112.1,128.8,107.9,101.5,8039.0,12383.0,13898.0,6676.0,95.13,96.04,120.81,112.95,106.63,83.16,159.56,113.95,101.13,96.33,101.0,99.51615,100.97232,96.2301,131.79,120.93,139.03,96.1,91.9,100.3,1463685.93,221344.89,6975921.01,469168.72,127269.6,341899.13,2062467.61,8715160.48,18349381.1,3718.0,3194.0,2099.0,2913.09,5379.0,2480.0,8578.0,333005.0,306354.0,520141.0,11.7,0.11,-0.39,-0.08,-0.73,-0.23,0.73,0.31,3.7,0.21,0.06,0.24,0.68,-0.28,0.43,0.46,-0.56,0.02,0.01,0.72,0.52,0.35,0.24,0.24,0.14,0.25,0.25,0.46,0.19,49.34,0.32,0.18,0.22,-0.04,0.01,-0.01,0.33,0.11,0.01,-0.19,87.28,228341.0,260942.0,225386.0,35556.0,192519.0,9131.0,2556.0,2972.0,106.0,0.811,488.0,220.0,30.0,979.0,123.0,385.0,181.0,144.08,792.0,2450.0,1935.0,9.0,76.5,104.2,85.2,105.2,105.2,165109.0,27501.0,6516.0,1841.0,76.7,161817.0,198640.0,155350.0,20028.0,176269.0,6974.0,21490.0,13287.0,4.19,153.99,3.94,2.38,0.83,3.14,1.02,6.17,5.17,15.47,8.08,2.28,3.99,6.33,292819.0,31558.0,15632.0,3602.0,6236.0,29824.0,10274.0,18784.0,9866.0,110723.0,98.9,92.0,85.3,295617.38,
2020-03-01,102.9,92.3,73.6,94.6,95.4,98.3,94.9,90.7,7816.0,12432.0,14141.0,6762.0,83.96,108.56,75.19,84.47,71.55,84.26,97.52,89.05,72.93,79.91,87.04,97.88384,95.19017,91.0682,124.58,108.82,135.08,83.3,85.9,81.1,1466191.1,221120.13,6907651.48,469494.01,127250.53,342243.48,2029763.71,8613443.38,18147411.46,3412.0,3223.0,2128.0,2949.55,5321.0,2501.0,8455.0,295672.0,303746.0,497107.0,12.4,1.13,0.13,-1.08,0.21,-0.9,0.21,-0.23,0.59,0.04,1.4,-0.06,-0.14,-0.22,0.17,0.9,0.11,-0.2,0.13,0.18,-0.11,0.04,0.19,0.11,0.17,0.25,0.12,-0.02,0.13,58.09,0.08,0.13,0.02,1.24,1.64,0.34,0.26,0.1,0.64,1.76,95.36,188808.0,168176.0,141439.0,26737.0,179560.0,8406.0,1992.0,2973.0,100.0,0.766,399.0,239.0,31.0,956.0,87.0,300.0,148.0,136.52,1294.0,4068.0,3004.0,12.0,76.4,98.8,80.2,109.7,109.7,131230.0,24554.0,6512.0,1295.0,75.6,200832.0,177311.0,192979.0,25496.0,156230.0,8120.0,21353.0,13880.0,3.95,143.72,3.97,2.44,0.83,3.54,1.12,5.74,5.29,15.32,8.39,2.29,4.17,6.63,373701.0,44901.0,29174.0,4196.0,7587.0,31693.0,12417.0,18821.0,9041.0,109194.0,96.1,91.1,86.2,328270.69,168.09
2020-04-01,100.6,71.6,46.5,81.6,71.5,21.4,83.5,66.5,6388.0,12318.0,12178.0,6382.0,72.17,97.13,32.49,66.23,45.47,70.54,65.06,66.99,51.19,78.49,70.65,97.08927,80.29821,84.75216,111.97,95.71,122.82,51.1,55.6,47.2,1454404.2,219177.93,6683020.84,465960.34,127176.67,338783.68,1945123.32,8341392.58,17701935.45,3331.0,3254.0,2173.0,2995.11,5251.0,2522.0,8497.0,277600.0,297089.0,500239.0,12.7,1.79,-0.1,-1.37,0.1,-2.66,-0.22,-0.14,0.0,-0.2,2.24,-0.74,0.25,-2.06,0.31,1.05,0.01,-0.87,-0.26,0.68,-0.13,0.01,0.04,-0.02,0.0,0.1,-0.06,-0.01,0.05,53.05,-0.29,0.17,-0.01,0.8,0.05,-0.18,0.22,-0.3,1.13,1.12,89.18,3347.0,59001.0,51801.0,7201.0,1048.0,403.0,396.0,2958.0,101.0,0.78,350.0,237.0,33.0,840.0,18.0,253.0,129.0,97.63,2254.0,7660.0,3705.0,27.0,73.0,75.2,65.4,99.9,99.9,39487.0,11857.0,3902.0,460.0,57.6,164292.0,152300.0,153692.0,50057.0,130566.0,13831.0,21956.0,14443.0,3.65,117.91,4.13,2.48,1.02,3.34,1.33,7.33,5.6,15.99,8.62,2.35,4.61,7.57,270793.0,25117.0,44769.0,2211.0,4435.0,24726.0,11994.0,17381.0,4676.0,90273.0,59.6,64.9,70.8,292530.79,
2020-05-01,96.0,79.1,57.4,85.3,78.4,40.2,87.6,81.1,5774.0,11756.0,12327.0,6277.0,74.68,103.71,37.71,94.98,60.44,76.59,73.03,78.68,72.03,90.89,82.59,98.40857,83.64589,85.5091,96.82,63.83,118.82,60.2,57.1,63.9,1448914.15,218205.33,6580162.75,463554.48,127101.4,336453.08,1916842.74,8244948.64,17537497.94,3276.0,3278.0,2264.0,3045.5,5265.0,2527.0,8575.0,264531.0,290367.0,523419.0,13.1,0.24,-0.25,0.58,-0.58,-1.9,-0.1,-0.04,0.02,0.24,0.33,0.02,-0.45,-1.02,-0.16,0.11,-0.37,0.5,0.05,-0.29,-0.27,-0.19,-0.12,-0.12,-0.07,0.02,-0.06,-0.19,0.0,42.97,-0.17,-0.08,-0.59,0.28,1.07,-0.54,0.2,-0.24,0.07,0.59,91.57,31166.0,54948.0,51625.0,3323.0,37807.0,4054.0,1219.0,2765.0,95.0,0.719,370.0,223.0,33.0,885.0,22.0,257.0,137.0,111.41,3078.0,11584.0,4505.0,30.0,75.2,85.8,68.9,91.4,91.4,44133.0,12494.0,4724.0,822.0,60.3,148775.0,155695.0,130641.0,36965.0,133442.0,14868.0,21936.0,15005.0,3.01,127.11,4.16,2.49,1.1,3.18,1.4,8.42,5.69,17.03,8.57,2.42,4.95,7.81,256081.0,25303.0,33192.0,2580.0,4572.0,22036.0,9647.0,16638.0,6717.0,91908.0,69.8,68.0,66.7,272858.86,
2020-06-01,101.0,88.4,65.5,90.7,92.6,78.9,96.2,92.3,5611.0,11396.0,12565.0,6210.0,79.32,103.46,60.09,121.96,76.63,81.79,94.2,96.1,94.5,108.49,91.56,99.70602,90.42594,88.381,100.43,68.22,121.9,70.8,63.4,78.7,1457582.81,218471.41,6572415.22,461530.64,126820.79,334709.85,1924854.91,8214975.05,17471169.38,3280.0,3258.0,2238.0,3030.14,5351.0,2563.0,8998.0,260361.0,285661.0,537551.0,13.6,0.38,0.04,1.3,-0.46,0.31,0.35,-0.05,0.05,0.75,0.45,0.29,-0.26,0.89,0.04,0.34,-0.34,0.79,0.43,-0.21,-0.05,0.02,-0.01,-0.02,0.21,0.14,0.24,0.03,0.25,55.17,-0.19,0.1,0.02,1.56,1.6,0.36,0.34,0.39,1.55,2.25,92.0,106690.0,129307.0,112286.0,17021.0,91487.0,5575.0,1385.0,3013.0,104.0,0.808,417.0,245.0,27.0,985.0,28.0,280.0,154.0,110.44,4283.0,16465.0,5211.0,64.0,75.4,94.1,74.7,98.7,98.7,102379.0,20366.0,8749.0,1300.0,66.4,147899.0,169778.0,131009.0,34447.0,148212.0,13505.0,21587.0,12710.0,2.58,142.06,3.8,2.06,0.41,2.47,1.37,5.84,5.39,16.64,7.91,2.38,4.7,7.53,288533.0,30658.0,38911.0,3720.0,5796.0,22835.0,11525.0,18710.0,9737.0,100196.0,83.0,76.9,71.3,299555.24,153.17
2020-07-01,107.2,96.3,73.7,100.0,101.1,105.1,100.5,102.7,5935.0,11707.0,13928.0,6314.0,83.81,103.16,75.05,128.29,87.02,89.17,115.87,103.9,101.2,114.45,97.7,99.90758,95.50351,89.75171,102.84,65.14,127.97,77.5,69.9,85.2,1467087.16,218741.22,6608931.68,460793.18,126683.77,334109.41,1951106.79,8234891.75,17458601.52,3331.0,3258.0,2347.0,3049.0,5434.0,2597.0,9149.0,263737.0,284194.0,543783.0,14.1,0.01,0.8,0.9,-0.52,0.78,0.44,-0.11,-0.12,0.51,0.14,0.28,-0.1,1.23,0.06,0.23,-0.46,0.63,0.64,-0.33,0.04,0.21,0.04,0.01,0.17,0.11,0.17,0.07,0.3,54.38,0.07,-0.03,0.3,2.23,2.34,0.49,1.17,0.25,1.91,3.0,91.49,159613.0,175199.0,145532.0,29667.0,162230.0,6820.0,1601.0,3078.0,103.0,0.82,442.0,252.0,29.0,1061.0,34.0,307.0,163.0,127.91,4883.0,21244.0,6158.0,71.0,76.4,103.3,79.6,96.0,96.0,134927.0,28128.0,9506.0,1893.0,72.0,172358.0,175874.0,138656.0,40124.0,152377.0,33416.0,23882.0,16359.0,2.15,148.77,3.65,1.94,0.4,2.12,1.23,5.11,5.2,16.5,7.52,2.45,4.37,7.35,290742.0,26982.0,38185.0,4182.0,6062.0,23417.0,9449.0,20399.0,11339.0,105290.0,91.6,83.6,75.8,343486.72,
2020-08-01,106.4,100.1,77.6,102.6,104.0,116.4,100.9,105.0,6250.0,11852.0,14554.0,6599.0,85.17,101.19,105.33,136.34,93.44,87.53,89.16,107.59,111.69,117.83,101.9,98.51625,98.22466,91.04398,102.62,61.1,130.3,83.5,75.7,91.4,1476733.35,219364.63,6671540.42,462023.38,126621.72,335401.66,1986908.88,8260601.8,17434998.1,3400.0,3261.0,2315.0,3041.08,5485.0,2587.0,9245.0,271848.0,283034.0,545165.0,14.8,0.78,0.36,0.56,-0.78,0.82,0.5,-0.01,-3.47,0.67,1.15,0.24,-0.47,0.78,0.06,1.11,-0.56,0.14,0.71,-0.39,-0.2,-0.1,0.15,0.11,0.23,0.13,0.17,-0.13,0.28,55.17,0.09,0.12,0.23,2.74,3.87,0.53,0.72,0.78,2.53,3.74,91.26,189348.0,188686.0,161971.0,26715.0,201572.0,7087.0,1350.0,3087.0,104.0,0.844,434.0,243.0,29.0,1048.0,40.0,319.0,161.0,133.71,7081.0,24907.0,8050.0,82.0,77.0,105.7,82.1,102.2,102.2,142019.0,31496.0,8073.0,1777.0,74.9,168294.0,186276.0,134952.0,23616.0,161153.0,27808.0,24313.0,13966.0,1.94,151.57,3.43,1.74,0.42,1.78,1.1,5.63,4.95,15.92,7.03,2.6,4.05,6.8,286844.0,31113.0,22184.0,3828.0,5336.0,23508.0,10219.0,20644.0,11537.0,107183.0,93.9,87.7,81.6,354585.38,
2020-09-01,103.1,103.9,86.0,103.7,109.8,124.0,106.1,109.1,6666.0,12240.0,14666.0,6791.0,87.78,100.73,107.28,134.9,97.52,89.58,95.74,108.62,112.02,119.32,103.51,101.29993,100.10954,92.42304,108.36,67.18,135.8,86.5,75.9,97.3,1484300.62,220052.86,6740432.49,463816.62,126723.01,337093.61,2020053.41,8304592.65,17466119.88,3388.0,3260.0,2330.0,3040.94,5551.0,2556.0,9577.0,276963.0,285992.0,540218.0,14.9,2.28,0.37,1.0,0.37,0.7,-0.64,0.09,-0.09,0.15,2.89,0.56,0.17,0.13,0.81,2.17,0.35,0.54,1.52,0.33,0.32,0.16,0.4,0.34,0.28,0.19,0.21,0.13,0.3,63.4,0.55,0.2,0.45,4.34,3.3,0.82,1.16,1.12,4.34,5.92,91.06,210233.0,212098.0,179412.0,32686.0,208773.0,9430.0,1959.0,2907.0,98.0,0.788,479.0,239.0,24.0,1098.0,49.0,357.0,177.0,133.65,7525.0,27331.0,10391.0,88.0,77.6,111.6,85.5,102.5,102.5,161071.0,37694.0,7387.0,1536.0,77.9,169466.0,195552.0,136489.0,31897.0,170321.0,29929.0,25001.0,14657.0,1.9,157.59,3.27,1.66,0.34,1.68,1.0,5.0,4.73,14.97,6.11,2.85,3.85,6.29,309169.0,36801.0,32674.0,4540.0,6026.0,24127.0,12308.0,20559.0,12638.0,111878.0,95.5,90.9,86.4,360464.61,165.31
2020-10-01,101.8,105.6,90.7,104.1,110.8,126.0,107.2,112.0,7353.0,13090.0,15281.0,7162.0,88.93,101.84,111.74,129.26,101.24,91.94,96.64,108.18,112.67,118.44,105.13,101.97344,101.64929,93.92072,107.61,66.71,134.88,87.0,78.9,95.3,1491037.94,221228.79,6818256.46,466748.88,127113.14,339635.74,2060625.81,8388195.46,17600387.63,3394.0,3264.0,2222.0,3011.98,5541.0,2519.0,9285.0,281601.0,288087.0,529141.0,14.6,1.93,0.36,1.53,1.11,1.19,0.28,0.19,-0.04,0.21,2.57,0.97,0.55,0.23,1.08,2.03,1.02,0.95,1.72,0.63,0.71,0.52,0.63,0.66,0.47,0.34,0.5,0.57,0.35,68.17,1.08,0.36,0.94,3.23,3.68,0.65,1.73,1.19,3.2,4.15,91.13,217056.0,221341.0,184643.0,36698.0,223759.0,10902.0,1807.0,2874.0,88.0,0.818,502.0,234.0,40.0,1124.0,61.0,380.0,186.0,137.71,8319.0,29427.0,12924.0,325.0,78.2,112.3,86.4,102.8,102.8,168441.0,36776.0,7965.0,1842.0,79.7,159419.0,203271.0,140296.0,28227.0,176512.0,17264.0,26099.0,14000.0,1.9,158.97,3.18,1.59,0.45,1.62,0.94,4.68,4.59,13.37,5.94,3.01,3.62,5.86,312429.0,33378.0,28412.0,4122.0,6502.0,25058.0,10824.0,23390.0,13021.0,118120.0,98.1,94.6,91.3,371178.61,
2020-11-01,98.7,106.2,97.6,103.0,111.9,128.6,107.9,113.0,7150.0,12778.0,14770.0,6728.0,89.68,98.95,113.66,127.58,105.92,93.4,110.78,106.93,112.17,115.61,105.5,102.28549,100.26176,94.53555,111.65,68.3,140.56,86.0,80.5,91.7,1492609.22,222944.52,6892255.8,468551.6,127439.25,341112.35,2098484.16,8485941.56,17753086.81,3444.0,3248.0,2176.0,2984.84,5478.0,2501.0,9184.0,288016.0,289327.0,510866.0,14.3,2.54,0.44,0.86,0.07,1.33,-0.13,0.01,-0.02,0.29,3.33,0.67,0.39,0.41,1.06,2.51,0.25,0.79,1.61,0.67,0.5,0.37,0.49,0.39,0.45,0.34,0.55,0.33,0.44,66.58,0.31,0.45,0.81,3.28,2.64,0.94,1.28,1.03,3.51,4.26,89.55,229591.0,243047.0,199049.0,43998.0,225021.0,11474.0,1705.0,2755.0,89.0,0.795,492.0,227.0,58.0,1028.0,68.0,357.0,182.0,152.32,9338.0,31433.0,14937.0,330.0,78.4,110.7,87.2,101.8,101.8,177550.0,36686.0,9020.0,1744.0,79.9,174149.0,204883.0,153428.0,34869.0,177729.0,21430.0,27314.0,15159.0,1.9,161.03,3.07,1.6,0.41,1.59,0.92,3.74,4.36,12.71,5.93,2.95,3.46,4.83,335398.0,37072.0,36552.0,4840.0,6548.0,25878.0,11065.0,22346.0,13490.0,129988.0,96.3,93.6,91.1,345433.67,
2020-12-01,100.8,105.4,97.4,103.8,109.8,125.0,106.3,115.7,7520.0,13313.0,14686.0,6657.0,88.59,99.3,106.08,122.33,102.61,92.9,95.24,103.62,108.28,113.59,102.85,103.64565,103.02553,94.48064,111.71,66.16,142.08,87.7,82.2,93.5,1509274.8,224327.4,6964094.41,467518.33,127782.42,339735.91,2124582.53,8568127.51,17889255.79,3703.0,3223.0,2185.0,2963.34,5474.0,2501.0,8558.0,309501.0,287187.0,500597.0,14.2,1.74,2.88,1.76,0.59,1.36,0.4,0.65,0.48,0.39,2.12,0.89,0.83,2.04,1.11,1.75,0.61,1.01,1.58,0.78,0.85,1.16,0.63,0.59,0.69,0.39,0.66,0.7,0.74,72.15,0.91,0.36,1.06,0.96,0.76,1.07,0.7,0.79,1.97,0.9,89.59,226031.0,232520.0,189932.0,42587.0,197802.0,10485.0,1009.0,2726.0,96.0,0.799,551.0,237.0,50.0,950.0,80.0,393.0,204.0,158.25,12673.0,35038.0,16620.0,590.0,79.3,110.4,90.1,98.7,98.7,194626.0,38118.0,9638.0,1551.0,79.5,149567.0,204338.0,139522.0,24576.0,176540.0,14562.0,27968.0,14515.0,1.9,159.62,2.96,1.52,0.33,1.57,0.89,3.88,4.23,13.44,5.36,2.86,3.35,4.48,357854.0,55803.0,31278.0,5209.0,7272.0,25713.0,12383.0,18917.0,14686.0,132977.0,95.2,93.6,92.1,326755.98,171.65
2021-01-01,105.1,105.9,103.4,103.4,112.1,125.0,108.8,114.9,7654.0,13654.0,14836.0,6936.0,88.63,97.78,97.15,111.19,99.45,95.11,32.14,104.04,109.73,112.99,100.4,100.48929,105.12717,95.11979,116.09,74.11,144.08,87.3,81.9,93.0,1530678.94,226272.05,7022851.47,469207.16,128192.03,341015.13,2146834.38,8658886.72,17972354.78,3691.0,3208.0,2181.0,2954.67,5491.0,2487.0,8452.0,308945.0,286368.0,494491.0,14.4,1.02,-1.07,0.86,-0.07,0.41,0.32,0.39,0.13,0.02,1.06,0.61,0.07,-0.29,0.44,0.88,0.23,0.91,0.63,0.3,0.28,-0.04,0.61,0.56,0.47,0.4,0.48,0.26,0.52,65.52,0.39,0.68,0.78,2.58,2.91,0.27,0.89,0.86,1.33,3.38,90.59,236035.0,234538.0,198449.0,36089.0,190156.0,8805.0,1437.0,2873.0,96.0,0.858,471.0,214.0,59.0,918.0,83.0,346.0,174.0,152.13,252.0,1595.0,1028.0,6.0,79.6,111.9,90.2,104.2,104.2,130778.0,31753.0,7259.0,1324.0,80.2,146625.0,196826.0,137670.0,14454.0,169410.0,8129.0,28559.0,15751.0,1.9,160.71,3.02,1.67,0.35,1.81,0.99,4.2,4.2,11.4,5.33,2.78,3.34,4.37,277412.0,33202.0,11413.0,2839.0,8001.0,25192.0,9600.0,14701.0,10966.0,119432.0,95.8,93.1,90.4,335436.58,
2021-02-01,101.1,104.5,100.6,102.4,109.4,117.2,107.2,112.3,7531.0,12876.0,14400.0,6683.0,88.49,97.85,103.68,118.21,104.4,93.9,87.59,106.43,106.92,116.62,102.43,104.35545,103.59364,95.47321,116.23,72.97,145.06,85.5,81.7,89.5,1549404.93,228084.81,7099713.34,471647.47,128414.2,343233.27,2185962.9,8751941.31,18069787.77,3620.0,3167.0,2105.0,2904.35,5569.0,2478.0,8135.0,302223.0,284137.0,495199.0,14.6,0.27,0.4,0.66,0.38,2.28,0.62,0.17,2.48,-0.13,0.28,0.8,0.55,1.69,0.57,0.71,0.37,0.46,0.73,0.45,0.65,0.47,0.46,0.44,0.43,0.38,0.52,0.53,0.54,63.4,0.59,0.34,0.48,2.53,2.71,0.54,1.89,0.23,2.97,3.28,89.46,219812.0,226343.0,193740.0,32603.0,183641.0,11805.0,1589.0,2819.0,98.0,0.825,454.0,226.0,42.0,997.0,70.0,370.0,168.0,153.58,828.0,3635.0,1786.0,15.0,79.4,108.0,88.2,102.0,102.0,128068.0,30133.0,7712.0,1428.0,79.6,163679.0,209971.0,152820.0,18184.0,179960.0,10398.0,30743.0,17537.0,1.9,163.79,2.98,1.65,0.33,1.87,0.99,4.05,4.13,10.43,5.28,2.74,3.27,4.15,291668.0,36707.0,14196.0,4113.0,6765.0,25504.0,9913.0,16145.0,11555.0,116359.0,94.1,92.2,90.4,332023.88,
2021-03-01,101.3,101.7,94.8,101.9,100.5,108.4,98.7,110.6,8034.0,13256.0,15600.0,6777.0,81.93,100.55,67.44,93.67,91.69,93.77,84.71,85.36,95.03,107.16,94.03,103.96411,100.2661,92.70494,112.9,69.89,141.58,78.7,76.0,81.7,1565202.06,229522.83,7121135.72,472517.63,128175.67,344341.96,2199255.7,8763269.4,18107075.78,3349.0,3162.0,2147.0,2912.57,5493.0,2568.0,8232.0,280995.0,284183.0,488391.0,14.9,0.13,0.81,0.69,0.29,3.81,-0.02,0.04,-0.52,-0.07,-0.17,0.81,0.12,2.81,0.28,0.32,0.39,0.66,0.59,0.05,0.39,0.26,0.41,0.4,0.36,0.35,0.53,0.21,0.38,62.6,0.27,0.5,0.93,2.94,2.17,1.0,1.3,0.71,2.99,3.56,90.83,197852.0,198835.0,166731.0,32104.0,185718.0,12472.0,2150.0,2844.0,95.0,0.793,418.0,236.0,38.0,1115.0,61.0,314.0,155.0,140.88,1427.0,7229.0,2653.0,22.0,80.0,107.8,87.8,104.0,104.0,141914.0,35166.0,10792.0,1500.0,78.6,177727.0,204638.0,169826.0,19739.0,173062.0,10281.0,32636.0,19677.0,2.23,160.46,2.97,1.72,0.28,2.1,0.99,5.06,4.09,9.78,5.34,2.68,3.34,3.89,371615.0,57499.0,23400.0,6160.0,9026.0,29267.0,13249.0,18304.0,11949.0,127567.0,90.7,89.0,87.5,362572.76,173.15
2021-04-01,104.5,99.1,98.8,100.9,99.4,107.3,97.7,109.5,7287.0,13359.0,15219.0,6796.0,85.44,98.78,84.84,111.07,99.8,93.81,95.22,99.32,103.98,109.52,98.72,103.43092,99.71777,94.10946,104.95,64.27,132.08,81.8,74.7,89.1,1570724.16,231310.84,7123162.78,472176.83,128542.78,343634.05,2212821.99,8761399.22,18116948.55,3341.0,3157.0,2135.0,2904.9,5424.0,2520.0,7973.0,282423.0,282197.0,488980.0,14.8,0.4,0.22,0.57,0.47,-0.08,1.19,0.01,0.04,0.08,0.47,0.52,0.05,0.38,0.28,0.4,0.5,0.73,0.47,0.14,0.23,0.39,0.38,0.36,0.27,0.4,0.35,0.4,0.27,65.52,0.76,0.08,0.6,1.51,2.22,0.23,0.9,0.44,1.58,1.84,92.61,190729.0,198254.0,164770.0,33483.0,175942.0,13093.0,1872.0,2974.0,94.0,0.827,419.0,231.0,34.0,1066.0,51.0,318.0,155.0,153.62,2099.0,9855.0,3296.0,34.0,82.0,107.3,88.6,104.0,104.0,127431.0,36436.0,9811.0,1396.0,76.7,184030.0,221753.0,171299.0,19754.0,186162.0,10949.0,36434.0,19350.0,2.65,154.19,3.01,1.78,0.27,2.37,1.01,4.31,4.1,9.44,5.41,2.62,3.45,3.79,347222.0,46460.0,18120.0,5607.0,8712.0,26873.0,12174.0,22304.0,11778.0,127681.0,85.8,84.8,84.0,330852.95,
2021-05-01,106.2,100.4,99.7,101.4,100.1,104.6,99.5,109.1,6838.0,11974.0,15280.0,6709.0,89.08,100.14,106.91,115.56,104.2,91.15,92.61,104.03,114.4,112.72,104.46,95.24622,100.0673,95.34595,105.9,62.93,134.55,87.1,82.6,91.7,1582478.39,233310.16,7158301.0,474698.96,128745.2,345953.76,2228538.09,8832221.46,18229087.51,3306.0,3125.0,2175.0,2890.99,5371.0,2536.0,8096.0,283329.0,284020.0,486716.0,14.7,0.44,1.78,1.25,0.92,1.15,0.76,0.21,0.06,0.21,0.23,1.27,-0.15,2.11,0.37,0.8,0.84,1.01,0.98,-0.07,0.41,0.64,0.52,0.51,0.6,0.57,0.57,0.35,0.67,64.46,0.78,0.32,0.44,4.1,3.4,0.81,2.22,0.41,3.24,5.23,91.24,186150.0,200113.0,168118.0,31995.0,177281.0,13908.0,1654.0,2932.0,88.0,0.846,458.0,228.0,35.0,1019.0,60.0,302.0,169.0,155.43,2992.0,12146.0,3997.0,205.0,81.0,107.6,87.6,102.1,102.1,142645.0,32722.0,11348.0,1897.0,77.7,184601.0,230310.0,169462.0,23268.0,194380.0,10579.0,35733.0,19676.0,3.29,158.86,3.07,1.81,0.27,2.46,1.08,4.15,4.17,9.75,5.28,2.68,3.63,3.86,365982.0,46859.0,21784.0,5973.0,9595.0,28226.0,12478.0,23759.0,12475.0,139327.0,89.3,87.1,85.3,338261.5,
2021-06-01,105.1,100.4,100.7,101.5,98.9,102.0,98.3,107.9,6781.0,12013.0,15009.0,6647.0,88.96,99.25,99.9,115.5,103.16,92.42,101.6,100.36,115.27,114.43,102.02,92.97574,99.00101,95.93115,107.32,63.11,136.8,92.1,86.3,98.1,1589505.51,235304.52,7200811.86,477220.5,129492.53,347727.96,2244202.67,8903188.51,18355594.71,3284.0,3140.0,2145.0,2892.58,5313.0,2427.0,7921.0,285603.0,283525.0,486222.0,14.2,0.43,1.1,1.09,1.21,0.41,0.51,0.29,0.05,-0.12,0.33,0.8,0.23,0.81,0.43,0.51,1.11,0.56,0.8,0.16,0.46,0.54,0.6,0.56,0.55,0.58,0.5,0.42,0.58,64.46,0.71,0.44,0.83,0.6,0.11,0.64,2.16,0.81,2.32,0.42,90.37,174662.0,184077.0,154596.0,29481.0,151286.0,14639.0,1622.0,2903.0,86.0,0.854,489.0,250.0,71.0,1073.0,66.0,267.0,181.0,156.58,3882.0,15071.0,4633.0,317.0,81.6,106.6,87.4,103.8,103.8,133289.0,36259.0,11095.0,1765.0,79.0,189232.0,236905.0,175086.0,20997.0,201578.0,10628.0,34424.0,19809.0,3.76,158.95,2.99,1.71,0.15,2.31,1.06,3.95,4.1,9.45,5.2,2.64,3.65,3.97,387320.0,63587.0,23157.0,6179.0,11449.0,27961.0,14133.0,22432.0,13365.0,140141.0,95.1,92.1,89.3,336945.58,171.94
2021-07-01,103.2,98.9,103.9,100.3,97.7,96.6,98.4,106.4,6611.0,11713.0,15314.0,6572.0,89.64,99.52,107.9,112.29,103.66,93.46,91.34,99.2,136.56,109.92,104.44,89.48422,97.16192,95.80089,110.98,61.75,143.8,95.6,87.9,103.5,1602335.72,237172.69,7240704.75,478840.51,129645.69,349194.82,2260607.1,8971063.91,18482411.34,3249.0,3110.0,2137.0,2865.25,5252.0,2464.0,7996.0,285816.0,284964.0,487875.0,13.7,0.6,3.1,0.78,0.53,1.52,-0.65,0.45,0.18,0.12,0.78,0.68,0.67,1.68,0.69,0.63,0.7,0.93,0.56,0.8,0.67,0.91,0.56,0.53,0.61,0.58,0.6,0.47,0.54,63.66,0.58,0.49,0.72,0.78,1.45,0.92,0.85,1.02,0.18,0.71,89.64,153523.0,169881.0,144980.0,24902.0,147822.0,14801.0,1533.0,3045.0,81.0,0.875,521.0,252.0,71.0,1140.0,79.0,276.0,193.0,151.14,4387.0,18471.0,6261.0,324.0,81.4,106.9,88.0,101.2,101.2,123573.0,38814.0,11479.0,1560.0,79.6,198036.0,239387.0,170339.0,21711.0,205819.0,26736.0,34106.0,21122.0,4.15,157.94,3.05,1.74,0.17,2.38,1.01,3.75,4.16,11.35,5.08,2.69,3.7,4.04,365037.0,50488.0,19951.0,6394.0,7557.0,27877.0,14819.0,21183.0,14019.0,146231.0,102.1,95.6,89.2,349140.14,
2021-08-01,105.8,98.5,100.5,100.4,97.0,90.2,98.4,105.2,6843.0,11850.0,15452.0,6779.0,85.39,98.5,106.37,110.21,105.04,93.36,89.74,97.56,108.98,107.99,101.22,97.04547,99.34156,95.9102,111.99,64.19,143.86,97.2,90.6,103.7,1613505.01,238685.63,7282505.73,480210.67,129863.48,350347.19,2280110.44,9035256.71,18621006.1,3188.0,3085.0,2078.0,2826.44,5165.0,2458.0,7912.0,284351.0,284226.0,486565.0,13.2,1.39,0.68,0.99,1.02,1.46,-0.04,0.64,0.28,0.23,1.63,1.03,0.39,0.95,0.85,1.3,0.95,1.36,1.08,0.67,0.64,0.53,0.67,0.62,0.7,0.68,0.7,0.45,0.72,71.88,0.6,0.64,0.89,0.66,-0.14,0.71,0.46,1.44,1.18,0.66,88.68,138261.0,166326.0,138667.0,27660.0,148857.0,14963.0,1510.0,2997.0,74.0,0.859,508.0,241.0,79.0,1162.0,78.0,264.0,188.0,156.25,5494.0,22927.0,8765.0,342.0,81.3,104.0,87.4,101.7,101.7,119798.0,38691.0,12650.0,1624.0,79.3,188332.0,245333.0,176894.0,20304.0,211641.0,11594.0,33132.0,19147.0,5.01,159.03,3.07,1.72,0.19,2.36,0.96,3.79,4.2,10.17,5.17,2.75,3.73,4.13,389762.0,56999.0,20118.0,6914.0,7837.0,30305.0,16292.0,22033.0,14245.0,154982.0,100.7,96.2,91.9,341614.05,
2021-09-01,105.4,98.7,99.4,100.0,98.1,93.4,99.2,104.5,7275.0,12611.0,15178.0,6910.0,83.34,96.82,107.59,104.68,101.99,93.36,90.01,92.98,106.52,107.52,99.48,97.62783,98.90618,95.79087,114.66,64.31,148.22,95.2,89.9,100.6,1626192.21,240002.74,7316581.42,482009.65,130014.27,351995.38,2292647.5,9077669.61,18734977.05,3136.0,3044.0,2049.0,2786.2,5016.0,2425.0,7815.0,282769.0,283067.0,473616.0,12.7,1.02,2.56,0.9,0.31,1.82,0.39,0.56,-0.01,0.07,1.19,1.04,0.63,1.93,0.88,1.28,0.35,1.13,1.11,0.71,0.8,0.96,0.5,0.52,0.67,0.63,0.67,0.61,0.8,64.99,0.72,0.37,1.14,-0.64,-0.55,1.43,0.51,1.13,-0.37,-1.21,87.95,163742.0,156293.0,129928.0,26365.0,159073.0,13816.0,1198.0,3001.0,86.0,0.839,535.0,232.0,84.0,1136.0,82.0,265.0,198.0,156.89,6604.0,27805.0,10976.0,346.0,81.1,103.8,89.0,102.5,102.5,109053.0,33277.0,11555.0,1151.0,79.9,199168.0,246820.0,185846.0,21760.0,213956.0,15817.0,32098.0,19265.0,5.43,156.35,3.09,1.68,0.17,2.35,0.9,4.06,4.29,10.0,5.13,2.7,3.76,4.67,403138.0,63575.0,22535.0,6518.0,8797.0,29983.0,16409.0,20482.0,13046.0,156748.0,98.8,95.6,92.6,337976.48,172.2
2021-10-01,98.5,98.8,102.3,98.3,97.5,92.8,98.4,102.4,7489.0,12552.0,15548.0,7036.0,83.11,97.45,110.25,101.68,100.37,93.36,90.06,98.82,105.62,106.02,99.48,99.91476,97.20371,96.39485,109.37,59.1,142.89,98.1,92.9,103.3,1632511.84,241077.58,7340611.56,483976.67,129994.15,353982.52,2316172.27,9120322.75,18882182.87,3092.0,2999.0,1947.0,2724.04,4944.0,2417.0,7878.0,281923.0,282000.0,467415.0,12.1,1.17,1.04,1.27,1.8,2.62,0.39,0.75,0.06,0.54,1.32,1.39,1.04,1.35,1.21,1.31,1.55,1.37,1.22,1.2,1.18,0.99,0.9,0.91,0.88,0.84,0.92,0.99,0.9,66.84,1.24,0.67,1.2,0.64,1.6,0.77,0.86,1.0,-0.31,0.53,88.25,167594.0,165158.0,135920.0,29238.0,163928.0,13733.0,1304.0,2778.0,93.0,0.828,530.0,224.0,76.0,1141.0,86.0,258.0,196.0,143.36,7900.0,30824.0,13259.0,356.0,81.1,102.2,88.2,101.0,101.0,119294.0,30756.0,11068.0,1196.0,81.2,206331.0,250758.0,195160.0,23653.0,216340.0,10721.0,33679.0,20899.0,6.3,158.58,3.11,1.68,0.19,2.41,0.93,4.07,4.31,9.72,5.16,2.57,3.84,4.83,396787.0,57490.0,23183.0,6098.0,8603.0,30678.0,15494.0,18176.0,12670.0,161300.0,99.2,95.4,91.7,339563.34,
2021-11-01,102.8,98.2,98.4,98.5,98.5,95.4,98.7,102.6,7485.0,12392.0,15362.0,6647.0,82.52,98.46,108.92,98.19,102.24,94.04,95.99,95.15,107.06,107.69,100.48,106.32089,98.72426,97.88395,109.35,60.04,142.22,97.5,93.5,101.6,1639613.96,242072.51,7374472.38,486563.66,129782.02,356781.64,2350068.33,9186232.68,19060102.7,3148.0,2963.0,1937.0,2693.13,4892.0,2402.0,7723.0,289606.0,281311.0,468428.0,11.6,-0.04,1.03,1.03,0.95,3.35,-0.57,0.57,0.02,0.09,0.04,0.96,0.27,2.3,0.44,0.04,0.9,1.66,0.58,0.34,0.55,0.47,0.33,0.22,0.65,0.72,0.71,0.38,0.84,63.13,-0.05,0.42,1.17,0.02,-0.58,1.08,0.67,0.72,1.19,-0.29,91.61,187308.0,162435.0,134588.0,27846.0,189757.0,14380.0,1583.0,2852.0,102.0,0.859,526.0,223.0,69.0,1071.0,95.0,224.0,194.0,158.36,9338.0,33755.0,15063.0,369.0,81.0,103.7,89.4,100.9,100.9,125948.0,35059.0,10538.0,1359.0,81.0,202641.0,250696.0,192830.0,21121.0,216821.0,10039.0,34414.0,20519.0,7.65,159.54,3.15,1.73,0.2,2.47,0.91,4.04,4.34,10.02,5.01,2.61,3.99,4.78,431402.0,64200.0,23254.0,5811.0,9572.0,34215.0,15473.0,17133.0,12639.0,183925.0,99.0,95.4,92.0,329713.76,
2021-12-01,102.3,99.8,101.8,99.9,100.7,107.4,99.6,103.6,7959.0,13099.0,15087.0,6795.0,83.01,98.44,108.84,100.78,103.99,100.27,94.02,98.21,104.37,105.62,100.86,107.67214,99.88801,98.25602,112.0,64.74,143.51,97.8,95.2,100.4,1662833.55,242841.47,7404524.27,486028.93,129861.03,356167.9,2376165.81,9233736.17,19171372.6,3428.0,2946.0,1938.0,2678.26,4889.0,2407.0,7326.0,314350.0,281552.0,471580.0,11.1,0.84,0.74,1.37,2.06,0.58,0.75,0.56,0.05,0.34,0.79,1.41,0.79,0.05,0.98,0.88,1.83,1.42,1.58,0.55,1.04,0.91,1.23,1.22,0.67,0.89,0.82,0.91,0.52,74.8,1.8,0.8,0.78,0.87,1.25,0.57,0.35,0.57,-0.14,0.95,93.9,225826.0,196000.0,150099.0,45901.0,197101.0,12395.0,1429.0,2838.0,97.0,0.832,603.0,227.0,42.0,1001.0,104.0,255.0,223.0,143.25,10024.0,37172.0,16721.0,384.0,80.7,104.5,90.4,103.2,103.2,156101.0,37428.0,11974.0,1512.0,80.0,190311.0,245748.0,184002.0,18063.0,213664.0,10985.0,32781.0,19947.0,8.76,163.09,3.15,1.63,0.19,2.48,0.97,3.95,4.45,11.51,5.21,2.66,4.05,5.0,470192.0,83503.0,23875.0,7079.0,11099.0,33411.0,14819.0,14555.0,13595.0,189311.0,100.4,96.6,93.0,310295.85,174.5
2022-01-01,99.0,100.1,99.6,101.1,98.6,97.6,98.4,101.5,7969.0,13064.0,14779.0,6775.0,82.53,97.73,97.71,98.53,102.27,109.06,67.72,94.13,103.44,103.47,99.63,96.77185,99.2179,97.60364,108.35,70.43,133.63,93.8,92.8,95.0,1670872.34,243755.2,7425921.95,488599.31,129905.43,358693.88,2389003.56,9254426.75,19300622.5,3443.0,2973.0,1976.0,2709.44,4848.0,2419.0,7466.0,315008.0,283278.0,474242.0,11.2,1.11,0.16,1.82,1.07,-0.11,0.36,0.78,0.25,1.05,1.44,1.22,0.39,-0.35,0.87,1.15,1.12,1.74,1.14,0.67,0.73,0.61,1.07,1.04,0.68,1.06,0.89,0.68,0.66,73.21,1.17,0.94,0.58,1.82,2.01,0.49,0.71,0.74,1.79,2.3,92.94,186967.0,182177.0,144361.0,37816.0,134629.0,9463.0,1325.0,3032.0,98.0,0.864,485.0,204.0,32.0,941.0,105.0,205.0,179.0,147.91,398.0,2027.0,1066.0,11.0,80.8,105.7,90.4,103.5,103.5,92204.0,24422.0,8507.0,1334.0,81.0,216004.0,249545.0,203239.0,25260.0,216334.0,11128.0,34356.0,22404.0,9.15,161.5,3.35,1.69,0.24,2.45,1.07,4.42,4.72,10.92,5.51,2.7,4.27,5.49,392261.0,51555.0,21161.0,4556.0,8969.0,32830.0,17639.0,9528.0,11512.0,173092.0,96.9,93.9,91.1,311890.66,
2022-02-01,102.1,101.0,101.9,102.3,99.5,96.3,99.9,101.9,7979.0,12920.0,14446.0,6517.0,88.25,99.55,107.2,100.75,102.7,102.06,104.05,97.91,105.82,104.61,101.08,96.80615,98.94219,98.00672,104.05,67.14,128.65,92.6,91.7,93.7,1678635.11,244873.79,7440258.15,490823.46,129844.51,360978.95,2411232.37,9268352.55,19403664.78,3392.0,2986.0,1995.0,2725.88,4800.0,2428.0,7414.0,310517.0,283020.0,486469.0,11.2,1.28,0.54,1.76,0.88,0.46,0.47,0.64,5.61,0.29,1.65,1.1,1.36,0.12,1.34,1.25,1.04,1.61,0.95,1.64,1.26,1.1,1.01,1.0,0.72,0.94,0.93,1.16,0.85,74.8,1.24,0.82,0.99,1.83,1.5,0.28,0.38,0.9,1.98,2.36,96.18,182976.0,184728.0,144508.0,40221.0,152590.0,11389.0,1956.0,2917.0,90.0,0.838,545.0,227.0,32.0,1107.0,96.0,262.0,201.0,146.25,1430.0,5479.0,1961.0,20.0,81.1,105.7,91.1,104.6,104.6,100006.0,23050.0,8111.0,1154.0,80.5,219500.0,251183.0,204233.0,24590.0,219783.0,13857.0,30986.0,19271.0,10.49,164.32,3.35,1.61,0.26,2.35,1.07,4.28,4.81,11.08,5.57,2.68,4.35,5.79,383869.0,52202.0,20431.0,5197.0,8600.0,30044.0,13812.0,10980.0,11524.0,164297.0,97.3,94.1,91.0,296150.1,
2022-03-01,102.3,99.9,100.2,101.6,95.1,95.0,95.6,101.0,8403.0,13921.0,15496.0,6814.0,92.09,98.88,107.18,100.89,98.71,97.0,109.83,101.52,103.9,105.82,100.02,95.95378,101.25732,98.89663,105.12,67.05,130.5,93.7,93.4,94.2,1673544.06,245908.74,7443783.54,492671.81,129959.26,362712.55,2426260.96,9286322.47,19498832.07,3135.0,3010.0,1993.0,2745.67,4810.0,2435.0,7466.0,290912.0,284281.0,497139.0,11.1,2.42,1.15,0.57,1.82,3.02,0.88,0.59,0.15,-0.05,3.09,1.2,0.45,2.65,1.24,2.71,1.53,0.52,1.4,1.12,0.76,0.8,1.19,1.1,0.94,1.04,0.97,0.69,1.03,76.13,1.53,0.78,0.95,1.74,2.37,1.35,0.86,1.28,1.18,2.07,96.96,187597.0,163583.0,127212.0,36372.0,168834.0,13531.0,2421.0,2981.0,103.0,0.846,489.0,230.0,30.0,1108.0,99.0,311.0,181.0,150.75,3259.0,8734.0,2754.0,41.0,81.0,106.7,91.2,104.0,104.0,108217.0,26687.0,10128.0,1742.0,80.5,234265.0,278898.0,222640.0,24298.0,246617.0,14907.0,32143.0,19286.0,11.15,162.15,3.5,1.77,0.24,2.44,1.46,4.16,4.94,11.12,6.0,2.63,4.58,5.86,488538.0,74255.0,26784.0,6115.0,12648.0,38018.0,15779.0,14714.0,13011.0,199718.0,94.9,93.4,92.0,332553.55,175.7
2022-04-01,102.3,100.3,101.0,102.3,98.8,95.9,99.5,101.6,8229.0,12872.0,15443.0,6727.0,94.02,98.0,108.04,102.31,103.5,98.4,101.17,100.72,105.3,103.63,100.26,94.21779,101.00722,98.89663,104.35,68.91,127.97,96.5,95.9,97.2,1671825.59,246826.6,7457395.93,494459.08,129708.88,364750.2,2442055.84,9312241.87,19592079.62,3145.0,3014.0,2062.0,2764.81,4744.0,2437.0,7207.0,295043.0,287103.0,500791.0,10.5,2.06,-1.14,1.53,1.26,1.91,1.77,0.48,0.06,0.08,2.59,1.21,0.66,0.55,1.24,2.4,1.15,0.7,1.42,1.12,0.88,0.59,1.08,0.94,0.98,1.01,0.94,0.95,0.97,78.25,1.13,0.79,1.73,1.41,0.41,1.08,0.95,1.62,2.48,1.45,94.42,192238.0,186563.0,142252.0,44311.0,174340.0,10072.0,1625.0,2999.0,95.0,0.861,499.0,216.0,30.0,1046.0,97.0,294.0,185.0,148.9,4791.0,11493.0,3394.0,68.0,80.8,106.1,89.0,103.9,103.9,109687.0,26738.0,9371.0,1435.0,79.8,231511.0,286845.0,214948.0,25687.0,253211.0,14150.0,33334.0,18058.0,11.65,162.98,3.61,1.78,0.28,2.49,1.21,4.59,5.13,11.11,6.19,2.57,4.76,6.33,440741.0,57800.0,22304.0,5385.0,10800.0,34146.0,14477.0,21839.0,11691.0,189134.0,100.5,97.2,93.9,313667.86,
2022-05-01,96.8,100.7,103.8,99.1,100.8,97.8,101.7,103.1,7602.0,12277.0,15521.0,6671.0,95.62,101.47,116.15,101.33,101.11,99.03,105.92,105.73,104.29,101.79,103.06,102.96726,99.81661,99.27821,105.87,69.73,129.96,97.2,96.5,98.0,1674261.2,247743.27,7491412.2,497197.54,129574.12,367623.42,2466675.82,9371969.74,19718903.68,3170.0,2993.0,2112.0,2759.62,4763.0,2476.0,7102.0,299874.0,292059.0,514391.0,9.8,0.48,-1.7,0.66,2.11,1.34,1.01,0.52,0.04,0.72,0.43,1.05,0.85,-0.51,0.83,0.62,1.82,0.62,1.03,0.67,0.93,0.51,1.09,1.05,0.89,0.98,0.86,0.98,0.81,72.41,1.44,0.75,0.59,0.52,0.69,0.5,2.28,0.42,0.1,0.45,96.46,194112.0,193722.0,154008.0,39714.0,188956.0,13947.0,3013.0,2879.0,82.0,0.828,508.0,235.0,33.0,1085.0,100.0,264.0,188.0,148.86,6656.0,16405.0,3887.0,96.0,80.7,106.4,89.5,103.3,103.3,139458.0,35484.0,10311.0,1792.0,80.7,232468.0,284175.0,211419.0,34255.0,248635.0,15737.0,34896.0,20308.0,12.51,165.12,3.75,1.79,0.32,2.6,1.36,4.38,5.35,11.51,6.61,2.59,5.04,6.58,475147.0,64012.0,33400.0,6686.0,12592.0,37398.0,15536.0,18078.0,13356.0,204038.0,100.8,96.5,92.4,339057.13,
2022-06-01,97.5,100.8,100.1,98.6,102.4,103.9,102.0,100.6,7153.0,11916.0,15380.0,6501.0,95.64,100.51,102.35,98.35,97.75,100.27,100.82,102.43,102.45,100.27,98.85,104.0169,99.68508,99.59586,103.6,66.19,128.53,96.7,95.3,98.2,1678298.71,248695.94,7523189.41,499256.45,129696.55,369559.89,2487881.75,9411905.84,19843865.67,3206.0,3006.0,2120.0,2769.15,4798.0,2478.0,7279.0,304533.0,296708.0,507666.0,9.3,0.8,0.41,0.55,1.67,0.57,1.24,0.49,0.09,0.16,0.63,0.57,0.9,0.48,0.74,0.35,1.41,0.69,0.49,0.93,0.77,0.9,0.98,1.0,0.71,0.97,0.93,1.01,0.78,66.58,0.95,1.04,0.69,0.59,0.62,0.67,2.14,0.28,0.74,0.3,96.51,210491.0,196292.0,151713.0,44579.0,187237.0,13370.0,2991.0,2829.0,86.0,0.836,485.0,243.0,32.0,1078.0,98.0,279.0,179.0,149.5,8060.0,20729.0,4532.0,125.0,80.5,107.4,90.3,105.6,105.6,133566.0,31876.0,10854.0,1731.0,81.0,224766.0,289380.0,206833.0,26168.0,248243.0,15479.0,39555.0,27243.0,12.89,162.64,3.72,1.76,0.33,2.49,1.41,4.18,5.34,11.56,6.86,2.48,5.08,6.64,466101.0,75011.0,28533.0,6354.0,12603.0,35646.0,15210.0,15346.0,12535.0,198532.0,100.6,97.2,93.7,342263.66,177.7
2022-07-01,100.2,101.2,100.6,100.2,104.4,100.9,104.8,100.2,7158.0,11977.0,15812.0,6300.0,107.53,99.96,90.28,97.36,98.51,98.68,100.58,102.07,97.24,98.4,99.11,104.98805,100.32045,100.83699,105.58,70.01,129.29,98.1,97.4,98.8,1684162.53,249656.03,7555218.07,501110.7,129879.2,371231.51,2506424.06,9440695.35,19940049.8,3238.0,3012.0,2132.0,2776.3,4810.0,2508.0,7655.0,308691.0,302066.0,507474.0,9.1,1.3,-1.05,0.12,0.58,-4.51,0.49,1.13,0.06,0.07,1.47,-0.11,0.8,-4.35,0.65,0.72,0.46,0.1,0.24,0.96,0.43,0.36,0.66,0.63,0.49,0.62,0.41,0.66,0.54,62.86,0.41,0.79,0.13,0.21,-0.38,-1.19,0.86,0.16,0.6,0.21,97.19,213599.0,199844.0,157343.0,42501.0,203096.0,12724.0,3130.0,2963.0,94.0,0.853,528.0,230.0,30.0,1122.0,108.0,267.0,195.0,138.48,8913.0,23747.0,5654.0,144.0,80.4,107.3,90.2,107.8,107.8,135509.0,33567.0,11325.0,1561.0,81.8,233815.0,296303.0,214690.0,25810.0,252833.0,18632.0,44919.0,30207.0,13.15,163.12,3.9,1.86,0.37,2.66,1.48,4.83,5.56,11.61,7.2,2.48,5.25,7.1,444893.0,62917.0,22917.0,6736.0,11864.0,35033.0,14125.0,16670.0,11922.0,201521.0,98.9,96.6,94.5,356960.06,
2022-08-01,96.6,100.0,102.6,98.7,100.7,99.5,101.0,99.8,7308.0,12076.0,16022.0,6743.0,110.84,99.72,100.44,98.71,98.26,98.37,105.83,96.97,97.71,98.25,99.01,105.63677,99.75024,101.33568,106.76,70.19,131.14,98.1,96.9,99.3,1691090.0,250737.91,7575440.59,502677.64,130033.3,372644.34,2526366.99,9466853.61,20040429.59,3266.0,3052.0,2115.0,2800.67,4849.0,2506.0,7918.0,312359.0,305847.0,509773.0,8.9,0.24,0.1,0.42,1.69,-3.37,1.31,0.54,0.61,-1.1,0.01,0.8,0.28,-2.55,0.39,0.3,1.45,0.34,0.73,0.14,0.49,0.54,1.07,1.08,0.51,0.64,0.43,0.62,0.65,65.25,1.56,0.73,-0.73,-0.7,-0.55,-0.57,0.09,0.12,-0.69,-0.71,103.36,205122.0,207337.0,165735.0,41602.0,217174.0,17223.0,3564.0,3087.0,88.0,0.88,568.0,247.0,33.0,1179.0,103.0,255.0,210.0,140.63,10500.0,32471.0,10745.0,156.0,80.1,108.7,93.0,107.7,107.7,155191.0,39039.0,12297.0,2050.0,81.7,238059.0,294195.0,219319.0,27036.0,251837.0,18209.0,41462.0,26735.0,13.58,162.44,4.03,1.94,0.4,2.76,1.57,4.57,5.72,12.53,7.59,2.4,5.37,7.33,480211.0,70360.0,27496.0,7547.0,13578.0,38519.0,15560.0,18130.0,13770.0,211304.0,99.8,98.0,96.3,368517.36,
2022-09-01,99.0,98.5,97.7,98.0,98.7,102.0,98.1,98.1,7393.0,12505.0,15693.0,6735.0,112.77,100.38,98.46,99.08,98.91,98.55,109.5,100.86,96.62,98.81,99.7,105.15169,99.79846,101.52981,111.46,72.67,137.32,99.1,98.3,100.0,1700806.0,251681.05,7592650.89,504315.85,130246.99,374068.86,2543898.83,9503539.03,20126113.83,3284.0,3090.0,2126.0,2832.16,4910.0,2551.0,8010.0,315366.0,311008.0,516639.0,8.7,-0.51,0.6,-0.13,1.77,-1.98,0.57,0.95,0.12,-2.08,-0.86,0.07,0.4,-1.21,0.02,-0.79,1.41,-0.2,0.03,0.02,0.26,0.47,0.65,0.7,0.44,0.39,0.21,0.47,0.5,61.54,0.83,0.61,-0.37,-0.95,-1.22,0.02,0.09,0.12,-0.9,-1.27,104.85,192030.0,192120.0,160784.0,31336.0,189007.0,14956.0,3799.0,3148.0,98.0,0.9,583.0,239.0,36.0,1152.0,105.0,279.0,216.0,140.63,12280.0,35605.0,14830.0,172.0,80.1,106.3,91.8,108.5,108.5,143193.0,37207.0,11088.0,2437.0,80.4,230578.0,300967.0,210385.0,26464.0,258543.0,19596.0,41079.0,26416.0,13.65,161.36,4.09,2.0,0.42,2.88,1.56,4.42,5.8,12.74,7.75,2.26,5.46,7.61,480610.0,79320.0,28693.0,7422.0,14329.0,36776.0,15116.0,16888.0,13017.0,210867.0,104.3,100.7,97.2,353566.05,179.58
2022-10-01,107.9,98.7,97.8,99.5,99.8,104.5,99.0,99.8,7482.0,12605.0,15720.0,6720.0,112.97,101.1,95.92,100.4,99.66,98.3,99.56,105.8,97.75,92.71,100.17,103.60466,100.77207,101.539,114.23,74.41,140.78,97.6,97.4,97.9,1710427.6,252499.18,7609936.87,505194.27,129947.45,375246.82,2558618.82,9529249.93,20214954.66,3311.0,3104.0,2156.0,2850.06,4973.0,2593.0,7825.0,318251.0,314130.0,527044.0,8.3,0.72,0.34,0.39,1.22,0.58,1.16,0.57,0.18,-0.48,0.8,0.77,0.67,0.18,0.73,1.05,0.99,0.06,0.81,0.67,0.71,0.72,0.71,0.72,0.41,0.46,0.49,0.74,0.4,67.9,1.19,0.36,0.16,-0.97,-0.62,0.69,0.12,0.45,-1.04,-1.44,106.21,198603.0,195810.0,154680.0,41130.0,187336.0,15582.0,3126.0,3245.0,90.0,0.936,574.0,225.0,34.0,1140.0,106.0,263.0,212.0,140.23,14818.0,40991.0,17563.0,181.0,79.6,107.0,90.4,108.2,108.2,136982.0,31470.0,10580.0,1828.0,80.6,232867.0,308051.0,214362.0,25368.0,268028.0,18331.0,39254.0,27134.0,13.65,159.24,4.25,2.17,0.58,3.14,1.6,5.59,5.91,12.53,7.89,2.22,5.64,7.87,464844.0,60890.0,25538.0,6596.0,12895.0,37067.0,13986.0,24634.0,12670.0,212838.0,101.9,99.7,97.6,348765.61,
2022-11-01,99.3,99.9,98.9,99.8,100.2,103.1,99.3,96.7,7738.0,12950.0,15413.0,6631.0,104.8,101.15,90.01,100.98,97.93,100.01,97.22,92.68,95.83,97.47,99.54,106.0527,99.78246,101.05801,116.79,81.45,140.35,94.0,96.9,91.3,1717571.8,253878.52,7614698.73,505837.65,130154.08,375683.58,2567986.47,9565775.41,20299831.08,3438.0,3118.0,2185.0,2869.8,4972.0,2658.0,8010.0,329544.0,317432.0,531703.0,8.1,0.53,0.51,-0.68,1.1,0.83,0.02,0.21,0.02,-0.14,0.58,0.09,0.13,1.0,0.21,0.49,0.89,-0.54,0.31,0.14,0.11,0.21,0.3,0.27,0.35,0.38,0.34,0.16,0.5,58.62,-0.03,0.5,0.53,-0.56,-0.18,0.57,0.36,0.47,-0.59,-0.94,109.47,197184.0,200974.0,157479.0,43495.0,197706.0,15121.0,2969.0,3095.0,83.0,0.883,575.0,234.0,33.0,1098.0,110.0,254.0,213.0,133.26,16909.0,47293.0,19491.0,195.0,79.9,107.7,90.7,109.9,109.9,158752.0,33177.0,9935.0,2116.0,80.1,224151.0,270744.0,206838.0,24006.0,234359.0,18461.0,36696.0,23909.0,13.65,160.59,4.28,2.21,0.51,3.3,1.66,6.05,5.92,12.65,8.06,2.2,5.74,7.84,457220.0,66353.0,26308.0,6232.0,14360.0,37904.0,13477.0,18587.0,12877.0,205642.0,94.9,95.5,96.3,333101.68,
2022-12-01,97.0,99.9,98.8,99.5,101.9,105.2,101.5,97.6,8080.0,13689.0,14924.0,6544.0,103.28,100.7,90.04,101.08,103.71,101.39,98.67,100.46,96.38,99.02,101.14,103.92324,99.82756,101.10615,122.84,88.79,145.54,94.0,96.1,91.9,1728227.9,255365.38,7623244.64,507449.12,129706.44,377742.68,2577810.82,9594050.99,20340911.59,3711.0,3121.0,2180.0,2871.96,4984.0,2703.0,7933.0,353323.0,317214.0,532488.0,7.9,0.66,0.2,0.64,1.52,0.21,1.6,0.62,0.19,0.5,0.71,1.19,0.44,0.27,0.74,1.19,1.43,0.3,1.08,0.48,0.75,0.74,0.99,1.02,0.49,0.49,0.61,0.76,0.45,68.97,1.76,0.46,0.52,0.45,0.31,0.35,0.09,0.54,0.36,0.47,105.46,209313.0,197504.0,162305.0,35199.0,175095.0,14614.0,1858.0,3074.0,93.0,0.882,657.0,231.0,31.0,1022.0,115.0,270.0,243.0,135.81,18890.0,56936.0,21471.0,224.0,79.4,108.1,91.4,109.3,109.3,164145.0,38002.0,12062.0,2680.0,79.9,217139.0,273770.0,204355.0,21225.0,237978.0,17332.0,36253.0,24184.0,13.65,162.38,4.3,2.18,0.47,3.39,1.71,5.07,6.02,13.55,8.14,2.24,5.63,7.94,498648.0,89746.0,26870.0,7119.0,17441.0,37362.0,14924.0,13761.0,13364.0,208654.0,94.0,95.0,96.2,303020.75,180.35
2023-01-01,103.7,99.0,92.5,99.3,102.3,104.3,101.7,97.3,8066.0,13070.0,14945.0,6469.0,103.4,102.48,98.21,103.66,103.25,101.17,99.64,103.84,95.22,101.88,99.85,110.66392,99.34742,100.47629,125.38,93.48,146.65,91.9,96.7,87.3,1733376.09,256184.09,7625884.01,507704.55,129690.67,378013.87,2589928.2,9627399.4,20396560.63,3726.0,3118.0,2213.0,2879.92,5043.0,2692.0,8233.0,352952.0,316473.0,534437.0,8.4,0.59,0.33,0.7,-0.27,0.55,0.16,0.76,0.36,2.09,0.6,0.18,0.6,0.72,0.46,0.27,0.1,0.67,0.23,0.64,0.43,0.53,0.35,0.32,0.56,0.49,0.66,0.54,0.67,63.13,-0.03,0.58,0.55,0.21,0.06,0.8,0.46,0.63,0.05,0.1,118.72,192680.0,202541.0,158334.0,44207.0,147835.0,4049.0,782.0,3274.0,80.0,0.901,557.0,212.0,32.0,922.0,123.0,215.0,206.0,137.73,1388.0,3372.0,1045.0,41.0,79.3,104.9,91.1,108.8,108.8,103858.0,26580.0,10209.0,2153.0,79.1,227542.0,278372.0,208819.0,27191.0,241266.0,18561.0,38501.0,25676.0,13.65,164.36,4.53,2.38,0.6,3.68,1.85,6.02,6.22,13.4,8.27,2.29,5.78,8.29,433068.0,54622.0,23928.0,4913.0,12309.0,37979.0,14607.0,19672.0,12623.0,197126.0,94.0,94.5,95.1,320284.69,
2023-02-01,106.7,98.6,92.0,99.5,101.6,102.2,101.4,97.4,8188.0,13731.0,14672.0,6436.0,104.0,101.21,99.31,103.16,103.66,102.45,99.04,98.3,92.41,99.71,100.57,124.71265,100.65402,101.17661,128.78,98.68,148.86,92.3,95.4,89.3,1741553.86,256920.29,7648153.49,508868.83,129779.72,379089.12,2601068.35,9649130.42,20470433.79,3629.0,3133.0,2223.0,2895.74,5068.0,2670.0,8166.0,342626.0,314711.0,534976.0,8.6,0.16,0.82,0.11,-0.24,0.37,1.26,0.44,6.28,0.98,0.04,0.53,1.41,0.84,0.84,0.51,-0.04,0.17,0.38,1.18,1.05,1.0,0.61,0.63,0.62,0.48,0.76,1.02,0.71,65.25,0.73,0.55,0.76,-0.06,0.04,0.34,0.05,0.43,0.02,-0.2,119.34,185918.0,181721.0,145581.0,36140.0,152120.0,8123.0,1275.0,3262.0,80.0,0.922,621.0,223.0,34.0,1079.0,110.0,247.0,230.0,133.44,2297.0,5794.0,2217.0,55.0,78.9,104.7,89.7,108.0,108.0,95813.0,23946.0,7842.0,2288.0,79.3,221453.0,279875.0,203423.0,23700.0,243059.0,16753.0,36510.0,22100.0,13.65,162.43,4.59,2.46,0.63,3.89,1.97,6.4,6.25,12.0,8.15,2.23,5.87,8.63,391107.0,49754.0,18629.0,4756.0,13204.0,35538.0,12149.0,15343.0,10824.0,181509.0,95.7,95.0,94.4,294125.56,
2023-03-01,104.9,99.7,97.4,100.1,100.3,103.3,100.4,99.9,8605.0,14366.0,15985.0,6774.0,104.69,102.7,98.21,103.63,106.34,102.94,97.27,103.95,89.32,99.11,105.13,124.99518,99.9826,101.49786,127.42,99.81,145.83,93.2,95.7,90.9,1747907.48,258494.99,7654448.53,509665.1,129999.02,379666.08,2616960.25,9672121.18,20543551.97,3381.0,3128.0,2276.0,2907.36,5029.0,2651.0,8326.0,319778.0,314456.0,538182.0,8.8,0.05,0.57,-0.27,0.31,2.11,0.82,0.38,0.1,0.5,-0.14,0.26,0.25,2.33,0.17,0.15,0.33,-0.16,0.06,0.25,0.26,0.44,0.38,0.36,0.38,0.36,0.44,0.35,0.41,59.95,0.37,0.35,0.69,0.05,-0.34,0.74,0.3,0.39,0.05,-0.12,119.34,217243.0,204873.0,163409.0,41464.0,207552.0,12325.0,1958.0,3115.0,77.0,0.871,577.0,238.0,34.0,1187.0,111.0,257.0,213.0,136.62,6052.0,9300.0,3673.0,65.0,79.0,106.5,91.0,106.8,106.8,146165.0,40409.0,9388.0,2937.0,79.4,216358.0,281186.0,201484.0,20249.0,243339.0,17656.0,38287.0,22313.0,13.65,166.37,4.59,2.54,0.62,4.01,2.03,5.87,6.19,12.4,8.14,2.16,5.77,8.61,479935.0,70127.0,23686.0,6257.0,18981.0,40133.0,15228.0,13930.0,14089.0,207015.0,95.8,94.8,93.9,339087.36,182.77
2023-04-01,104.3,98.9,88.3,100.3,101.6,101.0,101.7,97.6,8540.0,13703.0,15839.0,6807.0,102.54,102.55,96.82,102.27,106.0,103.31,97.12,97.67,87.07,97.67,102.69,125.26753,100.86426,101.94496,125.1,96.97,143.86,93.3,95.9,90.8,1749678.74,260316.82,7661180.3,510987.15,130002.94,380984.21,2631726.66,9693823.24,20618857.51,3353.0,3114.0,2241.0,2889.6,5024.0,2653.0,8187.0,318409.0,314040.0,536697.0,8.5,0.71,0.48,0.17,0.79,0.56,1.49,0.18,0.09,0.08,0.73,0.39,0.52,0.86,0.52,0.68,0.62,0.13,0.26,0.73,0.47,0.66,0.51,0.52,0.45,0.5,0.56,0.69,0.49,66.05,0.48,0.56,0.57,-0.95,-1.01,0.5,0.14,0.43,-0.58,-1.45,122.32,193987.0,196129.0,161619.0,34510.0,169970.0,7255.0,1628.0,3141.0,79.0,0.891,563.0,219.0,29.0,1028.0,107.0,246.0,208.0,139.84,6513.0,14590.0,4471.0,80.0,78.4,103.5,89.4,109.8,109.8,118111.0,33588.0,7289.0,1669.0,80.7,214994.0,281390.0,196296.0,21855.0,244353.0,17274.0,36337.0,20526.0,13.65,161.67,4.84,2.9,2.09,4.3,2.09,7.76,6.35,12.63,8.15,2.19,5.82,8.92,402867.0,46081.0,17931.0,4852.0,15341.0,36281.0,12534.0,13528.0,11326.0,189306.0,96.8,95.6,94.6,314730.31,
2023-05-01,106.5,99.6,89.2,101.0,101.9,106.7,101.5,99.0,7840.0,13079.0,15748.0,6507.0,105.31,102.29,93.9,100.13,99.88,104.7,97.51,98.07,85.94,97.72,101.33,113.10087,101.36623,102.10662,122.22,95.08,140.31,92.7,93.5,92.1,1744353.23,262323.12,7659678.74,511140.4,130264.6,380875.8,2648752.53,9718957.81,20707328.17,3351.0,3103.0,2234.0,2876.95,4981.0,2662.0,8292.0,319753.0,314738.0,534896.0,8.3,0.16,0.67,-0.23,0.47,-0.57,0.93,0.64,0.05,0.21,0.0,0.31,-0.06,0.71,0.07,0.25,0.39,-0.09,0.06,0.07,0.09,0.44,0.45,0.44,0.46,0.49,0.46,0.41,0.39,55.97,0.53,0.38,0.51,-1.84,-2.33,0.08,0.59,0.2,-1.53,-2.72,123.42,211530.0,174414.0,135193.0,39221.0,217575.0,8392.0,1947.0,3201.0,85.0,0.908,619.0,236.0,31.0,1145.0,108.0,246.0,229.0,139.59,7286.0,18225.0,5219.0,93.0,79.0,104.5,90.2,109.1,109.1,127460.0,38862.0,7888.0,2237.0,80.0,221233.0,285141.0,200573.0,21565.0,248843.0,17561.0,35806.0,19966.0,13.65,166.4,5.01,3.1,2.42,4.77,2.27,7.71,6.47,13.11,8.11,2.25,5.99,8.94,462767.0,57819.0,20447.0,5818.0,16471.0,41474.0,14774.0,15148.0,13675.0,207247.0,95.6,94.3,93.1,343342.15,
2023-06-01,108.4,98.8,88.1,100.5,101.1,98.2,101.6,98.7,7601.0,12839.0,15641.0,6586.0,104.48,103.64,95.47,101.74,113.6,104.42,97.34,94.42,87.05,97.49,102.73,109.15824,101.64353,102.49527,125.27,101.06,141.41,94.9,97.1,92.8,1741684.1,263782.49,7660451.33,511293.94,130442.23,380851.71,2660072.15,9730519.43,20774429.6,3358.0,3102.0,2219.0,2869.78,4991.0,2669.0,8543.0,321975.0,317628.0,536970.0,8.0,-0.66,0.69,-0.42,0.35,-0.41,0.11,0.36,0.06,-0.14,-1.07,-0.57,0.62,0.06,-0.12,-0.83,0.21,-1.24,-0.74,0.35,0.14,0.32,0.39,0.44,0.06,0.11,0.13,0.27,0.21,49.6,0.14,0.67,0.04,-1.93,-1.45,-0.1,0.71,-0.03,-2.2,-2.73,126.34,190437.0,194360.0,159117.0,35244.0,180204.0,7029.0,1949.0,3367.0,78.0,0.958,588.0,252.0,33.0,1144.0,109.0,248.0,218.0,131.1,9003.0,24528.0,6980.0,107.0,78.4,105.6,90.3,109.6,109.6,141995.0,37670.0,7711.0,2115.0,80.0,229104.0,285234.0,207353.0,23220.0,250219.0,18309.0,33733.0,18556.0,13.65,166.87,4.99,3.15,2.85,4.9,2.3,7.41,6.42,12.96,8.08,2.32,5.82,8.73,472450.0,70391.0,25592.0,5511.0,17859.0,38958.0,13956.0,13273.0,13587.0,203709.0,95.3,94.1,93.0,334732.32,184.19
2023-07-01,106.6,98.2,85.7,99.6,101.9,97.9,102.7,98.6,7299.0,12583.0,15710.0,6431.0,105.36,104.03,92.69,100.99,109.41,105.22,93.25,108.14,91.44,98.03,101.98,109.89551,101.23534,102.58366,124.46,104.01,138.08,95.1,96.2,94.3,1746590.66,264409.92,7663208.76,512459.28,130737.15,381722.13,2672252.75,9744786.8,20837689.4,3386.0,3113.0,2237.0,2882.1,5048.0,2674.0,8608.0,325611.0,320332.0,546476.0,7.9,-0.46,-1.01,0.04,-0.24,1.5,0.26,0.38,0.13,0.0,-0.72,0.12,0.25,0.46,0.01,-0.47,-0.13,0.34,-0.09,0.08,0.2,0.01,0.08,0.09,0.19,0.22,0.21,0.23,0.18,46.15,-0.05,0.2,-0.07,-0.72,-0.4,0.07,0.1,-0.14,-1.1,-1.05,126.35,178496.0,226275.0,195625.0,30650.0,174364.0,6749.0,1903.0,3513.0,81.0,0.969,561.0,240.0,31.0,1160.0,116.0,237.0,208.0,132.9,10861.0,28861.0,10357.0,120.0,78.3,101.5,89.5,108.8,108.8,176717.0,38969.0,8099.0,1783.0,80.5,224607.0,294001.0,202236.0,24921.0,253269.0,22452.0,42762.0,34481.0,13.65,166.68,5.03,3.34,3.75,5.05,2.34,8.24,6.31,13.21,7.89,2.28,5.77,8.6,432813.0,47449.0,22267.0,5758.0,14741.0,37557.0,13740.0,13720.0,14194.0,203307.0,96.0,94.9,94.0,343829.29,
2023-08-01,101.2,99.5,87.6,99.0,104.0,102.2,104.4,97.4,7679.0,12999.0,16134.0,6629.0,106.48,104.96,93.67,100.01,110.29,104.79,91.84,104.64,90.15,98.15,102.86,108.88176,99.77268,102.93649,131.02,109.76,145.2,95.0,95.9,94.2,1750737.14,265386.16,7664573.45,513709.58,131128.26,382581.32,2685852.78,9767367.08,20905442.42,3420.0,3140.0,2256.0,2908.35,5043.0,2671.0,8560.0,329500.0,322263.0,556358.0,7.8,-0.85,1.11,-0.04,0.54,0.34,0.58,0.38,0.69,-0.09,-1.26,0.32,0.08,1.26,-0.12,-0.8,0.41,0.41,0.01,-0.22,0.18,0.45,0.18,0.25,0.37,0.33,0.29,0.29,0.34,53.05,0.39,0.14,0.28,-0.14,0.05,-0.22,0.17,-0.2,-0.13,-0.17,129.74,190340.0,189100.0,157627.0,31473.0,215283.0,9623.0,2048.0,3462.0,79.0,0.93,577.0,247.0,31.0,1261.0,116.0,286.0,213.0,134.06,12754.0,35666.0,14376.0,129.0,78.7,104.5,89.7,109.9,109.9,153466.0,43398.0,8944.0,1870.0,80.3,227392.0,300417.0,203167.0,24180.0,254032.0,22180.0,44620.0,36717.0,13.19,169.26,5.04,3.5,4.26,5.17,2.34,7.47,6.2,12.29,7.55,2.26,5.72,8.51,464139.0,56061.0,24102.0,6784.0,18213.0,39118.0,15752.0,17495.0,15560.0,209929.0,97.7,95.9,94.4,368362.64,
2023-09-01,109.0,98.4,86.4,99.9,102.4,102.2,102.2,95.9,8012.0,13685.0,15984.0,6807.0,103.31,106.57,96.01,102.07,113.18,105.2,93.06,106.94,88.87,95.5,103.16,105.82731,101.16838,102.52365,132.64,112.69,145.94,94.6,96.5,93.0,1756943.93,266067.54,7673767.58,513972.41,131320.88,382651.53,2693110.19,9788028.4,20959884.7,3412.0,3159.0,2272.0,2926.46,5090.0,2730.0,8625.0,329991.0,326043.0,556335.0,7.7,-0.71,0.47,-0.58,0.38,1.4,0.04,0.45,0.05,-0.11,-1.02,-0.2,0.5,1.11,-0.04,-0.83,0.15,-0.22,-0.33,0.18,0.22,0.29,0.07,0.12,0.25,0.3,0.22,0.28,0.22,42.71,-0.16,0.33,0.35,0.37,0.45,0.27,0.34,0.29,0.18,0.41,129.91,196984.0,191174.0,163232.0,27942.0,198804.0,8220.0,1865.0,3672.0,86.0,0.994,566.0,230.0,33.0,1208.0,113.0,319.0,209.0,130.21,16587.0,40444.0,18204.0,145.0,78.3,103.4,89.3,109.5,109.5,145668.0,41751.0,8424.0,1822.0,81.3,238503.0,304123.0,219632.0,22324.0,259413.0,18707.0,43189.0,29712.0,12.97,168.48,4.96,3.52,3.97,5.4,2.31,7.2,6.07,11.93,7.29,2.3,5.64,8.39,474207.0,71948.0,23434.0,6283.0,19048.0,37524.0,14908.0,18477.0,14161.0,202972.0,97.7,96.6,95.7,344942.23,184.43
2023-10-01,109.3,98.8,84.8,100.3,101.9,97.5,102.5,96.3,8426.0,14420.0,16243.0,6994.0,102.34,105.74,94.06,101.39,105.75,106.09,94.44,98.15,89.41,97.14,102.06,108.2433,101.86069,102.56641,132.75,117.14,143.16,94.0,97.2,90.9,1765354.06,267242.65,7697090.39,516202.29,131505.45,384696.84,2713523.52,9816974.15,21063388.37,3424.0,3178.0,2277.0,2942.22,5051.0,2733.0,8841.0,332280.0,328340.0,555584.0,7.6,0.31,0.02,0.46,0.45,0.35,0.32,0.27,0.05,-0.19,0.27,0.02,0.59,-0.03,0.34,0.13,0.29,-0.04,0.25,0.41,0.36,0.34,0.13,0.15,0.17,0.31,0.22,0.43,0.27,52.52,0.1,0.19,0.21,0.5,0.51,0.45,0.2,0.3,0.52,0.6,134.64,186041.0,197023.0,167556.0,29467.0,187182.0,10478.0,2098.0,3543.0,69.0,0.959,550.0,228.0,32.0,1169.0,112.0,329.0,204.0,127.12,18054.0,51606.0,22553.0,159.0,78.9,102.7,88.8,108.9,108.9,163148.0,43541.0,9130.0,1927.0,80.7,235522.0,304592.0,212314.0,21356.0,261136.0,22823.0,42921.0,30411.0,12.65,169.99,5.03,3.67,4.77,5.36,2.33,7.49,6.05,12.8,7.11,2.36,5.64,8.25,471513.0,52640.0,22468.0,6552.0,19008.0,40256.0,15215.0,18601.0,15535.0,213688.0,97.5,95.7,94.0,358241.87,
2023-11-01,112.9,99.4,84.0,102.4,102.5,94.8,103.5,96.6,8639.0,14941.0,16060.0,7036.0,101.81,105.72,94.88,107.37,116.65,107.26,93.54,106.4,90.91,98.75,103.99,110.7589,101.75648,103.53272,129.74,116.04,138.87,94.5,96.7,92.6,1768665.85,268142.37,7715168.28,517526.26,131905.96,385620.3,2727327.74,9838621.06,21147898.97,3526.0,3205.0,2337.0,2976.7,5106.0,2767.0,8798.0,344089.0,332312.0,559592.0,7.5,0.63,0.48,-0.42,-0.35,0.27,0.08,0.58,0.02,-0.5,0.75,-0.54,0.7,0.16,0.31,0.27,-0.33,-0.56,-0.14,0.65,0.2,0.3,-0.11,-0.1,0.18,0.37,0.2,0.3,0.23,51.72,-0.58,0.27,0.33,0.59,0.5,0.27,0.07,0.43,0.52,0.71,130.77,187297.0,188668.0,163066.0,25601.0,190758.0,10030.0,1887.0,3678.0,82.0,1.02,562.0,228.0,37.0,1156.0,116.0,342.0,208.0,137.58,19363.0,57074.0,25286.0,173.0,78.4,103.7,89.5,111.8,111.8,160679.0,40953.0,9011.0,1943.0,81.2,241279.0,309695.0,222748.0,23422.0,267446.0,19240.0,42428.0,29331.0,12.17,171.95,4.99,3.75,4.83,5.3,2.36,6.93,5.91,15.6,6.83,2.39,5.69,7.63,494072.0,59798.0,24374.0,6112.0,20123.0,40211.0,15511.0,17638.0,16305.0,229476.0,98.0,96.2,94.5,349143.8,
2023-12-01,116.4,100.2,87.7,104.3,104.5,109.2,103.5,101.4,9019.0,15319.0,15681.0,7216.0,104.47,107.06,93.7,100.35,115.72,108.28,90.94,103.12,86.45,100.21,103.76,109.45382,104.50372,104.6037,133.46,121.39,141.5,93.3,97.8,89.0,1763614.62,269349.4,7735378.96,516738.0,132133.59,384604.41,2744732.09,9873536.71,21214567.11,3860.0,3196.0,2352.0,2974.13,5144.0,2744.0,8563.0,375270.0,332761.0,575669.0,7.4,1.11,0.34,0.76,0.7,0.48,0.35,0.48,0.24,0.04,1.34,0.28,0.6,0.31,0.65,0.91,0.68,0.21,0.59,0.69,0.47,0.48,0.42,0.47,0.37,0.47,0.43,0.5,0.42,65.25,0.41,0.51,0.4,0.74,0.64,0.29,0.31,0.38,0.62,0.97,130.75,198991.0,211443.0,183242.0,28201.0,162058.0,8262.0,1258.0,3585.0,82.0,0.985,610.0,223.0,36.0,1084.0,119.0,382.0,226.0,137.03,21622.0,64961.0,27557.0,224.0,79.2,106.2,91.2,111.6,111.6,187724.0,48837.0,10060.0,1877.0,81.5,244488.0,310894.0,228731.0,26045.0,268954.0,18787.0,42503.0,28108.0,11.87,173.05,4.68,3.31,2.95,5.12,2.35,7.28,5.73,13.63,6.75,2.36,5.51,7.49,536395.0,84751.0,30036.0,6577.0,18031.0,37763.0,14376.0,14972.0,17492.0,224895.0,97.8,95.7,93.8,315495.33,185.14
2024-01-01,110.2,100.3,91.8,102.5,102.5,102.0,102.6,100.0,8983.0,15446.0,15558.0,6991.0,103.26,108.49,97.52,102.34,111.97,107.37,87.71,102.86,92.5,99.86,104.88,113.85157,102.56645,104.88506,133.25,122.91,140.14,95.3,96.4,94.3,1765624.83,270261.3,7764296.54,517870.55,132075.96,385794.58,2761924.85,9914440.56,21305703.99,3895.0,3198.0,2397.0,2988.42,5237.0,2785.0,8691.0,377326.0,335237.0,578867.0,7.6,1.38,0.25,0.22,0.14,-0.65,0.83,0.82,0.33,-0.08,1.81,0.36,0.02,0.19,0.5,1.41,0.33,0.21,0.66,0.37,0.16,0.21,0.58,0.6,0.37,0.51,0.45,0.25,0.4,65.25,0.39,0.76,0.31,0.07,-0.27,0.61,0.27,0.46,0.42,-0.09,131.35,192544.0,192524.0,166109.0,26415.0,143027.0,7941.0,1596.0,3519.0,82.0,0.968,550.0,222.0,34.0,1034.0,125.0,361.0,203.0,138.25,739.0,5375.0,1736.0,29.0,78.8,105.2,91.2,112.2,112.2,118490.0,33555.0,7991.0,1546.0,81.4,245454.0,321415.0,226432.0,25808.0,280588.0,19738.0,41827.0,26761.0,11.65,172.42,4.8,3.57,3.93,5.05,2.47,7.55,5.7,12.88,6.63,2.35,5.44,7.34,487782.0,47882.0,22338.0,4925.0,16376.0,40933.0,18200.0,20928.0,17591.0,225010.0,97.0,95.8,94.8,337210.74,
2024-02-01,107.0,100.7,91.6,101.8,104.4,110.3,103.5,100.5,8927.0,15208.0,15572.0,6669.0,100.55,107.12,97.61,102.09,116.3,109.62,93.39,105.7,96.86,99.47,105.28,110.5326,102.2559,105.24595,138.22,125.55,146.66,93.9,96.5,91.4,1758301.81,270943.47,7794295.13,518528.18,132197.34,386330.84,2780276.33,9951411.23,21398549.79,3780.0,3200.0,2417.0,2997.05,5325.0,2790.0,8641.0,366043.0,335504.0,579790.0,7.8,0.95,0.27,-0.07,-0.44,0.72,0.65,0.05,4.98,1.56,1.12,0.21,1.06,0.88,0.81,0.95,-0.26,0.22,0.41,1.1,0.72,0.61,0.29,0.27,0.48,0.42,0.53,0.64,0.52,57.03,0.05,0.44,0.78,-0.52,-0.41,0.55,0.13,0.46,-0.65,-0.9,129.35,212988.0,207018.0,174841.0,32177.0,177254.0,10162.0,2268.0,3448.0,81.0,0.935,517.0,226.0,33.0,1100.0,119.0,376.0,191.0,144.28,1663.0,8326.0,3238.0,41.0,79.1,108.7,93.0,111.8,111.8,120297.0,34959.0,8195.0,1725.0,81.2,244800.0,320172.0,226840.0,22391.0,275495.0,16730.0,44913.0,27926.0,11.15,173.74,4.77,3.56,4.43,5.11,2.49,7.54,5.66,12.13,6.49,2.32,5.32,7.4,459216.0,54350.0,18440.0,5589.0,17629.0,38843.0,16949.0,19049.0,15741.0,208586.0,99.0,97.0,95.1,326735.06,
2024-03-01,107.0,101.3,95.2,102.1,104.1,107.7,103.5,100.2,9142.0,15610.0,16274.0,6932.0,100.51,105.57,96.43,103.63,118.87,110.6,90.61,96.02,94.96,98.74,104.32,108.51179,102.3047,105.75752,132.52,119.61,141.13,95.2,96.3,94.3,1762928.71,271752.49,7816776.44,520151.14,132453.05,387698.08,2790001.68,9988370.21,21493536.44,3531.0,3212.0,2408.0,3002.46,5270.0,2814.0,8561.0,344162.0,335087.0,576787.0,7.9,0.53,0.19,-0.04,0.03,-0.33,0.43,0.33,0.14,-0.13,0.59,-0.12,0.1,0.25,0.14,0.41,0.0,-0.32,0.06,0.18,0.01,0.11,0.26,0.22,0.15,0.24,0.16,0.08,0.15,55.7,-0.08,0.45,0.36,-0.47,-0.3,0.1,0.28,0.26,-0.17,-0.77,129.32,207696.0,195205.0,166433.0,28772.0,181901.0,11224.0,2626.0,3356.0,74.0,0.906,537.0,216.0,35.0,1095.0,115.0,384.0,199.0,138.61,3976.0,14443.0,4837.0,53.0,78.8,107.2,91.9,116.4,116.4,137867.0,38086.0,9685.0,2046.0,81.6,254106.0,321323.0,234109.0,26325.0,277215.0,21628.0,44132.0,26176.0,11.0,169.85,4.67,3.45,3.59,4.98,2.51,5.84,5.58,12.04,6.44,2.3,5.19,7.28,509080.0,71877.0,27529.0,6089.0,21332.0,38609.0,16536.0,18080.0,16949.0,216524.0,98.4,96.3,94.4,341973.0,186.4
2024-04-01,102.2,101.7,97.5,100.7,104.8,110.7,104.1,104.6,9063.0,14947.0,16377.0,7013.0,103.76,109.15,94.5,105.04,118.99,111.72,90.45,107.48,94.52,102.01,104.78,110.35535,102.04757,105.62295,129.59,117.02,137.98,94.7,95.9,93.6,1766906.24,272971.88,7835003.6,521533.28,133150.66,388382.62,2802835.46,10017025.87,21596776.05,3536.0,3242.0,2389.0,3018.67,5288.0,2816.0,8441.0,346550.0,338787.0,579763.0,7.5,0.7,-0.01,-0.26,0.55,0.14,1.16,0.1,0.05,0.48,0.81,0.21,0.05,0.74,0.26,0.73,0.35,-0.14,0.25,0.27,0.11,0.23,0.3,0.27,0.27,0.3,0.31,0.24,0.34,57.03,0.18,0.33,0.21,0.31,0.72,0.42,0.52,0.33,-0.33,0.29,132.9,215406.0,209187.0,185116.0,24070.0,207651.0,11656.0,2808.0,3194.0,77.0,0.86,558.0,241.0,31.0,1180.0,117.0,383.0,206.0,137.8,5489.0,19501.0,6277.0,101.0,79.7,109.2,94.3,111.6,111.6,164304.0,43732.0,10537.0,2184.0,82.2,249429.0,314942.0,222438.0,25348.0,272118.0,21653.0,42642.0,25389.0,10.65,175.95,4.75,3.54,3.74,5.05,2.59,6.54,5.63,11.51,6.48,2.26,5.11,7.46,510751.0,56635.0,25007.0,6739.0,18999.0,42033.0,18552.0,19323.0,18941.0,223114.0,97.1,95.7,94.6,352862.0,
2024-05-01,105.9,99.6,94.8,99.6,103.1,97.8,104.5,99.4,8851.0,14842.0,16536.0,6884.0,100.99,111.87,95.68,103.62,113.52,111.15,88.64,99.55,98.34,98.15,106.18,114.12948,102.93516,105.61253,126.46,115.88,133.52,94.1,97.2,91.1,1765382.46,273996.74,7846599.92,523131.64,133733.13,389398.51,2812143.6,10032247.72,21672325.1,3553.0,3228.0,2358.0,2999.07,5291.0,2859.0,8652.0,349824.0,342702.0,586065.0,7.1,0.62,0.67,-0.53,0.5,0.44,0.69,0.22,0.09,0.14,0.66,0.29,0.4,0.55,0.42,0.65,0.31,0.01,0.26,0.54,0.36,0.42,0.37,0.36,0.39,0.4,0.36,0.38,0.45,57.29,0.29,0.41,0.44,0.89,0.87,0.53,0.86,0.09,1.08,1.06,134.63,153283.0,177092.0,151390.0,25702.0,152829.0,11172.0,2731.0,3318.0,79.0,0.916,540.0,237.0,28.0,1147.0,113.0,376.0,200.0,129.23,7612.0,23677.0,7782.0,139.0,78.9,104.7,92.1,110.2,110.2,143991.0,39170.0,9356.0,1683.0,81.7,246040.0,329174.0,221327.0,23143.0,285309.0,21291.0,43536.0,20699.0,10.46,166.56,4.8,3.54,3.11,5.21,2.77,6.91,5.72,12.13,6.53,2.34,5.15,7.56,514431.0,63515.0,21264.0,6192.0,17473.0,40559.0,19029.0,17976.0,18245.0,231812.0,97.7,96.4,95.3,353015.0,
2024-06-01,109.2,104.5,99.4,103.2,110.7,114.8,109.6,104.3,8354.0,13970.0,16332.0,6984.0,101.76,107.47,94.68,109.77,129.08,114.28,88.14,104.66,94.76,105.31,106.69,114.89685,104.07427,106.38313,127.05,116.52,134.07,94.5,95.5,93.8,1766471.24,275227.28,7867101.42,525020.7,134364.48,390656.22,2825662.4,10056389.67,21754859.86,3530.0,3224.0,2392.0,3003.79,5320.0,2859.0,8862.0,348214.0,346577.0,583202.0,6.9,0.44,0.25,0.19,0.02,-0.19,0.54,0.29,0.06,-0.08,0.47,0.13,0.04,0.33,0.16,0.47,-0.07,0.0,0.11,0.2,0.08,0.15,0.26,0.26,0.23,0.28,0.2,0.14,0.3,52.25,0.13,0.36,0.39,0.81,0.5,0.22,0.71,0.26,0.83,0.89,131.52,218474.0,212845.0,185610.0,27235.0,196160.0,12236.0,2639.0,3412.0,81.0,0.945,538.0,240.0,27.0,1188.0,116.0,350.0,199.0,144.54,11047.0,28257.0,9809.0,186.0,79.2,111.8,94.1,115.0,115.0,163799.0,38664.0,9662.0,2152.0,82.3,271386.0,329776.0,246943.0,23766.0,289232.0,22854.0,38750.0,21435.0,10.4,179.31,4.64,3.36,2.59,5.11,2.77,6.42,5.59,12.37,6.48,2.26,4.87,7.47,531711.0,87702.0,24872.0,6452.0,17961.0,38458.0,17003.0,18031.0,18059.0,220361.0,97.5,96.3,95.4,341991.0,189.52
2024-07-01,106.2,103.0,96.2,102.2,107.5,119.7,105.8,104.9,7880.0,13431.0,16789.0,6823.0,100.31,109.89,99.14,106.94,124.48,112.64,87.28,104.5,98.75,104.71,107.21,116.76355,104.35772,106.72313,127.78,117.86,134.39,94.6,96.3,93.2,1764884.32,275856.11,7893414.1,526774.83,134620.69,392154.14,2832426.52,10082211.19,21842319.05,3560.0,3219.0,2391.0,2999.16,5255.0,2857.0,8793.0,352832.0,345173.0,582630.0,6.8,-1.0,0.77,0.48,-0.02,1.82,0.22,0.52,0.08,0.18,-1.51,0.33,0.75,1.08,0.14,-0.84,-0.06,0.39,0.16,0.13,0.59,0.52,0.42,0.41,0.38,0.39,0.4,0.45,0.36,46.95,0.11,0.63,0.3,0.61,0.83,0.54,0.72,0.06,0.45,0.68,134.14,229449.0,220083.0,181686.0,38397.0,232616.0,11909.0,2196.0,3232.0,76.0,0.952,558.0,258.0,28.0,1232.0,123.0,356.0,206.0,151.57,12527.0,35283.0,12192.0,230.0,79.4,112.7,94.8,110.9,110.9,178045.0,49247.0,11081.0,2960.0,83.0,273441.0,333921.0,256713.0,24606.0,295537.0,17561.0,41712.0,23047.0,10.4,176.92,4.62,3.2,0.61,5.21,2.77,6.51,5.65,12.11,6.59,2.32,4.96,7.38,555152.0,67700.0,23661.0,6900.0,19063.0,42413.0,20201.0,20273.0,20700.0,239906.0,99.1,97.2,95.4,342263.0,
2024-08-01,107.0,102.4,95.2,102.2,106.8,116.8,105.4,104.4,8045.0,13745.0,17333.0,7020.0,100.92,110.22,98.81,106.69,121.95,113.54,85.82,103.5,92.94,104.82,105.76,115.11822,104.19257,106.94616,127.27,117.85,133.54,95.3,96.9,93.9,1767342.17,277374.3,7922786.16,526162.15,133944.55,392217.6,2834441.0,10112098.34,21918083.76,3560.0,3244.0,2442.0,3027.92,5217.0,2861.0,8893.0,354668.0,348608.0,582838.0,6.6,-0.44,-0.51,0.74,0.39,0.0,0.25,0.25,0.73,0.1,-0.73,0.18,0.24,-0.12,0.02,-0.54,0.28,0.36,0.39,-0.25,0.22,0.07,0.25,0.24,0.24,0.3,0.19,0.22,0.29,55.97,0.19,0.28,0.19,0.29,0.12,-0.16,0.7,0.18,0.72,0.29,131.9,225090.0,220702.0,185427.0,35275.0,244356.0,13101.0,2156.0,3343.0,76.0,1.005,564.0,253.0,32.0,1241.0,119.0,361.0,209.0,146.05,15289.0,42673.0,17360.0,258.0,79.0,113.2,95.0,112.3,112.3,170985.0,52199.0,11304.0,2885.0,83.0,281176.0,333981.0,259865.0,27812.0,291459.0,21719.0,42937.0,26229.0,10.4,176.91,4.63,3.22,0.62,5.32,2.82,6.09,5.65,11.8,6.5,2.3,4.89,7.51,541960.0,70572.0,26703.0,7363.0,19758.0,41665.0,20170.0,20523.0,19594.0,228510.0,98.6,97.6,96.6,376204.0,
2024-09-01,106.6,103.8,99.4,103.4,107.5,115.4,106.3,105.4,8281.0,14209.0,16919.0,7005.0,103.05,110.87,99.2,104.76,124.87,115.72,86.17,102.71,95.55,106.05,107.1,118.25303,104.8529,107.6788,123.23,116.67,127.61,94.7,95.9,93.7,1764312.91,278453.23,7946092.62,529150.29,134310.45,394839.84,2838819.05,10139194.31,22007125.85,3565.0,3260.0,2422.0,3034.42,5199.0,2864.0,8705.0,357285.0,349298.0,588734.0,6.4,0.5,1.8,-0.19,0.18,0.14,0.46,-0.31,0.05,-0.05,0.56,0.16,0.15,1.01,0.24,0.52,0.02,0.03,0.58,-0.01,0.16,0.43,0.16,0.1,0.21,0.33,0.25,0.16,0.28,56.5,0.21,0.01,0.13,0.62,1.03,0.63,0.58,0.18,0.18,0.7,133.29,222334.0,230941.0,190213.0,40728.0,214602.0,13210.0,2177.0,3472.0,74.0,1.07,559.0,230.0,34.0,1215.0,121.0,368.0,207.0,145.64,17375.0,48034.0,21330.0,286.0,79.5,111.0,94.1,112.7,112.7,171640.0,51083.0,11150.0,2450.0,83.1,273852.0,335645.0,253692.0,29054.0,291087.0,20784.0,43830.0,26217.0,10.5,177.48,4.63,3.19,0.58,5.23,2.77,5.79,5.69,13.25,6.49,2.37,4.84,7.51,562186.0,86559.0,32424.0,7236.0,20461.0,42682.0,19946.0,19268.0,19439.0,230302.0,97.6,97.2,96.8,353766.0,191.23
2024-10-01,105.8,104.4,96.8,104.6,106.4,115.8,104.8,105.1,8820.0,15079.0,16917.0,7189.0,103.37,110.95,100.87,109.38,124.49,113.57,86.28,101.94,95.46,106.03,107.94,121.4961,104.63099,107.69001,120.97,113.4,126.03,95.5,96.3,94.9,1766585.35,278741.03,7974107.27,529641.45,134498.6,395142.85,2846313.28,10168004.46,22071465.9,3571.0,3267.0,2453.0,3047.15,5201.0,2884.0,8763.0,359017.0,353254.0,593742.0,6.2,1.06,1.49,0.43,0.37,-0.38,0.38,0.7,0.04,0.52,1.22,0.25,0.35,0.71,0.5,0.85,0.34,0.33,0.77,0.31,0.31,0.49,0.59,0.58,0.39,0.45,0.54,0.25,0.33,61.54,0.34,0.76,0.54,1.52,1.54,0.3,0.68,0.8,1.34,1.94,134.16,226945.0,235013.0,191810.0,43203.0,231908.0,14792.0,2414.0,3271.0,71.0,1.0,582.0,242.0,30.0,1272.0,123.0,382.0,215.0,148.55,19899.0,56864.0,25541.0,299.0,78.8,113.3,95.1,112.4,112.4,195191.0,54695.0,11902.0,3139.0,82.5,282485.0,333454.0,254900.0,26615.0,291067.0,29097.0,42000.0,24623.0,10.65,179.38,4.56,3.14,0.63,5.24,2.7,6.08,5.59,11.69,6.41,2.4,4.77,7.3,567716.0,76860.0,29463.0,7317.0,19877.0,44404.0,22033.0,18882.0,21342.0,242461.0,98.4,97.3,96.2,391160.0,
2024-11-01,107.8,103.2,97.3,104.3,104.6,117.1,102.3,105.9,8793.0,14801.0,16876.0,6910.0,104.7,110.56,102.44,106.69,121.15,112.83,84.33,102.07,94.19,104.17,105.63,122.07856,104.91418,107.3992,123.93,115.75,129.37,94.8,97.1,92.7,1770678.69,279613.77,8001633.23,529588.56,134804.15,394784.41,2850840.25,10200681.09,22134944.2,3694.0,3287.0,2478.0,3069.42,5241.0,2875.0,8751.0,371021.0,355963.0,595922.0,6.1,1.55,-1.53,-0.31,-0.12,0.89,-0.06,1.43,-0.04,-0.1,1.81,0.18,0.83,-0.87,0.83,1.5,-0.15,-0.12,1.06,0.67,0.58,0.18,0.34,0.29,0.19,0.35,0.44,0.53,0.29,57.82,-0.14,0.6,0.62,1.3,1.18,-0.13,0.4,1.17,1.45,1.74,135.27,227580.0,236684.0,193441.0,43244.0,223040.0,13170.0,2444.0,3313.0,70.0,0.992,572.0,235.0,30.0,1176.0,127.0,383.0,212.0,140.27,21528.0,66059.0,29605.0,307.0,79.3,114.0,95.0,112.9,112.9,193718.0,47460.0,10003.0,2311.0,81.9,285676.0,335656.0,259989.0,28803.0,292556.0,26234.0,42548.0,24760.0,11.04,175.57,4.47,3.09,0.59,5.19,2.63,5.95,5.47,11.31,6.37,2.36,4.68,7.03,556507.0,81002.0,30692.0,6432.0,19473.0,43440.0,19420.0,16510.0,19511.0,245280.0,96.7,96.1,95.6,365395.0,
2024-12-01,108.5,102.6,95.1,105.0,102.7,115.0,100.6,103.2,8953.0,15230.0,16290.0,6910.0,102.36,110.2,101.18,109.45,118.92,111.13,87.34,98.13,95.89,100.83,105.16,120.97834,104.99602,106.74558,125.62,123.71,126.89,94.1,97.1,91.3,1772674.76,280427.66,8022362.82,529778.35,135330.09,394448.26,2861160.45,10225431.05,22131191.47,3983.0,3289.0,2495.0,3077.95,5294.0,2886.0,8845.0,396705.0,357029.0,592310.0,6.2,1.18,-0.56,0.65,1.14,0.67,0.38,0.62,0.11,0.37,1.17,0.65,0.66,-0.17,0.77,0.98,0.96,0.51,1.2,0.45,0.66,0.42,0.71,0.68,0.46,0.45,0.56,0.57,0.54,68.97,0.69,0.67,0.34,0.94,0.87,0.31,0.5,0.34,1.14,1.21,135.54,220655.0,211304.0,178137.0,33167.0,179524.0,10679.0,1694.0,3421.0,67.0,1.013,609.0,229.0,22.0,1026.0,129.0,403.0,225.0,141.33,25748.0,72543.0,35065.0,328.0,78.7,111.7,94.3,110.6,110.6,189822.0,53902.0,11076.0,2594.0,81.5,283210.0,344058.0,259738.0,29798.0,299981.0,25731.0,44023.0,25007.0,11.77,170.66,4.28,2.77,0.52,4.4,2.66,5.69,5.4,12.65,6.46,2.3,4.34,6.84,627758.0,103982.0,37184.0,6892.0,20438.0,44704.0,20521.0,13908.0,20045.0,257873.0,96.8,96.0,95.4,313487.0,191.41
2025-01-01,105.3,103.3,97.6,103.2,105.2,117.5,103.4,105.2,8982.0,15695.0,16121.0,6799.0,103.81,110.26,99.1,107.76,123.37,113.78,88.48,104.18,96.5,104.39,106.84,127.22481,105.30394,107.55005,123.51,122.31,124.3,91.8,94.8,88.9,1785880.91,281417.13,8051914.46,530848.41,135756.12,395092.29,2866988.0,10251924.59,22199964.2,4025.0,3299.0,2519.0,3095.5,5389.0,2929.0,8640.0,399557.0,355766.0,596008.0,6.5,0.96,-3.08,-0.09,-0.14,1.3,0.7,0.51,0.26,-0.17,1.07,0.45,0.78,-1.52,0.74,0.99,0.11,0.36,0.66,0.8,0.65,0.02,0.77,0.67,0.59,0.62,0.53,0.66,0.58,64.99,0.41,0.86,0.11,0.27,0.11,0.02,0.83,0.24,0.53,0.24,148.51,223289.0,217440.0,173799.0,43641.0,171558.0,8041.0,1806.0,3449.0,68.0,1.011,569.0,224.0,22.0,1091.0,132.0,372.0,210.0,140.24,1418.0,4309.0,3104.0,10.0,78.7,115.2,95.1,110.9,110.9,123344.0,36518.0,9131.0,2191.0,81.9,283329.0,344301.0,258948.0,22687.0,300784.0,24362.0,44591.0,24151.0,12.24,176.82,4.66,3.12,0.65,4.83,2.92,6.0,5.74,13.06,7.09,2.43,4.53,7.14,540802.0,70922.0,19914.0,4964.0,18220.0,44477.0,22880.0,19117.0,17915.0,243766.0,94.9,95.1,95.5,335067.0,
2025-02-01,108.2,102.5,97.4,104.0,103.6,113.8,102.4,106.0,9294.0,16037.0,15974.0,6946.0,103.78,110.86,99.7,109.43,119.34,114.11,73.13,100.7,97.7,105.02,106.1,132.82857,104.54726,107.91961,120.48,118.22,121.98,91.6,94.9,88.4,1790301.93,282311.49,8071663.7,533890.07,136334.89,397555.18,2874202.25,10277466.63,22289476.07,3929.0,3303.0,2501.0,3098.39,5427.0,2975.0,8602.0,389814.0,356021.0,598175.0,6.8,0.7,4.44,0.44,0.0,0.61,0.49,0.13,4.7,0.17,0.79,0.4,0.82,3.16,0.68,0.73,0.03,0.47,0.52,0.8,0.66,1.34,0.64,0.48,0.55,0.43,0.77,0.61,0.66,60.74,0.18,0.69,1.23,1.06,1.0,1.18,0.4,0.51,0.87,1.17,149.6,221614.0,221479.0,174713.0,46766.0,208186.0,11970.0,2485.0,3488.0,69.0,0.999,560.0,236.0,25.0,1187.0,126.0,385.0,207.0,143.87,3044.0,11267.0,4919.0,55.0,78.8,116.6,97.0,110.6,110.6,134769.0,39071.0,8716.0,2375.0,81.3,291915.0,350530.0,261735.0,28525.0,306861.0,30701.0,43638.0,26533.0,13.15,176.79,4.75,3.26,0.69,5.06,3.11,6.11,5.81,13.02,7.37,2.37,4.65,7.43,530004.0,70945.0,25339.0,6181.0,20849.0,44062.0,20026.0,18371.0,17175.0,237021.0,95.3,94.7,94.3,322676.0,
2025-03-01,111.8,104.0,96.0,104.5,107.6,117.1,105.8,102.9,9438.0,16498.0,16828.0,7301.0,103.39,111.22,100.89,109.35,121.13,115.27,92.0,98.99,97.9,104.81,108.11,132.49064,107.56758,108.06209,115.21,111.61,117.61,92.9,95.5,90.3,1798774.3,282901.63,8088156.28,534696.73,136558.14,398138.59,2887248.58,10302692.9,22352230.19,3647.0,3319.0,2508.0,3112.58,5432.0,2966.0,8709.0,364640.0,356816.0,599165.0,7.0,1.17,0.24,0.13,0.59,0.46,0.43,0.7,0.1,0.24,1.31,0.38,0.62,0.18,0.7,1.08,0.4,0.21,0.45,0.88,0.53,0.51,0.7,0.56,0.42,0.47,0.51,0.44,0.48,64.72,0.43,0.65,0.64,-0.34,-0.5,0.44,0.39,0.62,0.04,-0.73,151.97,222109.0,223630.0,182212.0,41418.0,180174.0,11720.0,2881.0,3621.0,74.0,1.041,548.0,222.0,18.0,1156.0,126.0,361.0,203.0,144.04,4705.0,13876.0,6499.0,89.0,78.4,114.0,94.8,108.0,108.0,141551.0,42507.0,9201.0,2230.0,81.7,286954.0,364828.0,262256.0,29582.0,321368.0,25679.0,42500.0,25527.0,13.57,177.14,4.79,3.2,0.63,4.78,3.25,5.6,5.91,12.6,7.32,2.36,4.94,7.79,561467.0,87435.0,29096.0,6308.0,23540.0,44868.0,20057.0,18906.0,16783.0,248325.0,96.0,94.9,93.9,346551.0,193.84
2025-04-01,112.0,102.6,96.7,104.5,105.0,118.9,102.6,102.9,9077.0,14859.0,16715.0,7181.0,102.47,110.65,101.56,109.16,118.65,116.05,95.7,101.99,99.23,105.4,106.37,131.09978,105.99175,108.6038,111.01,103.94,115.73,90.5,94.0,87.2,1802740.6,283338.8,8107420.62,536363.6,137277.97,399085.62,2898935.35,10343584.95,22443719.91,3632.0,3295.0,2503.0,3091.91,5375.0,2959.0,8744.0,365277.0,358381.0,602979.0,6.6,0.82,0.14,0.53,1.02,-0.38,1.18,0.54,0.05,0.69,0.83,0.62,0.2,0.35,0.46,0.8,0.85,0.39,0.57,0.39,0.37,0.48,0.73,0.67,0.41,0.49,0.51,0.46,0.48,66.84,0.75,0.61,0.43,0.24,0.3,0.52,0.52,0.45,-0.22,0.13,148.03,235175.0,228981.0,180613.0,48368.0,218920.0,11020.0,2874.0,3632.0,78.0,1.057,584.0,237.0,18.0,1148.0,124.0,383.0,216.0,134.66,7242.0,19354.0,8249.0,101.0,78.2,112.8,94.3,113.0,113.0,152257.0,44872.0,8951.0,2546.0,82.9,311686.0,363083.0,268736.0,26414.0,316452.0,37941.0,45445.0,27220.0,14.15,178.1,5.09,3.48,0.75,5.15,3.49,6.25,6.21,12.94,7.67,2.4,5.12,8.24,573647.0,72906.0,23052.0,5959.0,20840.0,44907.0,20788.0,21145.0,17796.0,249364.0,94.9,93.8,92.8,340025.0,
2025-05-01,114.7,102.1,94.9,104.8,103.5,113.1,102.3,102.7,8549.0,14614.0,17009.0,6843.0,101.0,111.26,100.3,110.32,115.79,117.1,88.63,106.79,97.96,103.12,106.49,126.54305,105.48687,108.62707,111.73,103.62,117.14,91.8,94.2,89.5,1801583.18,284084.07,8121668.15,539427.96,137605.98,401821.98,2906460.42,10374182.1,22518853.94,3655.0,3283.0,2560.0,3097.56,5360.0,2982.0,8826.0,369220.0,362126.0,606723.0,6.2,0.17,1.19,-0.27,0.41,-0.37,0.54,0.35,0.05,0.07,0.02,0.06,0.18,0.7,0.11,0.08,0.25,-0.17,0.19,0.05,0.14,0.43,0.41,0.34,0.29,0.38,0.32,0.22,0.35,59.68,0.22,0.42,0.36,-0.49,-0.85,0.34,0.58,0.27,-0.01,-0.82,153.41,204898.0,229587.0,178831.0,50756.0,204831.0,12327.0,2920.0,3679.0,77.0,1.084,564.0,245.0,18.0,1188.0,122.0,361.0,209.0,135.68,8597.0,23707.0,10885.0,129.0,78.3,112.9,95.0,108.9,108.9,167545.0,46818.0,8887.0,2415.0,83.5,300447.0,351232.0,268810.0,27398.0,308949.0,28786.0,41724.0,26889.0,14.55,177.31,5.18,3.48,0.66,4.97,3.69,6.39,6.38,13.68,7.91,2.41,5.42,8.47,579655.0,89208.0,24903.0,6011.0,22356.0,46022.0,21364.0,14417.0,18849.0,251900.0,94.9,93.5,92.3,360612.0,
2025-06-01,113.2,102.2,95.6,104.8,102.9,114.3,101.1,100.9,8108.0,13789.0,16628.0,6790.0,101.26,110.39,101.24,109.82,111.46,116.62,86.35,103.56,97.92,100.97,102.9,125.74264,105.29176,108.55942,112.89,107.86,116.24,90.8,93.1,88.6,1802447.72,284851.15,8131105.74,539609.71,137948.18,401661.53,2910057.61,10399168.9,22582193.41,3664.0,3295.0,2580.0,3110.82,5431.0,3011.0,8830.0,370504.0,367147.0,613328.0,5.8,-0.18,0.99,0.08,0.75,0.27,0.07,0.23,0.0,0.11,-0.43,0.04,0.4,0.6,0.11,-0.45,0.51,0.15,-0.07,0.25,0.26,0.42,0.26,0.27,0.26,0.38,0.26,0.29,0.27,53.58,0.03,0.43,0.26,-1.67,-1.8,0.16,0.69,-0.08,-0.97,-2.53,159.29,219126.0,226898.0,179186.0,47712.0,195858.0,11293.0,2776.0,3758.0,71.0,1.142,567.0,248.0,17.0,1183.0,125.0,347.0,210.0,143.87,12219.0,28297.0,13923.0,148.0,78.3,111.0,94.5,110.5,110.5,159122.0,43035.0,8374.0,2359.0,83.6,280804.0,360752.0,252091.0,30940.0,317524.0,27203.0,41866.0,26350.0,14.74,178.0,5.27,3.51,0.65,5.05,3.72,6.16,6.5,13.96,8.25,2.47,5.43,8.51,573132.0,67499.0,32993.0,6550.0,23831.0,45205.0,21169.0,14271.0,18499.0,252022.0,95.8,93.8,92.0,338545.0,194.5
2025-07-01,114.2,102.0,95.0,105.0,102.9,114.7,101.2,100.1,7850.0,13893.0,16788.0,6654.0,103.28,110.09,98.46,111.37,114.33,117.39,88.26,100.94,98.24,101.71,104.97,125.09128,104.31481,108.40989,108.94,102.72,113.08,89.6,92.2,87.1,1803414.01,286061.47,8135349.63,538791.94,138276.82,400515.13,2917339.56,10420444.04,22639878.14,3671.0,3295.0,2599.0,3116.71,5451.0,3002.0,8867.0,371079.0,367380.0,613011.0,5.6,-0.27,0.91,0.09,-0.54,0.35,0.45,0.76,0.02,-0.09,-0.69,-0.04,0.59,0.67,0.12,-0.33,-0.5,-0.14,-0.14,0.31,0.34,0.5,0.28,0.31,0.13,0.27,0.25,0.41,0.18,49.6,0.07,0.49,0.33,-0.77,-0.07,0.37,0.91,0.28,-1.65,-1.29,159.48,218550.0,228477.0,180985.0,47493.0,224849.0,12058.0,2894.0,3959.0,73.0,1.201,580.0,260.0,17.0,1293.0,131.0,347.0,215.0,136.6,17383.0,35181.0,16974.0,164.0,77.9,111.2,94.5,110.0,110.0,181765.0,48231.0,10448.0,2754.0,82.2,288599.0,351141.0,260294.0,27127.0,315395.0,27445.0,39438.0,24527.0,14.9,180.59,5.51,3.71,0.81,5.13,3.8,6.8,6.73,15.09,8.66,2.57,5.58,8.73,577582.0,64244.0,25481.0,6727.0,20898.0,46353.0,23002.0,17777.0,20586.0,260471.0,93.2,92.8,92.4,378900.0,
2025-08-01,113.9,102.6,93.8,105.8,104.1,115.3,102.3,101.1,7967.0,13983.0,17122.0,6818.0,102.82,110.65,99.38,111.49,116.83,118.36,87.08,106.33,96.63,101.97,105.78,122.59096,105.23126,108.73857,111.88,108.09,114.4,87.5,91.5,83.6,1802972.25,286551.56,8134969.58,539290.83,138781.8,400509.03,2924043.98,10434202.07,22683615.66,3680.0,3311.0,2565.0,3119.52,5431.0,2993.0,8913.0,372062.0,367242.0,612232.0,5.6,-0.46,-0.9,-0.09,0.72,-0.27,0.54,0.4,0.75,-0.09,-0.83,0.18,0.39,-0.61,0.07,-0.44,0.56,-0.25,-0.02,0.14,0.31,0.07,0.35,0.4,0.18,0.3,0.19,0.34,0.3,56.76,0.5,0.34,-0.14,0.36,0.2,-0.44,0.52,0.04,0.16,0.43,159.03,219981.0,230806.0,181291.0,49515.0,235215.0,10096.0,2607.0,3896.0,96.0,1.188,573.0,244.0,16.0,1226.0,126.0,344.0,212.0,139.02,21299.0,41936.0,21398.0,171.0,78.1,107.3,94.0,109.8,109.8,172262.0,42210.0,8805.0,2053.0,82.4,284739.0,361838.0,257461.0,26717.0,324959.0,26627.0,39688.0,23599.0,14.9,179.15,5.69,3.78,0.86,5.2,3.94,7.08,6.97,14.97,9.13,2.61,5.68,8.96,561243.0,63459.0,24746.0,6123.0,22738.0,44908.0,21591.0,18342.0,19472.0,258347.0,91.7,91.8,92.1,371188.0,
2025-09-01,112.4,102.6,93.9,105.5,104.0,113.8,102.5,102.5,8233.0,14384.0,16724.0,6986.0,101.68,110.32,98.29,111.37,115.93,119.69,86.17,105.61,97.45,102.1,106.16,125.74128,104.67099,108.73269,110.2,105.77,113.16,89.1,93.7,84.6,1804645.47,287318.55,8138557.77,542530.59,139484.98,403045.61,2933985.81,10453914.33,22748070.94,3678.0,3326.0,2578.0,3134.51,5390.0,3015.0,8992.0,372530.0,368535.0,611865.0,5.6,-0.26,2.97,-0.4,0.63,0.01,0.17,0.51,0.07,-0.17,-0.41,0.06,0.13,1.87,0.0,-0.27,0.41,-0.14,0.08,-0.07,0.1,0.59,0.08,0.06,0.15,0.23,0.19,0.11,0.36,52.25,0.1,0.03,0.48,0.42,0.36,0.65,0.17,0.65,0.21,0.49,163.21,226239.0,235272.0,184645.0,50627.0,230499.0,10107.0,2787.0,3915.0,95.0,1.199,604.0,246.0,18.0,1310.0,128.0,367.0,223.0,141.79,27147.0,49619.0,24942.0,195.0,77.7,106.7,94.1,109.5,109.5,178537.0,52812.0,9592.0,2317.0,82.3,294833.0,362958.0,262468.0,30399.0,324776.0,31702.0,39258.0,25375.0,14.9,182.29,5.59,3.65,0.72,4.83,3.93,8.28,6.89,14.44,8.78,2.57,5.71,9.09,611116.0,84666.0,35540.0,6958.0,22414.0,48217.0,24386.0,20472.0,21648.0,258346.0,92.7,92.4,92.2,366885.0,194.69
2025-10-01,116.4,102.2,94.7,104.8,105.4,117.2,103.6,101.2,8627.0,14996.0,17079.0,7148.0,103.38,110.48,98.52,112.61,119.51,120.43,86.78,110.3,97.49,102.7,107.22,127.4794,104.31434,108.81835,113.63,109.46,116.42,88.8,92.7,85.0,1802974.84,288263.7,8134376.3,544337.33,140222.28,404115.05,2940093.21,10467048.75,22828334.08,3713.0,3356.0,2593.0,3159.35,5382.0,3010.0,9084.0,377824.0,370782.0,615957.0,5.4,0.01,-0.3,-0.34,0.51,0.11,0.41,0.45,0.06,-0.16,-0.16,0.03,0.41,-0.16,0.17,0.01,0.32,-0.42,-0.02,0.31,0.26,0.08,0.21,0.25,0.2,0.29,0.18,0.26,0.29,52.25,0.13,0.33,0.18,-0.36,-0.03,0.14,0.3,0.27,0.08,-0.59,162.48,224942.0,227022.0,188077.0,38945.0,235476.0,10160.0,2134.0,4030.0,97.0,1.225,614.0,244.0,19.0,1305.0,130.0,374.0,227.0,144.91,32589.0,58446.0,28749.0,245.0,78.0,104.5,94.6,108.9,108.9,192739.0,55123.0,10462.0,2419.0,81.9,292765.0,368936.0,266666.0,31698.0,328145.0,28551.0,41080.0,24130.0,14.9,183.12,5.61,3.72,0.81,5.05,4.03,7.62,6.86,15.79,8.92,2.61,5.77,8.66,610784.0,64940.0,34910.0,7443.0,23746.0,48785.0,25495.0,21018.0,22968.0,275298.0,91.6,91.7,91.8,391433.0,
2025-11-01,113.8,102.4,94.5,104.1,105.9,114.1,104.1,102.1,8758.0,14983.0,16835.0,7155.0,104.09,111.61,97.93,114.98,119.81,122.93,87.8,114.35,98.91,103.4,107.84,127.55855,104.83565,109.35107,118.65,114.0,121.75,90.0,93.2,87.0,1808193.16,289180.0,8136887.94,548165.15,141252.28,406912.87,2951009.42,10482354.06,22900316.01,3857.0,3359.0,2619.0,3168.62,5446.0,3109.0,9116.0,392312.0,376534.0,621441.0,5.2,-0.01,0.52,-1.0,0.49,0.22,-0.04,0.77,0.01,-0.2,-0.2,-0.29,0.6,0.21,0.16,-0.31,0.26,-0.43,-0.12,0.37,0.26,0.28,0.08,0.09,0.19,0.3,0.19,0.24,0.31,55.7,-0.21,0.3,0.2,0.27,0.01,0.28,0.27,0.2,0.18,0.27,164.4,218266.0,230200.0,192077.0,38123.0,208131.0,9601.0,1326.0,3773.0,94.0,1.148,589.0,229.0,17.0,1180.0,132.0,354.0,218.0,142.05,37388.0,71607.0,31664.0,621.0,77.5,105.1,93.9,110.6,110.6,182029.0,45124.0,8792.0,2642.0,79.9,282444.0,369551.0,254750.0,30207.0,325985.0,29059.0,42654.0,25993.0,14.9,181.73,5.61,3.57,0.8,4.75,3.83,7.59,6.94,15.82,8.91,2.62,5.74,9.04,583897.0,64619.0,32084.0,5908.0,22554.0,46154.0,19821.0,18322.0,20868.0,280655.0,92.4,92.4,92.5,361201.0,
2025-12-01,114.9,99.9,86.5,102.1,104.2,108.3,103.3,95.9,9147.0,15917.0,16002.0,7107.0,104.36,111.18,97.81,114.24,116.96,117.49,86.05,123.62,97.08,99.25,106.8,130.56544,104.79472,109.34731,124.46,121.63,126.35,90.3,94.6,86.1,1811258.0,289917.0,8138930.0,549984.0,141633.0,408351.0,2950350.0,10481020.0,22889184.0,4165.0,3371.0,2662.0,3189.45,5519.0,3148.0,9203.0,422280.0,379788.0,624620.0,5.1,0.27,-0.33,0.64,0.45,0.74,0.52,0.36,0.08,0.37,0.14,0.48,0.72,-0.22,0.52,0.31,0.3,0.46,0.53,0.52,0.63,0.34,0.5,0.55,0.38,0.4,0.4,0.53,0.32,60.48,0.53,0.56,0.25,-0.01,0.1,0.28,0.21,0.32,0.04,-0.12,167.67,211308.0,211193.0,191196.0,19997.0,178050.0,5723.0,701.0,4015.0,100.0,1.222,687.0,238.0,18.0,1101.0,137.0,398.0,254.0,140.3,48480.0,83864.0,36679.0,673.0,77.2,105.2,92.7,111.4,111.4,210714.0,56380.0,9765.0,2549.0,80.0,320459.0,377400.0,293035.0,45210.0,334089.0,31795.0,43368.0,26955.0,14.9,175.73,5.63,3.48,0.67,4.61,3.96,7.42,7.06,17.33,9.16,2.81,5.84,8.91,716461.0,111400.0,57826.0,7182.0,26709.0,48968.0,21753.0,18221.0,24329.0,299715.0,91.6,91.2,91.0,314015.0,195.19
2026-01-01,116.7,102.3,89.0,104.6,106.2,115.7,104.7,99.7,9353.0,16990.0,15846.0,6968.0,103.21,111.59,99.9,114.13,120.4,119.91,85.02,111.07,97.8,102.73,107.77,128.49332,105.61898,110.18761,127.39,125.58,128.59,90.9,91.7,90.3,1812354.34,290607.12,8148239.33,551316.89,142536.47,408780.43,2965239.92,10496228.47,22948902.54,4193.0,3390.0,2681.0,3209.62,5620.0,3158.0,9283.0,422982.0,381631.0,625566.0,5.4,0.23,-0.11,0.2,-0.25,0.6,0.7,0.41,0.02,0.82,0.1,0.61,0.1,0.53,0.25,0.4,-0.08,0.72,0.41,0.14,0.29,0.22,0.49,0.55,0.44,0.45,0.46,0.4,0.49,63.93,0.51,0.57,0.2,0.41,0.2,0.59,0.72,0.21,0.29,0.34,168.56,209910.0,219410.0,182478.0,36932.0,154975.0,6811.0,1820.0,3953.0,96.0,1.215,580.0,217.0,17.0,1055.0,142.0,335.0,215.0,136.94,2792.0,4672.0,2590.0,127.0,77.5,106.8,93.2,112.0,112.0,125127.0,37347.0,6373.0,1683.0,81.3,327464.0,383243.0,295097.0,45791.0,339821.0,33412.0,43209.0,27059.0,14.9,179.46,5.84,3.76,0.83,4.79,4.26,8.25,7.17,16.22,9.49,2.75,5.86,9.21,593515.0,62828.0,38862.0,4429.0,22795.0,47075.0,23003.0,21326.0,20991.0,273643.0,94.6,94.0,93.4,343774.0,
2026-02-01,118.0,103.4,91.4,105.9,107.0,116.9,105.4,99.8,9159.0,15796.0,15759.0,6661.0,104.95,112.85,99.37,113.43,122.02,120.42,86.16,108.0,97.46,103.42,108.88,130.74105,106.59404,110.67455,127.39,120.98,131.66,90.2,92.4,88.1,1810038.71,291243.56,8151538.17,552615.66,142655.64,409960.02,2975857.24,10513455.43,23025338.1,4112.0,3390.0,2727.0,3222.2,5671.0,3099.0,9461.0,414035.0,380730.0,629282.0,5.8,0.26,0.3,0.13,0.16,0.74,0.59,0.33,5.21,0.15,0.23,0.34,1.51,0.17,0.89,0.36,0.11,0.25,0.15,1.42,1.06,0.87,0.52,0.52,0.47,0.45,0.58,0.93,0.49,61.27,0.35,0.64,0.84,-0.73,-0.84,-0.14,0.28,0.25,-0.42,-1.18,172.36,231094.0,238064.0,202820.0,35244.0,196445.0,7797.0,2703.0,4061.0,99.0,1.243,617.0,233.0,16.0,1196.0,139.0,341.0,228.0,134.71,4751.0,10404.0,5784.0,134.0,77.1,110.7,94.0,111.6,111.6,140537.0,36245.0,6611.0,1742.0,81.6,322394.0,383896.0,292585.0,48741.0,338124.0,29329.0,44800.0,25802.0,14.9,180.59,6.09,4.0,0.91,4.88,4.88,8.41,7.42,16.09,10.11,2.94,6.15,9.39,555604.0,65496.0,38815.0,4825.0,19591.0,44516.0,20184.0,20968.0,19389.0,250365.0,92.1,91.5,91.0,323400.0,
2026-03-01,118.4,103.7,92.0,106.5,107.6,119.3,105.8,101.2,9402.0,16070.0,16632.0,6834.0,110.17,111.51,99.59,112.34,121.2,120.47,87.46,113.19,101.63,105.25,108.78,130.39562,106.57879,110.1373,125.87,121.42,128.84,88.4,92.5,84.4,1800449.22,292752.49,8156108.43,554537.92,143275.6,411262.33,2988469.15,10542527.27,23115848.34,3825.0,3398.0,2733.0,3229.62,5671.0,3133.0,9521.0,386447.0,382141.0,638205.0,6.1,1.56,0.22,0.51,0.46,1.64,0.42,0.65,0.02,0.19,1.94,0.31,0.53,1.22,0.75,1.48,0.2,0.21,0.42,1.0,0.45,0.41,0.4,0.39,0.41,0.41,0.46,0.42,0.46,67.37,0.26,0.49,0.44,0.52,1.14,0.67,0.54,0.59,-0.24,0.61,171.06,257172.0,254586.0,217015.0,37571.0,249370.0,11131.0,3074.0,4247.0,110.0,1.284,618.0,246.0,16.0,1279.0,135.0,365.0,229.0,139.04,7822.0,19108.0,9111.0,194.0,77.5,115.0,94.7,107.8,107.8,206361.0,51848.0,8766.0,2475.0,82.4,317731.0,388818.0,286937.0,41399.0,342673.0,30107.0,45711.0,26205.0,14.8,184.42,5.96,3.92,0.8,5.08,4.97,7.42,7.25,16.12,9.73,2.94,6.27,9.07,667750.0,88421.0,47815.0,5880.0,30145.0,50445.0,22388.0,26090.0,23906.0,284163.0,94.0,93.6,93.4,362499.0,197.34
2026-04-01,122.2,104.0,91.8,108.3,106.8,115.6,105.5,99.3,9584.0,16153.0,16949.0,6949.0,103.66,113.62,99.63,111.27,120.54,120.34,90.94,108.27,96.56,102.49,108.04,130.53333,107.0088,110.50177,121.06,119.08,122.39,87.8,92.1,83.7,1793485.48,292729.09,8154400.08,554768.58,143923.63,410844.95,2990200.02,10530118.71,23146698.55,3782.0,3386.0,2692.0,3210.72,5598.0,3129.0,9436.0,383461.0,381555.0,638148.0,5.8,1.34,0.63,0.65,0.52,0.06,1.16,0.35,0.06,0.57,1.64,0.62,0.04,1.0,0.55,1.44,0.37,0.45,0.62,0.5,0.26,0.32,0.56,0.63,0.53,0.48,0.51,0.3,0.59,65.25,0.78,0.52,0.89,2.73,2.41,0.88,1.0,0.4,2.94,3.49,174.93,241473.0,253257.0,209610.0,43647.0,225782.0,9672.0,3044.0,4340.0,103.0,1.3,603.0,235.0,15.0,1185.0,125.0,386.0,223.0,136.16,,,,,77.1,115.6,93.5,113.2,113.2,187297.0,49939.0,8661.0,2436.0,83.2,334288.0,388037.0,300758.0,51431.0,341804.0,30166.0,44491.0,22134.0,14.64,181.73,6.08,4.01,0.93,5.3,5.04,8.03,7.37,15.55,10.09,3.02,6.41,9.21,628390.0,69518.0,44585.0,5484.0,25926.0,47848.0,20828.0,22973.0,22215.0,278978.0,93.7,92.6,91.7,358787.0,
2026-05-01,119.0,104.1,91.6,107.8,106.2,119.7,104.2,100.5,8983.0,15223.0,16887.0,6928.0,104.77,111.4,102.7,114.23,122.72,122.0,104.77,106.39,96.3,104.68,107.78,129.24498,107.4421,110.56725,120.55,112.44,125.96,88.7,91.7,85.8,1788145.07,292647.63,8156667.33,556017.0,144672.53,411344.47,2995949.15,10537527.39,23198610.16,3770.0,3383.0,2643.0,3194.44,5498.0,3112.0,9237.0,383506.0,379542.0,635897.0,5.6,1.33,1.22,0.08,0.62,-0.46,0.9,0.41,0.0,0.23,1.65,0.32,0.4,0.44,0.64,1.33,0.51,-0.08,0.43,0.79,0.37,0.56,0.54,0.58,0.34,0.43,0.38,0.41,0.48,64.99,0.84,0.4,0.62,0.84,0.87,0.6,0.88,0.45,0.89,0.91,173.76,245637.0,251208.0,216985.0,34223.0,240056.0,10488.0,2975.0,,,,,,,,,,,138.66,,,,,77.5,115.8,93.5,109.6,109.6,214300.0,49743.0,8200.0,2074.0,82.8,333614.0,389892.0,299188.0,59437.0,342195.0,32001.0,46660.0,24617.0,14.4,183.02,6.23,4.11,0.94,5.53,5.2,8.07,7.56,15.93,10.47,3.1,6.64,9.42,626380.0,73062.0,51287.0,5367.0,24440.0,46609.0,20197.0,19897.0,21458.0,279364.0,92.9,92.6,92.3,359799.0,
2026-06-01,,,,,,,,,,,,,,,,,,,,,,,,,,,124.07,117.58,128.41,90.8,92.6,89.1,1784812.17,292588.0,8160271.89,557337.67,145072.97,412264.7,3004300.34,10550401.59,23261626.9,,3386.0,2608.0,3186.78,5493.0,3109.0,9148.0,,380309.0,,5.4,-0.24,0.63,0.23,0.17,0.17,0.23,0.25,-0.02,0.19,-0.39,0.11,0.33,0.29,0.11,-0.27,0.18,0.15,-0.21,0.34,0.25,0.27,0.11,0.22,0.14,0.24,0.15,0.25,0.18,53.58,0.22,0.22,0.41,-0.5,-0.79,0.36,0.78,0.18,-0.3,-0.97,179.0,246184.0,244064.0,208947.0,35117.0,232765.0,10894.0,2356.0,,,,,,,,,,,,,,,,,,,,,,,,,83.0,338212.0,389175.0,303572.0,49777.0,342643.0,31492.0,45428.0,23713.0,14.29,182.01,6.22,4.0,0.84,5.42,5.16,7.78,7.63,16.14,10.56,3.23,6.75,9.59,668369.0,97081.0,55473.0,5325.0,27373.0,47794.0,21115.0,19726.0,22216.0,278748.0,92.9,91.7,90.6,356538.0,
2026-07-01,,,,,,,,,,,,,,,,,,,,,,,,,,,121.6,113.99,126.67,,,,,,,,,,,,,,,,,,,,,,,,,,,,,,,,,,,,,,,,,,,,,,,,,,,,,,,0.06,-1.16,,,,,-1.13,-1.74,,,,,,,,,,,,,,,,,,,,,,,,,,,,,,,,,,,,,,,,,,14.15,,,,,,,,,,,,,,,,,,,,,,,,93.0,92.5,92.1,,
2026-08-01,,,,,,,,,,,,,,,,,,,,,,,,,,,,,,,,,,,,,,,,,,,,,,,,,,,,,,,,,,,,,,,,,,,,,,,,,,,,,,,,,,,,,,,,,,,,,,,,,,,,,,,,,,,,,,,,,,,,,,,,,,,,,,,,,,,,,,,,,,,,,,,,,,,,,,,,,,,,,,,,,
